file,steps,zero_frac_norm,exact_zero_frac_norm,mean_norm,median_norm,p95_norm,mean_abs_norm,zero_frac_x,exact_zero_frac_x,mean_abs_x,std_x,min_x,max_x,zero_frac_y,exact_zero_frac_y,mean_abs_y,std_y,min_y,max_y,zero_frac_z,exact_zero_frac_z,mean_abs_z,std_z,min_z,max_z,zero_frac_w,exact_zero_frac_w,mean_abs_w,std_w,min_w,max_w,zero_frac_g,exact_zero_frac_g,mean_abs_g,std_g,min_g,max_g
/root/repo/cdpr_synth_10hz/libero_spatial_no_noops/tfrecords_human_control_fixed/libero_spatial_no_noops-train-HUMAN_CONTROL_desk__ketchup-plate_wrapper__localpatched_teleop_2025-12-14_17-55-20.tfrecord,939,0.10436634717784878,0.0010649627263045794,0.0022244586143642664,0.001754237338900566,0.006491426425054668,0.0005555176758207381,0.5292864749733759,0.002129925452609159,0.0007660029223188758,0.001556595554575324,-0.007058396935462952,0.0047293901443481445,0.6773162939297125,0.002129925452609159,0.0005461887922137976,0.0012388176983222365,-0.004782415926456451,0.0053217411041259766,0.15228966986155484,0.01703940362087327,0.0013695494271814823,0.0021126156207174063,-0.02660077065229416,0.006733834743499756,1.0,1.0,0.0,0.0,0.0,0.0,0.9968051118210862,0.9968051118210862,9.584664076101035e-05,0.00169630185700953,-0.029999999329447746,0.029999999329447746
/root/repo/cdpr_synth_10hz/libero_spatial_no_noops/tfrecords_human_control_fixed/libero_spatial_no_noops-train-HUMAN_CONTROL_desk__ketchup-plate_wrapper__localpatched_teleop_2025-12-14_17-57-23.tfrecord,983,0.20854526958290945,0.001017293997965412,0.0018830235349014401,0.0010632345220074058,0.00674234232865274,0.0004831297555938363,0.5890132248219736,0.002034587995930824,0.0005906092119403183,0.001427399693056941,-0.007397577166557312,0.003392629325389862,0.5788402848423194,0.002034587995930824,0.0003568878455553204,0.00081870355643332,-0.004168480634689331,0.001855805516242981,0.1943031536113937,0.029501525940996948,0.0013765956973657012,0.0022076198365539312,-0.02660077065229416,0.007307112216949463,1.0,1.0,0.0,0.0,0.0,0.0,0.9969481180061037,0.9969481180061037,9.155645238934085e-05,0.0016578775830566883,-0.029999999329447746,0.029999999329447746
/root/repo/cdpr_synth_10hz/libero_spatial_no_noops/tfrecords_human_control_fixed/libero_spatial_no_noops-train-HUMAN_CONTROL_desk__ketchup-plate_wrapper__localpatched_teleop_2025-12-14_17-59-08.tfrecord,756,0.10317460317460317,0.0013227513227513227,0.0021938777063041925,0.0014729100512340665,0.006921531283296645,0.0005677728913724422,0.49867724867724866,0.0026455026455026454,0.0006392751238308847,0.001193347736261785,-0.005658671259880066,0.00246642529964447,0.4523809523809524,0.0026455026455026454,0.0006059156148694456,0.0012003716547042131,-0.0006445050239562988,0.0061132460832595825,0.167989417989418,0.021164021164021163,0.0014349439879879355,0.0023182183504104614,-0.02660077065229416,0.007198631763458252,1.0,1.0,0.0,0.0,0.0,0.0,0.9947089947089947,0.9947089947089947,0.00015873015217948705,0.0021836236119270325,-0.029999999329447746,0.029999999329447746
/root/repo/cdpr_synth_10hz/libero_spatial_no_noops/tfrecords_human_control_fixed/libero_spatial_no_noops-train-HUMAN_CONTROL_desk__ketchup-plate_wrapper__localpatched_teleop_2025-12-14_18-00-08.tfrecord,1079,0.31047265987025024,0.0009267840593141798,0.001838515279814601,0.0009377739042975008,0.006662802444770932,0.0004413425922393799,0.6552363299351252,0.0018535681186283596,0.00040144810918718576,0.0010203102137893438,-0.005692783743143082,0.00359383225440979,0.6682113067655236,0.0018535681186283596,0.00046893287799321115,0.0013214884093031287,-0.0021383222192525864,0.007560528814792633,0.2928637627432808,0.014828544949026877,0.0011695110006257892,0.002130782464519143,-0.02660077065229416,0.0075463056564331055,1.0,1.0,0.0,0.0,0.0,0.0,0.9944392956441149,0.9944392956441149,0.00016682111890986562,0.0022381411399692297,-0.029999999329447746,0.029999999329447746
/root/repo/cdpr_synth_10hz/libero_spatial_no_noops/tfrecords_human_control_fixed/libero_spatial_no_noops-train-HUMAN_CONTROL_desk__ketchup-plate_wrapper__localpatched_teleop_2025-12-14_18-01-38.tfrecord,1087,0.2934682612695492,0.0009199632014719411,0.004993882495909929,0.0007855244912207127,0.008353159576654437,0.0010502574732527137,0.7608095676172953,0.0027598896044158236,0.00040189074934460223,0.001124426955357194,-0.004457429051399231,0.005901560187339783,0.7580496780128795,0.0018399264029438822,0.0002560770371928811,0.0006596429157070816,-0.0012303730472922325,0.0034105200320482254,0.39650413983440663,0.017479300827966882,0.0008978363475762308,0.0017997516551986337,-0.02660077065229416,0.007085561752319336,0.9586016559337627,0.9586016559337627,0.0036126866471022367,0.017763599753379822,-0.08726668357849121,0.08726668357849121,0.9972401103955841,0.9972401103955841,8.279668691102415e-05,0.001576526672579348,-0.029999999329447746,0.029999999329447746
/root/repo/cdpr_synth_10hz/libero_spatial_no_noops/tfrecords_human_control_fixed/libero_spatial_no_noops-train-HUMAN_CONTROL_desk__ketchup-plate_wrapper__localpatched_teleop_2026-01-09_15-15-14.tfrecord,1189,0.20100925147182505,0.0008410428931875525,0.003465888323262334,0.0009571427362971008,0.006857525091618293,0.0007792587857693434,0.6568544995794785,0.001682085786375105,0.0004772682150360197,0.001248923595994711,-0.006156593095511198,0.006199412047863007,0.4213624894869638,0.001682085786375105,0.0007616173243150115,0.0016039257170632482,-0.007479846477508545,0.005806624889373779,0.3347350714886459,0.004205214465937763,0.000893633347004652,0.001722883083857596,-0.02660077065229416,0.006516635417938232,0.9806560134566863,0.9806560134566863,0.0016880815383046865,0.01206216774880886,-0.08726668357849121,0.08726668357849121,0.9974768713204374,0.9974768713204374,7.569386070827022e-05,0.001507344888523221,-0.029999999329447746,0.029999999329447746
/root/repo/cdpr_synth_10hz/libero_spatial_no_noops/tfrecords_human_control_fixed/libero_spatial_no_noops-train-HUMAN_CONTROL_desk__ketchup-plate_wrapper__localpatched_teleop_2026-01-09_15-16-23.tfrecord,1046,0.18164435946462715,0.0009560229445506692,0.005058775655925274,0.0013820996973663568,0.007027900428511202,0.0011540943523868918,0.6166347992351816,0.0019120458891013384,0.0005721322959288955,0.001292416942305863,-0.005675472319126129,0.004820931702852249,0.5181644359464627,0.0019120458891013384,0.00089055928401649,0.001746853464283049,-0.006120465695858002,0.005959963425993919,0.17304015296367112,0.015296367112810707,0.0011348755797371268,0.0017650561640039086,-0.02660077065229416,0.00498548150062561,0.9646271510516252,0.9646271510516252,0.0030868633184581995,0.016420291736721992,-0.08726668357849121,0.08726668357849121,0.997131931166348,0.997131931166348,8.604206232121214e-05,0.0016071455320343375,-0.029999999329447746,0.029999999329447746
/root/repo/cdpr_synth_10hz/libero_spatial_no_noops/tfrecords_human_control_fixed/libero_spatial_no_noops-train-HUMAN_CONTROL_desk__ketchup-plate_wrapper__localpatched_teleop_2026-01-09_15-17-34.tfrecord,1037,0.2420443587270974,0.0009643201542912247,0.005579532589763403,0.0016385976923629642,0.008042951487004757,0.0012546220095828176,0.5419479267116682,0.0019286403085824494,0.0009966942016035318,0.0020784386433660984,-0.007618173956871033,0.007048606872558594,0.5438765670202508,0.0019286403085824494,0.0009064208134077489,0.0019744597375392914,-0.008226413279771805,0.0046098604798316956,0.28833172613307617,0.013500482160077145,0.0010853991843760014,0.0019500810885801911,-0.02660077065229416,0.007441043853759766,0.9633558341369335,0.9633558341369335,0.003197806654497981,0.016713188961148262,-0.08726668357849121,0.08726668357849121,0.9971070395371263,0.9971070395371263,8.678880840307102e-05,0.0016141075175255537,-0.029999999329447746,0.029999999329447746
/root/repo/cdpr_synth_10hz/libero_spatial_no_noops/tfrecords_human_control_fixed/libero_spatial_no_noops-train-HUMAN_CONTROL_desk__ketchup-plate_wrapper__localpatched_teleop_2026-01-09_15-18-36.tfrecord,1165,0.2592274678111588,0.0008583690987124463,0.007732387166470289,0.0009188249823637307,0.0872664526104927,0.0016059160698205233,0.567381974248927,0.002575107296137339,0.000299022882245481,0.0005581295699812472,-0.0026865126565098763,0.001933148130774498,0.6472103004291846,0.002575107296137339,0.0004538649518508464,0.0010431953705847263,-0.0054509639739990234,0.0036085257306694984,0.4781115879828326,0.013733905579399141,0.0006076388526707888,0.0013508963165804744,-0.02660077065229416,0.00543193519115448,0.9244635193133047,0.9244635193133047,0.006591801531612873,0.023987015709280968,-0.08726668357849121,0.08726668357849121,0.9974248927038627,0.9974248927038627,7.725321484031156e-05,0.0015228053089231253,-0.029999999329447746,0.029999999329447746
/root/repo/cdpr_synth_10hz/libero_spatial_no_noops/tfrecords_human_control_fixed/libero_spatial_no_noops-train-HUMAN_CONTROL_desk__milk-orange_juice-plate_wrapper__localpatched_teleop_2025-12-14_16-46-20.tfrecord,1077,0.1671309192200557,0.0009285051067780873,0.0017021817620843649,0.001416055136360228,0.004542909003794193,0.0003778579703066498,0.6620241411327762,0.0018570102135561746,0.0006013144738972187,0.0013854270800948143,-0.006546348333358765,0.004408739507198334,0.841225626740947,0.0018570102135561746,9.676068293629214e-05,0.0003018805000465363,-0.0009154132567346096,0.002122640609741211,0.19312906220984216,0.014856081708449397,0.0011076489463448524,0.0017314900178462267,-0.02660077065229416,0.005677163600921631,1.0,1.0,0.0,0.0,0.0,0.0,0.9972144846796658,0.9972144846796658,8.356545731658116e-05,0.0015838294057175517,-0.029999999329447746,0.029999999329447746
/root/repo/cdpr_synth_10hz/libero_spatial_no_noops/tfrecords_human_control_fixed/libero_spatial_no_noops-train-HUMAN_CONTROL_desk__milk-orange_juice-plate_wrapper__localpatched_teleop_2025-12-14_16-57-28.tfrecord,1112,0.17446043165467626,0.0008992805755395684,0.004358397331088781,0.0009393415530212224,0.004076587897725403,0.0008997567929327488,0.6366906474820144,0.0017985611510791368,0.0002924414584413171,0.0006804084405303001,-0.003914432600140572,0.0012359768152236938,0.6528776978417267,0.0017985611510791368,0.0002588203060440719,0.0005214914563111961,-0.0027174949645996094,0.0006536543369293213,0.38039568345323743,0.0008992805755395684,0.0007275050738826394,0.0014481607358902693,-0.02660077065229416,0.004377692937850952,0.9640287769784173,0.9640287769784173,0.0031390811782330275,0.016557812690734863,-0.08726668357849121,0.08726668357849121,0.9973021582733813,0.9973021582733813,8.093524957075715e-05,0.001558684860356152,-0.029999999329447746,0.029999999329447746
/root/repo/cdpr_synth_10hz/libero_spatial_no_noops/tfrecords_human_control_fixed/libero_spatial_no_noops-train-HUMAN_CONTROL_desk__milk-orange_juice-plate_wrapper__localpatched_teleop_2025-12-14_17-03-01.tfrecord,1040,0.2586538461538462,0.0009615384615384616,0.0024145503994077444,0.000750281848013401,0.0038426652550697326,0.0004974069306626916,0.8067307692307693,0.0019230769230769232,0.0001259896089322865,0.0003688642755150795,-0.0013696197420358658,0.002403923310339451,0.8326923076923077,0.0038461538461538464,0.00021438236581161618,0.0006867656484246254,-0.004738513380289078,0.00023749470710754395,0.35865384615384616,0.015384615384615385,0.0008014737977646291,0.0015075476840138435,-0.02660077065229416,0.004526853561401367,0.9855769230769231,0.9855769230769231,0.0012586506782099605,0.010485081933438778,-0.08726644515991211,0.08726644515991211,0.9971153846153846,0.9971153846153846,8.653845725348219e-05,0.0016117771156132221,-0.029999999329447746,0.029999999329447746
/root/repo/cdpr_synth_10hz/libero_spatial_no_noops/tfrecords_human_control_fixed/libero_spatial_no_noops-train-HUMAN_CONTROL_desk__milk-orange_juice-plate_wrapper__localpatched_teleop_2025-12-14_17-06-56.tfrecord,975,0.1558974358974359,0.0010256410256410256,0.0017018539365381002,0.001403388800099492,0.004096133913844823,0.0004252831276971847,0.5415384615384615,0.0020512820512820513,0.0004396130971144885,0.0009219831554219127,-0.0034442676696926355,0.0040548741817474365,0.4379487179487179,0.0010256410256410256,0.0005339604103937745,0.0010083770612254739,-0.003927372395992279,0.004417151212692261,0.24717948717948718,0.0010256410256410256,0.0010605334537103772,0.0016162671381607652,-0.01528099924325943,0.0058477818965911865,1.0,1.0,0.0,0.0,0.0,0.0,0.9969230769230769,0.9969230769230769,9.230768773704767e-05,0.0016646665753796697,-0.029999999329447746,0.029999999329447746
/root/repo/cdpr_synth_10hz/libero_spatial_no_noops/tfrecords_human_control_fixed/libero_spatial_no_noops-train-HUMAN_CONTROL_desk__milk-orange_juice-plate_wrapper__localpatched_teleop_2025-12-14_17-10-23.tfrecord,1074,0.27001862197392923,0.000931098696461825,0.0043653943575918674,0.0011696411529555917,0.0048309956677257985,0.0009328151354566216,0.7113594040968343,0.002793296089385475,0.0004366350476630032,0.0010164356790482998,-0.004438415169715881,0.0033614635467529297,0.6694599627560521,0.00186219739292365,0.00028826232301071286,0.0006601845379918814,-0.0015682578086853027,0.004208113998174667,0.3547486033519553,0.0148975791433892,0.0010115003678947687,0.0017375031020492315,-0.02660077065229416,0.004911080002784729,0.9674115456238361,0.9674115456238361,0.0028438789304345846,0.01576056331396103,-0.08726668357849121,0.08726668357849121,0.9972067039106145,0.9972067039106145,8.379887731280178e-05,0.0015860417624935508,-0.029999999329447746,0.029999999329447746
/root/repo/cdpr_synth_10hz/libero_spatial_no_noops/tfrecords_human_control_fixed/libero_spatial_no_noops-train-HUMAN_CONTROL_desk__milk-orange_juice-plate_wrapper__localpatched_teleop_2025-12-14_17-13-43.tfrecord,935,0.08449197860962566,0.0010695187165775401,0.0019309651106595993,0.0013958471827208996,0.00527007132768631,0.0004624505527317524,0.38823529411764707,0.0021390374331550803,0.0005185462650842965,0.0009320764220319688,-0.0041799396276474,0.0032375305891036987,0.6491978609625668,0.0021390374331550803,0.00034780707210302353,0.0007872787537053227,-0.004351295530796051,0.002450212836265564,0.1711229946524064,0.0053475935828877,0.0013496425235643983,0.0021713904570788145,-0.02660077065229416,0.006682693958282471,1.0,1.0,0.0,0.0,0.0,0.0,0.9967914438502674,0.9967914438502674,9.625667735235766e-05,0.0016999287763610482,-0.029999999329447746,0.029999999329447746
/root/repo/cdpr_synth_10hz/libero_spatial_no_noops/tfrecords_human_control_fixed/libero_spatial_no_noops-train-HUMAN_CONTROL_desk__milk-orange_juice-plate_wrapper__localpatched_teleop_2025-12-14_17-41-38.tfrecord,828,0.14009661835748793,0.0012077294685990338,0.002660511527210474,0.0021774533670395613,0.006243312009610235,0.0006285918643698096,0.6014492753623188,0.0024154589371980675,0.0004925807006657124,0.0011416784254834056,-0.005377389490604401,0.0036247223615646362,0.5289855072463768,0.0024154589371980675,0.000577974715270102,0.0012613956350833178,-0.006301881745457649,0.0021793395280838013,0.12318840579710146,0.020531400966183576,0.001927476259879768,0.0027676490135490894,-0.02660077065229416,0.007243931293487549,1.0,1.0,0.0,0.0,0.0,0.0,0.9951690821256038,0.9951690821256038,0.00014492752961814404,0.0020864044781774282,-0.029999999329447746,0.029999999329447746
/root/repo/cdpr_synth_10hz/libero_spatial_no_noops/tfrecords_human_control_fixed/libero_spatial_no_noops-train-HUMAN_CONTROL_desk__milk-orange_juice-plate_wrapper__localpatched_teleop_2025-12-14_17-44-41.tfrecord,1411,0.16371367824238128,0.0007087172218284905,0.00783326756209135,0.0016136638587340713,0.08726653084158897,0.0016381344757974148,0.5457122608079377,0.001417434443656981,0.0005076613160781562,0.0011184640461578965,-0.006072565913200378,0.0024458765983581543,0.48405386250885896,0.001417434443656981,0.0005609327927231789,0.0011035337811335921,-0.0029853153973817825,0.005852729082107544,0.43869596031183555,0.007795889440113395,0.0009972627740353346,0.0018723825924098492,-0.02660077065229416,0.006604820489883423,0.930545712260808,0.930545712260808,0.006061031948775053,0.023006528615951538,-0.08726668357849121,0.08726668357849121,0.9978738483345145,0.9978738483345145,6.378454418154433e-05,0.0013836375437676907,-0.029999999329447746,0.029999999329447746
/root/repo/cdpr_synth_10hz/libero_spatial_no_noops/tfrecords_human_control_fixed/libero_spatial_no_noops-train-HUMAN_CONTROL_desk__milk-orange_juice-plate_wrapper__localpatched_teleop_2025-12-14_17-46-35.tfrecord,1103,0.20308250226654578,0.0009066183136899365,0.005796188022941351,0.001553107867948711,0.02473020330071194,0.0012152954004704952,0.743427017225748,0.001813236627379873,0.0002018624945776537,0.00048515902017243207,-0.0008756592869758606,0.002696029841899872,0.7153218495013599,0.001813236627379873,0.0003362864372320473,0.0008248841040767729,-0.002930194139480591,0.0044685713946819305,0.23481414324569355,0.014505893019038985,0.0013945470564067364,0.002229143865406513,-0.02660077065229416,0.007427841424942017,0.9537624660018132,0.9537624660018132,0.004034985788166523,0.018773093819618225,-0.08726668357849121,0.08726668357849121,0.9963735267452403,0.9963735267452403,0.00010879419278353453,0.0018074257532134652,-0.029999999329447746,0.029999999329447746
/root/repo/cdpr_synth_10hz/libero_spatial_no_noops/tfrecords_human_control_fixed/libero_spatial_no_noops-train-HUMAN_CONTROL_desk__milk-orange_juice-plate_wrapper__localpatched_teleop_2025-12-14_17-49-06.tfrecord,1373,0.21412964311726146,0.0007283321194464676,0.00511261448264122,0.0014009337173774838,0.0076983077451586715,0.0010950635187327862,0.5571740713765477,0.0021849963583394027,0.0009252491872757673,0.00193623430095613,-0.006861932575702667,0.006624527275562286,0.7450837581937363,0.0014566642388929353,0.0002188844227930531,0.0006379325641319156,-0.0009364187717437744,0.0049881599843502045,0.27312454479242537,0.011653313911143482,0.0012148049427196383,0.0021168089006096125,-0.02660077065229416,0.007699877023696899,0.9650400582665696,0.9650400582665696,0.003050830215215683,0.0163226630538702,-0.08726668357849121,0.08726668357849121,0.9978150036416606,0.9978150036416606,6.554988794960082e-05,0.0014026554999873042,-0.029999999329447746,0.029999999329447746
/root/repo/cdpr_synth_10hz/libero_spatial_no_noops/tfrecords_human_control_fixed/libero_spatial_no_noops-train-HUMAN_CONTROL_desk__milk-orange_juice-plate_wrapper__localpatched_teleop_2025-12-14_17-51-23.tfrecord,792,0.1414141414141414,0.0012626262626262627,0.002697667106986046,0.0021212820429354906,0.007016724185086779,0.0006455800612457097,0.43813131313131315,0.0025252525252525255,0.0008909566677175462,0.001659056288190186,-0.006950318813323975,0.004382088780403137,0.6691919191919192,0.0025252525252525255,0.00023971355403773487,0.0004920790088362992,-0.0024460293352603912,0.0009312990587204695,0.17424242424242425,0.020202020202020204,0.0019457141170278192,0.0029009690042585135,-0.02660077065229416,0.007129400968551636,1.0,1.0,0.0,0.0,0.0,0.0,0.9949494949494949,0.9949494949494949,0.00015151515253819525,0.0021333543118089437,-0.029999999329447746,0.029999999329447746
/root/repo/cdpr_synth_10hz/libero_spatial_no_noops/tfrecords_human_control_fixed/libero_spatial_no_noops-train-HUMAN_CONTROL_desk__milk-orange_juice-plate_wrapper__localpatched_teleop_2026-01-09_14-40-22.tfrecord,1035,0.15265700483091788,0.000966183574879227,0.004913012962788343,0.0012954948469996452,0.0072268380317837,0.0011027916334569454,0.5768115942028985,0.001932367149758454,0.0003157932369504124,0.0006675584008917212,-0.002496853470802307,0.0035629384219646454,0.5159420289855072,0.001932367149758454,0.0007360706222243607,0.0016061286441981792,-0.007547587156295776,0.003362506628036499,0.1565217391304348,0.015458937198067632,0.0014241000171750784,0.002216953318566084,-0.02660077065229416,0.0068541765213012695,0.966183574879227,0.966183574879227,0.002951039234176278,0.01605500467121601,-0.08726644515991211,0.08726644515991211,0.9971014492753624,0.9971014492753624,8.695651922607794e-05,0.0016156642232090235,-0.029999999329447746,0.029999999329447746
/root/repo/cdpr_synth_10hz/libero_spatial_no_noops/tfrecords_human_control_fixed/libero_spatial_no_noops-train-HUMAN_CONTROL_desk__milk-orange_juice-plate_wrapper__localpatched_teleop_2026-01-09_14-41-51.tfrecord,1074,0.16666666666666666,0.000931098696461825,0.009105611592531204,0.0016846952494233847,0.08726907670497894,0.0019326613983139396,0.5865921787709497,0.002793296089385475,0.0005150717915967107,0.001034255838021636,-0.004208803176879883,0.0047416090965271,0.6052141527001862,0.00186219739292365,0.00039853720227256417,0.000887456233613193,-0.004583366215229034,0.0031038224697113037,0.21601489757914338,0.0148975791433892,0.0013530669966712594,0.00210095033980906,-0.02660077065229416,0.006486058235168457,0.9162011173184358,0.9162011173184358,0.007312831934541464,0.025273708626627922,-0.08726668357849121,0.08726668357849121,0.9972067039106145,0.9972067039106145,8.379887731280178e-05,0.001586040249094367,-0.029999999329447746,0.029999999329447746
/root/repo/cdpr_synth_10hz/libero_spatial_no_noops/tfrecords_human_control_fixed/libero_spatial_no_noops-train-HUMAN_CONTROL_desk__milk-orange_juice-plate_wrapper__localpatched_teleop_2026-01-09_14-43-02.tfrecord,1036,0.17277992277992277,0.0009652509652509653,0.005609930492937565,0.00154885184019804,0.007980919675901532,0.0012301261303946376,0.6312741312741312,0.0019305019305019305,0.00023758540919516236,0.00047688017366454005,-0.0019363071769475937,0.001917184330523014,0.5685328185328186,0.0019305019305019305,0.0005367567646317184,0.0011174604296684265,-0.004311032593250275,0.0045999810099601746,0.15926640926640925,0.015444015444015444,0.0015831184573471546,0.0023812446743249893,-0.02660077065229416,0.007211416959762573,0.9575289575289575,0.9575289575289575,0.0037062978371977806,0.017993003129959106,-0.08726668357849121,0.08726668357849121,0.997104247104247,0.997104247104247,8.687258377904072e-05,0.001614884240552783,-0.029999999329447746,0.029999999329447746
/root/repo/cdpr_synth_10hz/libero_spatial_no_noops/tfrecords_human_control_fixed/libero_spatial_no_noops-train-HUMAN_CONTROL_desk__milk-orange_juice-plate_wrapper__localpatched_teleop_2026-01-09_14-44-15.tfrecord,942,0.1592356687898089,0.0010615711252653928,0.005180224310606718,0.001373636070638895,0.007501173461787397,0.0011579114943742752,0.5307855626326964,0.0021231422505307855,0.000675073591992259,0.0013528031995519996,-0.005930967628955841,0.0038374625146389008,0.524416135881104,0.0021231422505307855,0.000425114732934162,0.0007821404724381864,-0.0030207745730876923,0.002499663271009922,0.208067940552017,0.016985138004246284,0.0013514435850083828,0.002217497443780303,-0.02660077065229416,0.007345378398895264,0.9628450106157113,0.9628450106157113,0.003242384409531951,0.016829803586006165,-0.08726668357849121,0.08726668357849121,0.9968152866242038,0.9968152866242038,9.554139978718013e-05,0.0016935962485149503,-0.029999999329447746,0.029999999329447746
/root/repo/cdpr_synth_10hz/libero_spatial_no_noops/tfrecords_human_control_fixed/libero_spatial_no_noops-train-HUMAN_CONTROL_desk__milk-orange_juice-plate_wrapper__localpatched_teleop_2026-01-09_14-45-49.tfrecord,854,0.08548009367681499,0.00117096018735363,0.003488343907520175,0.002279828302562237,0.008031415753066531,0.0009083884651772678,0.4133489461358314,0.00234192037470726,0.0008336678729392588,0.0015906802145764232,-0.005066823214292526,0.006238430738449097,0.35362997658079626,0.00234192037470726,0.0013192534679546952,0.002428491832688451,-0.01472046971321106,0.005508065223693848,0.1252927400468384,0.01873536299765808,0.0017727086087688804,0.002579756546765566,-0.02660077065229416,0.007479816675186157,0.9941451990632318,0.9941451990632318,0.0005109276389703155,0.006680481135845184,-0.08726644515991211,0.08726644515991211,0.9964871194379391,0.9964871194379391,0.00010538641072344035,0.001778780366294086,-0.029999999329447746,0.029999999329447746
/root/repo/cdpr_synth_10hz/libero_spatial_no_noops/tfrecords_human_control_fixed/libero_spatial_no_noops-train-HUMAN_CONTROL_desk__milk-orange_juice-plate_wrapper__localpatched_teleop_2026-01-09_15-02-32.tfrecord,929,0.17115177610333693,0.001076426264800861,0.002345919143408537,0.0012641609646379948,0.008487768098711967,0.0006238563219085336,0.48008611410118407,0.002152852529601722,0.0006072500837035477,0.0012703780084848404,-0.003274574875831604,0.00553642213344574,0.2798708288482239,0.002152852529601722,0.0015313702169805765,0.0026455011684447527,-0.009895019233226776,0.005637228488922119,0.25080731969860065,0.008611410118406888,0.0008837818750180304,0.001747763715684414,-0.02660077065229416,0.006894618272781372,1.0,1.0,0.0,0.0,0.0,0.0,0.9967707212055974,0.9967707212055974,9.687835699878633e-05,0.001705408445559442,-0.029999999329447746,0.029999999329447746
/root/repo/cdpr_synth_10hz/libero_spatial_no_noops/tfrecords_human_control_fixed/libero_spatial_no_noops-train-HUMAN_CONTROL_desk__milk-orange_juice-plate_wrapper__localpatched_teleop_2026-01-09_15-03-54.tfrecord,1068,0.16573033707865167,0.0009363295880149813,0.006059227045625448,0.0009826322784647346,0.08726647235453129,0.001301939832046628,0.6610486891385767,0.0018726591760299626,0.0005568471970036626,0.0013161390088498592,-0.004294693470001221,0.005903266370296478,0.5196629213483146,0.0018726591760299626,0.0004648276080843061,0.0010743442689999938,-0.00316803902387619,0.006190769374370575,0.2687265917602996,0.012172284644194757,0.0009096948197111487,0.0017671316163614392,-0.02660077065229416,0.0073850154876708984,0.9485018726591761,0.9485018726591761,0.004494058433920145,0.019812561571598053,-0.08726644515991211,0.08726644515991211,0.9971910112359551,0.9971910112359551,8.42696608742699e-05,0.0015904965111985803,-0.029999999329447746,0.029999999329447746
/root/repo/cdpr_synth_10hz/libero_spatial_no_noops/tfrecords_human_control_fixed/libero_spatial_no_noops-train-HUMAN_CONTROL_desk__milk-orange_juice-plate_wrapper__localpatched_teleop_2026-01-09_15-05-07.tfrecord,1079,0.17794253938832252,0.0009267840593141798,0.005042383912950754,0.0011887259315699339,0.008371111564338202,0.0011603162856772542,0.6190917516218721,0.0018535681186283596,0.0007475329912267625,0.001757810590788722,-0.007188484072685242,0.0073522478342056274,0.37812789620018533,0.0018535681186283596,0.0013482575304806232,0.0024216833990067244,-0.008206874132156372,0.006204485893249512,0.30954587581093607,0.012974976830398516,0.0008725557709112763,0.0016066350508481264,-0.02660077065229416,0.005176961421966553,0.9684893419833179,0.9684893419833179,0.002749823033809662,0.015498061664402485,-0.08726644515991211,0.08726644515991211,0.9972196478220574,0.9972196478220574,8.341055945493281e-05,0.001582358730956912,-0.029999999329447746,0.029999999329447746
/root/repo/cdpr_synth_10hz/libero_spatial_no_noops/tfrecords_human_control_fixed/libero_spatial_no_noops-train-HUMAN_CONTROL_desk__milk-orange_juice-plate_wrapper__localpatched_teleop_2026-01-09_15-06-27.tfrecord,1131,0.22104332449160036,0.0008841732979664014,0.0069558448158204556,0.0015427162870764732,0.08726677298545837,0.0015938113210722804,0.5552608311229,0.0017683465959328027,0.0012141839833930135,0.002370524685829878,-0.008178621530532837,0.007321178913116455,0.5190097259062776,0.0017683465959328027,0.0010494705056771636,0.002245485782623291,-0.007214486598968506,0.008131295442581177,0.20424403183023873,0.0017683465959328027,0.0011506230803206563,0.0019664550200104713,-0.02660077065229416,0.007341235876083374,0.9487179487179487,0.9487179487179487,0.004475203342735767,0.019770711660385132,-0.08726668357849121,0.08726668357849121,0.9973474801061007,0.9973474801061007,7.95755913713947e-05,0.0015455331886187196,-0.029999999329447746,0.029999999329447746
/root/repo/cdpr_synth_10hz/libero_spatial_no_noops/tfrecords_human_control_fixed/libero_spatial_no_noops-train-HUMAN_CONTROL_desk__milk-orange_juice-plate_wrapper__localpatched_teleop_2026-01-09_15-08-12.tfrecord,859,0.3050058207217695,0.0011641443538998836,0.0017829268472269177,0.0008008152362890542,0.006365313893184057,0.0004864076618105173,0.4935972060535506,0.002328288707799767,0.0009617599425837398,0.0018792288610711694,-0.005312606692314148,0.00625813752412796,0.5389988358556461,0.002328288707799767,0.0005256360163912177,0.0010900282068178058,-0.004528746008872986,0.004189196974039078,0.2712456344586729,0.018626309662398137,0.0008398696663789451,0.0018038672860711813,-0.02660077065229416,0.007308214902877808,1.0,1.0,0.0,0.0,0.0,0.0,0.9965075669383003,0.9965075669383003,0.00010477298928890377,0.0017735861474648118,-0.029999999329447746,0.029999999329447746
/root/repo/cdpr_synth_10hz/libero_spatial_no_noops/tfrecords_human_control_fixed/libero_spatial_no_noops-train-HUMAN_CONTROL_desk__milk-plate_wrapper__localpatched_teleop_2025-12-12_14-41-20.tfrecord,1523,0.22586999343401182,0.0006565988181221273,0.0038055474869906902,0.001469799899496138,0.005920271249487994,0.0008338499465025961,0.6053841103086014,0.0013131976362442547,0.0005978004774078727,0.0013986163539811969,-0.00655510276556015,0.004967436194419861,0.5587655942219304,0.0013131976362442547,0.0006698599318042397,0.0014419258804991841,-0.004367932677268982,0.008181512355804443,0.39921208141825343,0.009192383453709783,0.0009516266291029751,0.0017492433544248343,-0.02660077065229416,0.006146281957626343,0.9783322390019698,0.9783322390019698,0.0018908685306087136,0.012849596329033375,-0.08726644515991211,0.08726644515991211,0.9980302035456337,0.9980302035456337,5.9093890740768984e-05,0.0013317638076841831,-0.029999999329447746,0.029999999329447746
/root/repo/cdpr_synth_10hz/libero_spatial_no_noops/tfrecords_human_control_fixed/libero_spatial_no_noops-train-HUMAN_CONTROL_desk__milk-plate_wrapper__localpatched_teleop_2025-12-14_15-35-05.tfrecord,1277,0.3069694596711042,0.0007830853563038371,0.001096478314138949,0.0006439473945647478,0.003661891631782055,0.0002503324649296701,0.6985121378230227,0.0015661707126076742,0.00028299909899942577,0.0007132087484933436,-0.0038813799619674683,0.003722578287124634,0.7180892717306187,0.0015661707126076742,0.00032763907802291214,0.0007818308076821268,-0.004383698105812073,0.0031196344643831253,0.42364917776037586,0.028191072826938137,0.0005705461371690035,0.001268104650080204,-0.024713143706321716,0.005343720316886902,1.0,1.0,0.0,0.0,0.0,0.0,0.9976507439310884,0.9976507439310884,7.047767576295882e-05,0.0014544487930834293,-0.029999999329447746,0.029999999329447746
/root/repo/cdpr_synth_10hz/libero_spatial_no_noops/tfrecords_human_control_fixed/libero_spatial_no_noops-train-HUMAN_CONTROL_desk__milk-plate_wrapper__localpatched_teleop_2025-12-14_16-38-12.tfrecord,1348,0.25,0.000741839762611276,0.004132350906729698,0.0011568500194698572,0.004728117585182189,0.0008701476035639644,0.6520771513353115,0.002225519287833828,0.0005049871979281306,0.001084179268218577,-0.004877418279647827,0.0033852756023406982,0.6928783382789317,0.001483679525222552,0.00036391057074069977,0.0008956046076491475,-0.005667690187692642,0.0024787597358226776,0.456973293768546,0.012611275964391691,0.0006960898172110319,0.0014075117651373148,-0.02660077065229416,0.004757493734359741,0.9688427299703264,0.9688427299703264,0.002718984615057707,0.015408947132527828,-0.08726668357849121,0.08726668357849121,0.9977744807121661,0.9977744807121661,6.676557677565143e-05,0.0014156077522784472,-0.029999999329447746,0.029999999329447746
/root/repo/cdpr_synth_10hz/libero_spatial_no_noops/tfrecords_human_control_fixed/libero_spatial_no_noops-train-HUMAN_CONTROL_desk__milk-plate_wrapper__localpatched_teleop_2025-12-14_16-40-27.tfrecord,1306,0.17917304747320062,0.0007656967840735069,0.003598931012675166,0.0008916595252230763,0.004127128049731255,0.000747208425309509,0.7136294027565084,0.0015313935681470138,0.00019291606440674514,0.0004068383132107556,-0.0015391148626804352,0.0016698092222213745,0.5826952526799387,0.0015313935681470138,0.00028760742861777544,0.0005571222864091396,-0.002759583294391632,0.0024085547775030136,0.42955589586523735,0.013016845329249618,0.0007142789545468986,0.001441286294721067,-0.02660077065229416,0.005343303084373474,0.9716692189892803,0.9716692189892803,0.0024723270907998085,0.01448438223451376,-0.08726668357849121,0.0,0.9977029096477795,0.9977029096477795,6.891270459163934e-05,0.0014382099034264684,-0.029999999329447746,0.029999999329447746
/root/repo/cdpr_synth_10hz/libero_spatial_no_noops/tfrecords_human_control_fixed/libero_spatial_no_noops-train-HUMAN_CONTROL_desk__milk-plate_wrapper__localpatched_teleop_2025-12-14_16-43-09.tfrecord,1178,0.13242784380305603,0.0008488964346349745,0.004409696441143751,0.001214910764247179,0.005527102085761713,0.0009264885447919369,0.5144312393887945,0.0025466893039049238,0.0006075371638871729,0.001260315184481442,-0.006547302007675171,0.00314919650554657,0.6918505942275043,0.0025466893039049238,0.00034580728970468044,0.0008275197469629347,-0.0020235925912857056,0.00517098605632782,0.31918505942275044,0.0050933786078098476,0.000713570334482938,0.0014061175752431154,-0.02660077065229416,0.0056181401014328,0.966893039049236,0.966893039049236,0.0028891272377222776,0.015884896740317345,-0.08726668357849121,0.08726668357849121,0.9974533106960951,0.9974533106960951,7.640067633474246e-05,0.001514381030574441,-0.029999999329447746,0.029999999329447746
/root/repo/cdpr_synth_10hz/libero_spatial_no_noops/tfrecords_human_control_fixed/libero_spatial_no_noops-train-HUMAN_CONTROL_desk__milk-plate_wrapper__localpatched_teleop_2026-01-09_14-16-47.tfrecord,896,0.203125,0.0011160714285714285,0.0018068259814754128,0.0012144222855567932,0.005671623395755887,0.00046131995622999966,0.59375,0.002232142857142857,0.0003825309104286134,0.0007106477278284729,-0.000993095338344574,0.0040392279624938965,0.5558035714285714,0.0033482142857142855,0.000569450668990612,0.0013103415258228779,-0.00648634135723114,0.004401758313179016,0.16629464285714285,0.017857142857142856,0.001254172413609922,0.0020306312944740057,-0.02660077065229416,0.006371974945068359,1.0,1.0,0.0,0.0,0.0,0.0,0.9966517857142857,0.9966517857142857,0.00010044642112916335,0.0017365635139867663,-0.029999999329447746,0.029999999329447746
/root/repo/cdpr_synth_10hz/libero_spatial_no_noops/tfrecords_human_control_fixed/libero_spatial_no_noops-train-HUMAN_CONTROL_desk__milk-plate_wrapper__localpatched_teleop_2026-01-09_14-19-15.tfrecord,1026,0.15789473684210525,0.0009746588693957114,0.0045389821752905846,0.0008998874109238386,0.00543100037612021,0.0009595792507752776,0.543859649122807,0.001949317738791423,0.0004352613468654454,0.0008843954419717193,-0.004629828035831451,0.002285182476043701,0.6247563352826511,0.001949317738791423,0.00026496450300328434,0.000537040235940367,-0.0009063850156962872,0.0028874557465314865,0.3664717348927875,0.015594541910331383,0.0008629148942418396,0.0016996447229757905,-0.02660077065229416,0.006117701530456543,0.9639376218323586,0.9639376218323586,0.0031470360700041056,0.016579726710915565,-0.08726668357849121,0.08726668357849121,0.9970760233918129,0.9970760233918129,8.771929424256086e-05,0.001622739597223699,-0.029999999329447746,0.029999999329447746
/root/repo/cdpr_synth_10hz/libero_spatial_no_noops/tfrecords_human_control_fixed/libero_spatial_no_noops-train-HUMAN_CONTROL_desk__milk-plate_wrapper__localpatched_teleop_2026-01-09_14-20-43.tfrecord,1001,0.2547452547452547,0.000999000999000999,0.0053442432545125484,0.001139424042776227,0.006244230549782515,0.0011331049026921391,0.7532467532467533,0.001998001998001998,0.00016399445303250104,0.0003993501013610512,-0.001255672425031662,0.001995459198951721,0.6093906093906094,0.001998001998001998,0.0004787128418684006,0.0010740753496065736,-0.004816018044948578,0.004396744072437286,0.2647352647352647,0.027972027972027972,0.0011841986561194062,0.0020173804368823767,-0.02660077065229416,0.006368815898895264,0.957042957042957,0.957042957042957,0.0037487088702619076,0.018095701932907104,-0.08726668357849121,0.08726668357849121,0.997002997002997,0.997002997002997,8.991008508019149e-05,0.0016428972594439983,-0.029999999329447746,0.029999999329447746
/root/repo/cdpr_synth_10hz/libero_spatial_no_noops/tfrecords_human_control_fixed/libero_spatial_no_noops-train-HUMAN_CONTROL_desk__milk-plate_wrapper__localpatched_teleop_2026-01-09_14-22-02.tfrecord,1099,0.19927206551410373,0.0009099181073703367,0.009292371571063995,0.001482669496908784,0.08727585300803184,0.0019248115131631494,0.7952684258416742,0.0018198362147406734,0.00026256372802890837,0.0008876084466464818,-0.0003856811672449112,0.006081938743591309,0.7006369426751592,0.00272975432211101,0.0003958938759751618,0.001020982163026929,-0.004271376878023148,0.005432292819023132,0.24203821656050956,0.014558689717925387,0.0014196059200912714,0.0023153715301305056,-0.02660077065229416,0.007032185792922974,0.9144676979071884,0.9144676979071884,0.00746410246938467,0.024884650483727455,-0.08726644515991211,0.08726692199707031,0.997270245677889,0.997270245677889,8.189262734958902e-05,0.0015678806230425835,-0.029999999329447746,0.029999999329447746
/root/repo/cdpr_synth_10hz/libero_spatial_no_noops/tfrecords_human_control_fixed/libero_spatial_no_noops-train-HUMAN_CONTROL_desk__milk-plate_wrapper__localpatched_teleop_2026-01-09_14-24-36.tfrecord,1162,0.2289156626506024,0.0008605851979345956,0.005248802714049816,0.0011092578060925007,0.008465523878112438,0.0011666706996038556,0.5619621342512908,0.0017211703958691911,0.0005745778908021748,0.0013006861554458737,-0.006009012460708618,0.005858391523361206,0.5499139414802066,0.0017211703958691911,0.0005828209104947746,0.0013766984920948744,-0.0068138837814331055,0.0014582574367523193,0.2487091222030981,0.03270223752151463,0.001294093788601458,0.0021915468387305737,-0.02660077065229416,0.00719761848449707,0.9621342512908778,0.9621342512908778,0.003304409794509411,0.01698860339820385,-0.08726668357849121,0.08726668357849121,0.9974182444061962,0.9974182444061962,7.745266339043155e-05,0.0015247692354023457,-0.029999999329447746,0.029999999329447746
/root/repo/cdpr_synth_10hz/libero_spatial_no_noops/tfrecords_human_control_fixed/libero_spatial_no_noops-train-HUMAN_CONTROL_desk__orange_juice-plate_wrapper__localpatched_teleop_2025-12-14_17-17-24.tfrecord,919,0.09249183895538629,0.001088139281828074,0.002323844702914357,0.001792391063645482,0.005994986603036519,0.0005863943952135742,0.45375408052230687,0.002176278563656148,0.0006938289734534919,0.0013179162051528692,-0.006403080187737942,0.003850877285003662,0.4842219804134929,0.002176278563656148,0.0005520365084521472,0.001156132435426116,-0.005918256938457489,0.0031359614804387093,0.1512513601741023,0.017410228509249184,0.0015881747240200639,0.0023808663245290518,-0.02660077065229416,0.007493048906326294,1.0,1.0,0.0,0.0,0.0,0.0,0.9967355821545157,0.9967355821545157,9.79325341177173e-05,0.001714675803668797,-0.029999999329447746,0.029999999329447746
/root/repo/cdpr_synth_10hz/libero_spatial_no_noops/tfrecords_human_control_fixed/libero_spatial_no_noops-train-HUMAN_CONTROL_desk__orange_juice-plate_wrapper__localpatched_teleop_2025-12-14_17-33-34.tfrecord,1199,0.22351959966638865,0.0008340283569641367,0.004950943402945995,0.001469835638999939,0.0056639372371137045,0.001029643346555531,0.7114261884904087,0.003336113427856547,0.00035121329710818827,0.0007993759936653078,-0.004214942455291748,0.0024351030588150024,0.8056713928273561,0.0016680567139282735,0.00021609094983432442,0.000549998483620584,-0.00011648237705230713,0.0030447766184806824,0.3386155129274395,0.014178482068390326,0.0012306281132623553,0.0020444211550056934,-0.02660077065229416,0.006058096885681152,0.9624687239366139,0.9624687239366139,0.003275221446529031,0.01691293716430664,-0.08726668357849121,0.08726668357849121,0.9974979149291076,0.9974979149291076,7.506254769396037e-05,0.0015010407660156488,-0.029999999329447746,0.029999999329447746
/root/repo/cdpr_synth_10hz/libero_spatial_no_noops/tfrecords_human_control_fixed/libero_spatial_no_noops-train-HUMAN_CONTROL_desk__orange_juice-plate_wrapper__localpatched_teleop_2025-12-14_17-35-00.tfrecord,1630,0.18220858895705522,0.0006134969325153375,0.003949434030801058,0.000954208429902792,0.006678794184699655,0.0008453255286440253,0.554601226993865,0.001226993865030675,0.00046019323053769767,0.0009790968615561724,-0.004631422460079193,0.0040976256132125854,0.7398773006134969,0.001226993865030675,0.0002880686370190233,0.000714895490091294,-0.003500424325466156,0.0034054331481456757,0.37239263803680983,0.0098159509202454,0.0011210303055122495,0.0020813578739762306,-0.02660077065229416,0.0074007511138916016,0.9736196319018405,0.9736196319018405,0.002302121138200164,0.014178015291690826,-0.08726668357849121,0.08726668357849121,0.998159509202454,0.998159509202454,5.5214721214724705e-05,0.0012872900115326047,-0.029999999329447746,0.029999999329447746
/root/repo/cdpr_synth_10hz/libero_spatial_no_noops/tfrecords_human_control_fixed/libero_spatial_no_noops-train-HUMAN_CONTROL_desk__orange_juice-plate_wrapper__localpatched_teleop_2025-12-14_17-38-44.tfrecord,1109,0.20559062218214608,0.0009017132551848512,0.004612180404365063,0.0009473474929109216,0.005878472328186022,0.0009602780337445438,0.7421100090171325,0.0018034265103697023,0.00019133256864733994,0.0005171892698854208,-0.0006869662320241332,0.002926282584667206,0.6014427412082958,0.0018034265103697023,0.00025898971944116056,0.0004964138497598469,-0.0015254095196723938,0.002450467087328434,0.37781785392245265,0.023444544634806132,0.0009649617713876069,0.0017903420375660062,-0.02660077065229416,0.00648091733455658,0.9621280432822362,0.9621280432822362,0.0033049515914171934,0.01672489568591118,-0.08726644515991211,0.08726668357849121,0.9972948602344455,0.9972948602344455,8.115419041132554e-05,0.001560791628435254,-0.029999999329447746,0.029999999329447746
/root/repo/cdpr_synth_10hz/libero_spatial_no_noops/tfrecords_human_control_fixed/libero_spatial_no_noops-train-HUMAN_CONTROL_desk__orange_juice-plate_wrapper__localpatched_teleop_2025-12-14_17-40-01.tfrecord,762,0.1115485564304462,0.0013123359580052493,0.002871190430596471,0.0020910550374537706,0.007636176445521414,0.000720077776350081,0.30183727034120733,0.0026246719160104987,0.001139898202382028,0.001982592511922121,-0.007398586720228195,0.0058631375432014465,0.6404199475065617,0.0026246719160104987,0.00032381448545493186,0.0007712169317528605,-0.0018280623480677605,0.0044267019256949425,0.14041994750656167,0.02099737532808399,0.0019004567293450236,0.00277286977507174,-0.02660077065229416,0.007032334804534912,1.0,1.0,0.0,0.0,0.0,0.0,0.9921259842519685,0.9921259842519685,0.000236220468650572,0.0026638179551810026,-0.029999999329447746,0.029999999329447746
/root/repo/cdpr_synth_10hz/libero_spatial_no_noops/tfrecords_human_control_fixed/libero_spatial_no_noops-train-HUMAN_CONTROL_desk__orange_juice-plate_wrapper__localpatched_teleop_2026-01-09_14-47-56.tfrecord,778,0.11696658097686376,0.0012853470437017994,0.003450827905908227,0.0024525101762264967,0.008600443555042147,0.0009454023092985153,0.4794344473007712,0.002570694087403599,0.0009421987342648208,0.0017001830274239182,-0.006858661770820618,0.004232786595821381,0.2210796915167095,0.002570694087403599,0.001979381777346134,0.003238595789298415,-0.011714786291122437,0.008042603731155396,0.13496143958868895,0.006426735218508998,0.00168974872212857,0.002450343919917941,-0.02660077065229416,0.007148653268814087,1.0,1.0,0.0,0.0,0.0,0.0,0.9961439588688946,0.9961439588688946,0.000115681228635367,0.00186371139716357,-0.029999999329447746,0.029999999329447746
/root/repo/cdpr_synth_10hz/libero_spatial_no_noops/tfrecords_human_control_fixed/libero_spatial_no_noops-train-HUMAN_CONTROL_desk__orange_juice-plate_wrapper__localpatched_teleop_2026-01-09_14-49-28.tfrecord,1065,0.10140845070422536,0.0009389671361502347,0.005672901403158903,0.0018791879992932081,0.007880182564258575,0.0012865083990618587,0.5615023474178403,0.0018779342723004694,0.0005046016303822398,0.0010640016989782453,-0.004464045166969299,0.005419611930847168,0.38873239436619716,0.0018779342723004694,0.0013507462572306395,0.0024270187132060528,-0.006652534008026123,0.007655397057533264,0.15586854460093896,0.0009389671361502347,0.0013789552031084895,0.0021910483483225107,-0.02660077065229416,0.007055342197418213,0.964319248826291,0.964319248826291,0.003113732673227787,0.016491813585162163,-0.08726668357849121,0.08726668357849121,0.9971830985915493,0.9971830985915493,8.450703899143264e-05,0.0015927341300994158,-0.029999999329447746,0.029999999329447746
/root/repo/cdpr_synth_10hz/libero_spatial_no_noops/tfrecords_human_control_fixed/libero_spatial_no_noops-train-HUMAN_CONTROL_desk__orange_juice-plate_wrapper__localpatched_teleop_2026-01-09_14-50-35.tfrecord,991,0.13925327951564076,0.0010090817356205853,0.005993898957967758,0.0018673520535230637,0.008307975251227617,0.0013583531836047769,0.7114026236125126,0.0020181634712411706,0.0004012359131593257,0.0009414702653884888,-0.0029268786311149597,0.004497438669204712,0.33905146316851664,0.0020181634712411706,0.0017259129090234637,0.0029044263064861298,-0.008067578077316284,0.008065208792686462,0.20484359233097882,0.004036326942482341,0.001227556960657239,0.002036524936556816,-0.02660077065229416,0.006959021091461182,0.9616548940464178,0.9616548940464178,0.003346241544932127,0.017097067087888718,-0.08726668357849121,0.08726668357849121,0.9969727547931383,0.9969727547931383,9.081735333893448e-05,0.0016511710127815604,-0.029999999329447746,0.029999999329447746
/root/repo/cdpr_synth_10hz/libero_spatial_no_noops/tfrecords_human_control_fixed/libero_spatial_no_noops-train-HUMAN_CONTROL_desk__orange_juice-plate_wrapper__localpatched_teleop_2026-01-09_14-51-40.tfrecord,1060,0.12169811320754717,0.0009433962264150943,0.005839965771883726,0.0018155770376324654,0.010297012748196721,0.0013881080085411668,0.3905660377358491,0.0018867924528301887,0.0007377658621408045,0.0014754334697499871,-0.004644960165023804,0.0078083835542202,0.3141509433962264,0.0018867924528301887,0.0017181504517793655,0.0028680164832621813,-0.007218405604362488,0.00817696750164032,0.2669811320754717,0.0009433962264150943,0.0014359505148604512,0.0024714122992008924,-0.02660077065229416,0.007803112268447876,0.9660377358490566,0.9660377358490566,0.0029637664556503296,0.016089800745248795,-0.08726668357849121,0.08726668357849121,0.9971698113207547,0.9971698113207547,8.490565960528329e-05,0.0015964849153533578,-0.029999999329447746,0.029999999329447746
/root/repo/cdpr_synth_10hz/libero_spatial_no_noops/tfrecords_human_control_fixed/libero_spatial_no_noops-train-HUMAN_CONTROL_desk__orange_juice-plate_wrapper__localpatched_teleop_2026-01-09_14-53-18.tfrecord,821,0.0682095006090134,0.001218026796589525,0.003885171841830015,0.0025412512477487326,0.00919320061802864,0.001087825745344162,0.3093788063337393,0.00243605359317905,0.0017819677013903856,0.0027552442625164986,-0.0074349865317344666,0.006545618176460266,0.26552984165651644,0.00243605359317905,0.002225861418992281,0.0034171082079410553,-0.008597731590270996,0.008281886577606201,0.09378806333739342,0.001218026796589525,0.0013216770021244884,0.0021252192091196775,-0.02660077065229416,0.0072336941957473755,1.0,1.0,0.0,0.0,0.0,0.0,0.9963459196102314,0.9963459196102314,0.00010962240776279941,0.0018142061308026314,-0.029999999329447746,0.029999999329447746
/root/repo/cdpr_synth_10hz/libero_spatial_no_noops/tfrecords_human_control_fixed/libero_spatial_no_noops-train-HUMAN_CONTROL_desk__plate-ycb_apple-ycb_banana_wrapper__localpatched_teleop_2025-12-15_11-24-53.tfrecord,995,0.2,0.0010050251256281408,0.0020023465622216463,0.001244173152372241,0.006003115978091951,0.0005152222001925111,0.6442211055276382,0.0020100502512562816,0.00048811174929142,0.00120665377471596,-0.00656823068857193,0.004591584205627441,0.5849246231155779,0.003015075376884422,0.0004905664827674627,0.0010618160013109446,-0.005448818206787109,0.0025921761989593506,0.15577889447236182,0.016080402010050253,0.0014768302207812667,0.002303093671798706,-0.02660077065229416,0.007960081100463867,1.0,1.0,0.0,0.0,0.0,0.0,0.9959798994974874,0.9959798994974874,0.00012060301378369331,0.0019030844559893012,-0.029999999329447746,0.029999999329447746
/root/repo/cdpr_synth_10hz/libero_spatial_no_noops/tfrecords_human_control_fixed/libero_spatial_no_noops-train-HUMAN_CONTROL_desk__plate-ycb_apple-ycb_banana_wrapper__localpatched_teleop_2025-12-15_11-27-06.tfrecord,991,0.27648839556004035,0.0010090817356205853,0.0057257115840911865,0.0008684309432283044,0.030015915632247925,0.0012152548879384995,0.6811301715438951,0.0020181634712411706,0.00035268341889604926,0.0010482108918949962,-0.006555669009685516,0.0015231072902679443,0.6831483350151363,0.0020181634712411706,0.00046813549124635756,0.001119276974350214,-0.004788577556610107,0.005083717405796051,0.3884964682139253,0.016145307769929364,0.0008497484959661961,0.0017226965865120292,-0.02660077065229416,0.0065802037715911865,0.9505549949545913,0.9505549949545913,0.004314890131354332,0.01941445842385292,-0.08726668357849121,0.08726668357849121,0.9969727547931383,0.9969727547931383,9.081735333893448e-05,0.0016511708963662386,-0.029999999329447746,0.029999999329447746
/root/repo/cdpr_synth_10hz/libero_spatial_no_noops/tfrecords_human_control_fixed/libero_spatial_no_noops-train-HUMAN_CONTROL_desk__plate-ycb_apple-ycb_banana_wrapper__localpatched_teleop_2025-12-15_11-29-43.tfrecord,1033,0.20619554695062922,0.000968054211035818,0.007951888255774975,0.0010152467293664813,0.08726644515991211,0.001640249858610332,0.7018393030009681,0.002904162633107454,0.0003590230189729482,0.0009772208286449313,-0.0036669671535491943,0.005856074392795563,0.8412391093901258,0.001936108422071636,0.00011093820648966357,0.0003170925483573228,-0.0012756269425153732,0.001863286830484867,0.3436592449177154,0.016456921587608905,0.0011947429738938808,0.0021173551212996244,-0.02660077065229416,0.007321953773498535,0.9264278799612778,0.9264278799612778,0.00642037857323885,0.02367943897843361,-0.08726668357849121,0.08726668357849121,0.9961277831558567,0.9961277831558567,0.00011616650590440258,0.001867718412540853,-0.029999999329447746,0.029999999329447746
/root/repo/cdpr_synth_10hz/libero_spatial_no_noops/tfrecords_human_control_fixed/libero_spatial_no_noops-train-HUMAN_CONTROL_desk__plate-ycb_apple-ycb_banana_wrapper__localpatched_teleop_2025-12-15_11-31-05.tfrecord,1124,0.26334519572953735,0.0008896797153024911,0.005063880700618029,0.0010560671798884869,0.006473744730465109,0.0010664191795513034,0.7072953736654805,0.0017793594306049821,0.00024808544549159706,0.0005195646081119776,-0.001406550407409668,0.002343125641345978,0.7144128113879004,0.0017793594306049821,0.00023135704395826906,0.0005715658189728856,-0.001314900815486908,0.003213144838809967,0.34786476868327404,0.018683274021352312,0.0011235395213589072,0.0019761784933507442,-0.02660077065229416,0.0066016316413879395,0.958185053380783,0.958185053380783,0.003649042686447501,0.01785252057015896,-0.08726668357849121,0.08726668357849121,0.9973309608540926,0.9973309608540926,8.007117139641196e-05,0.0015503392787650228,-0.029999999329447746,0.029999999329447746
/root/repo/cdpr_synth_10hz/libero_spatial_no_noops/tfrecords_human_control_fixed/libero_spatial_no_noops-train-HUMAN_CONTROL_desk__plate-ycb_apple-ycb_banana_wrapper__localpatched_teleop_2025-12-15_11-32-49.tfrecord,1052,0.2214828897338403,0.0009505703422053232,0.006011476274579763,0.0008821272058412433,0.08726644515991211,0.0012582645285874605,0.723384030418251,0.0019011406844106464,0.00016407205839641392,0.00038931285962462425,-0.0020815320312976837,0.0019122660160064697,0.6406844106463878,0.0019011406844106464,0.00038322884938679636,0.0009367820457555354,-0.002146366983652115,0.0056272149085998535,0.25950570342205326,0.015209125475285171,0.0010675423545762897,0.0019398536533117294,-0.02660077065229416,0.007153749465942383,0.9477186311787072,0.9477186311787072,0.0045624105259776115,0.01996278576552868,-0.08726668357849121,0.08726668357849121,0.9961977186311787,0.9961977186311787,0.00011406843987060711,0.0018507590284571052,-0.029999999329447746,0.029999999329447746
/root/repo/cdpr_synth_10hz/libero_spatial_no_noops/tfrecords_human_control_fixed/libero_spatial_no_noops-train-HUMAN_CONTROL_desk__plate-ycb_apple-ycb_banana_wrapper__localpatched_teleop_2026-01-09_15-33-11.tfrecord,753,0.24833997343957503,0.0013280212483399733,0.006570626050233841,0.0013955013127997518,0.027960512042045516,0.0014633049722760916,0.5790172642762285,0.0026560424966799467,0.0008405017433688045,0.0019275089725852013,-0.008057832717895508,0.002559281885623932,0.44621513944223107,0.0026560424966799467,0.00151596381329,0.002721812343224883,-0.007505662739276886,0.006972566246986389,0.3691899070385126,0.0013280212483399733,0.0007843273342587054,0.0016931756399571896,-0.02660077065229416,0.007341504096984863,0.953519256308101,0.953519256308101,0.004056209698319435,0.018826264888048172,-0.08726668357849121,0.08726668357849121,0.9960159362549801,0.9960159362549801,0.00011952190834563226,0.0018944242037832737,-0.029999999329447746,0.029999999329447746
/root/repo/cdpr_synth_10hz/libero_spatial_no_noops/tfrecords_human_control_fixed/libero_spatial_no_noops-train-HUMAN_CONTROL_desk__plate-ycb_apple-ycb_banana_wrapper__localpatched_teleop_2026-01-09_15-36-37.tfrecord,734,0.09536784741144415,0.0013623978201634877,0.002042738487944007,0.0013073908630758524,0.005545110208913686,0.0005584899918176234,0.2615803814713896,0.0027247956403269754,0.0010312888771295547,0.001606996520422399,-0.006005793809890747,0.002031475305557251,0.31607629427792916,0.0027247956403269754,0.0009300402016378939,0.0015053851529955864,-0.0045042335987091064,0.00427670031785965,0.276566757493188,0.0013623978201634877,0.0007085055694915354,0.001473702141083777,-0.02660077065229416,0.005055218935012817,1.0,1.0,0.0,0.0,0.0,0.0,0.9959128065395095,0.9959128065395095,0.00012261580559425056,0.0019188051810488105,-0.029999999329447746,0.029999999329447746
/root/repo/cdpr_synth_10hz/libero_spatial_no_noops/tfrecords_human_control_fixed/libero_spatial_no_noops-train-HUMAN_CONTROL_desk__plate-ycb_apple-ycb_banana_wrapper__localpatched_teleop_2026-01-09_15-39-01.tfrecord,679,0.15463917525773196,0.0014727540500736377,0.007427381817251444,0.0013182894326746464,0.08726882860064507,0.0016668797470629215,0.2606774668630339,0.0029455081001472753,0.001564014470204711,0.002736020600423217,-0.008205756545066833,0.007214009761810303,0.5022091310751104,0.0029455081001472753,0.0007513072341680527,0.0015650835121050477,-0.006318725645542145,0.0046164654195308685,0.28276877761413843,0.020618556701030927,0.0008741703350096941,0.0017238674918189645,-0.02660077065229416,0.005448952317237854,0.9425625920471281,0.9425625920471281,0.005012359004467726,0.020929420366883278,-0.08726668357849121,0.08726668357849121,0.9955817378497791,0.9955817378497791,0.00013254785153549165,0.001995082013309002,-0.029999999329447746,0.029999999329447746
/root/repo/cdpr_synth_10hz/libero_spatial_no_noops/tfrecords_human_control_fixed/libero_spatial_no_noops-train-HUMAN_CONTROL_desk__plate-ycb_apple-ycb_banana_wrapper__localpatched_teleop_2026-01-09_15-39-51.tfrecord,1157,0.2696629213483146,0.000864304235090752,0.006632207427173853,0.0008643705514259636,0.08726644515991211,0.0014182018348947167,0.5306828003457217,0.001728608470181504,0.0004416943702381104,0.0009648608975112438,-0.0057927630841732025,0.0026028119027614594,0.4554883318928263,0.001728608470181504,0.0009420146816410124,0.0020821020007133484,-0.008463174104690552,0.0033885836601257324,0.41486603284356094,0.010371650821089023,0.0006514780689030886,0.001346991048194468,-0.02660077065229416,0.004857972264289856,0.9429559204840103,0.9429559204840103,0.004978036042302847,0.020851662382483482,-0.08726668357849121,0.08726668357849121,0.9974070872947277,0.9974070872947277,7.778737926855683e-05,0.001528065768070519,-0.029999999329447746,0.029999999329447746
/root/repo/cdpr_synth_10hz/libero_spatial_no_noops/tfrecords_human_control_fixed/libero_spatial_no_noops-train-HUMAN_CONTROL_desk__plate-ycb_apple-ycb_banana_wrapper__localpatched_teleop_2026-01-09_15-41-06.tfrecord,929,0.22282023681377824,0.001076426264800861,0.0018426661845296621,0.0010476665338501334,0.006155758257955308,0.00047061193617992103,0.4930032292787944,0.002152852529601722,0.0006935690762475133,0.0013017557794228196,-0.004592299461364746,0.0051691047847270966,0.6706135629709364,0.002152852529601722,0.0007567485445179045,0.0018481503939256072,-0.007669513579457998,0.0065611377358436584,0.1743810548977395,0.011840688912809472,0.0008058632374741137,0.0014703047927469015,-0.02660077065229416,0.00441625714302063,1.0,1.0,0.0,0.0,0.0,0.0,0.9967707212055974,0.9967707212055974,9.687835699878633e-05,0.0017054069321602583,-0.029999999329447746,0.029999999329447746
/root/repo/cdpr_synth_10hz/libero_spatial_no_noops/tfrecords_human_control_fixed/libero_spatial_no_noops-train-HUMAN_CONTROL_desk__plate-ycb_apple_wrapper__localpatched_teleop_2025-12-15_11-16-00.tfrecord,1112,0.1618705035971223,0.0008992805755395684,0.002149654785171151,0.0015817065723240376,0.005985265015624465,0.0005086006131023169,0.46492805755395683,0.0017985611510791368,0.0007932553999125957,0.00165815488435328,-0.0057077109813690186,0.007511075586080551,0.685251798561151,0.0017985611510791368,0.0002007808070629835,0.00048550343490205705,-0.0034796521067619324,0.0002873465418815613,0.1510791366906475,0.014388489208633094,0.0014680313179269433,0.0022225319407880306,-0.02660077065229416,0.006876856088638306,1.0,1.0,0.0,0.0,0.0,0.0,0.9973021582733813,0.9973021582733813,8.093524957075715e-05,0.0015586871886625886,-0.029999999329447746,0.029999999329447746
/root/repo/cdpr_synth_10hz/libero_spatial_no_noops/tfrecords_human_control_fixed/libero_spatial_no_noops-train-HUMAN_CONTROL_desk__plate-ycb_apple_wrapper__localpatched_teleop_2025-12-15_11-17-33.tfrecord,1046,0.2045889101338432,0.0009560229445506692,0.005817587487399578,0.001044929726049304,0.02915261033922434,0.0012530931271612644,0.595602294455067,0.0019120458891013384,0.0004685797030106187,0.0009606437524780631,-0.0037340745329856873,0.0027243494987487793,0.7954110898661568,0.0028680688336520078,0.00024401466362178326,0.0008216839050874114,-0.005716487765312195,0.0008924603462219238,0.19024856596558318,0.052581261950286805,0.0012953926343470812,0.0021674945019185543,-0.02660077065229416,0.00656542181968689,0.9521988527724665,0.9521988527724665,0.004171436652541161,0.019087908789515495,-0.08726668357849121,0.08726668357849121,0.997131931166348,0.997131931166348,8.604206232121214e-05,0.0016071484424173832,-0.029999999329447746,0.029999999329447746
/root/repo/cdpr_synth_10hz/libero_spatial_no_noops/tfrecords_human_control_fixed/libero_spatial_no_noops-train-HUMAN_CONTROL_desk__plate-ycb_apple_wrapper__localpatched_teleop_2025-12-15_11-20-29.tfrecord,759,0.1225296442687747,0.0013175230566534915,0.002373721683397889,0.0014449752634391189,0.007225313410162927,0.0006140745244920254,0.380764163372859,0.002635046113306983,0.0010310518555343151,0.0020114777144044638,-0.007821358740329742,0.005098104476928711,0.5322793148880105,0.002635046113306983,0.00036885892041027546,0.0007637556409463286,-0.0042714886367321014,0.0021539777517318726,0.152832674571805,0.021080368906455864,0.0015123578486964107,0.002352092182263732,-0.02660077065229416,0.006831496953964233,1.0,1.0,0.0,0.0,0.0,0.0,0.994729907773386,0.994729907773386,0.00015810276090633124,0.002179298084229231,-0.029999999329447746,0.029999999329447746
/root/repo/cdpr_synth_10hz/libero_spatial_no_noops/tfrecords_human_control_fixed/libero_spatial_no_noops-train-HUMAN_CONTROL_desk__plate-ycb_apple_wrapper__localpatched_teleop_2025-12-15_11-21-49.tfrecord,946,0.28012684989429176,0.0010570824524312897,0.00347136496566236,0.0006932687247171998,0.004806806216947734,0.0007290312787517905,0.7283298097251586,0.0010570824524312897,0.00014037529763299972,0.0003136071318294853,-0.001853201538324356,0.0009015835821628571,0.7156448202959831,0.0010570824524312897,0.00019950975547544658,0.0004863857466261834,-0.0024276580661535263,0.0023543983697891235,0.3171247357293869,0.0010570824524312897,0.0009961851174011827,0.001822696067392826,-0.026103317737579346,0.006326943635940552,0.9746300211416491,0.9746300211416491,0.0022139481734484434,0.013807517476379871,-0.08726644515991211,0.08726668357849121,0.9968287526427061,0.9968287526427061,9.513741679256782e-05,0.0016900110058486462,-0.029999999329447746,0.029999999329447746
/root/repo/cdpr_synth_10hz/libero_spatial_no_noops/tfrecords_human_control_fixed/libero_spatial_no_noops-train-HUMAN_CONTROL_desk__plate-ycb_apple_wrapper__localpatched_teleop_2026-01-09_15-26-31.tfrecord,966,0.15320910973084886,0.0010351966873706005,0.003307082923129201,0.0014061424881219864,0.008092776406556368,0.0007882964564487338,0.39026915113871635,0.002070393374741201,0.0006138040916994214,0.0011027005966752768,-0.004761114716529846,0.003544691950082779,0.43995859213250516,0.002070393374741201,0.0010829592356458306,0.0021592031698673964,-0.008490294218063354,0.0035856962203979492,0.20186335403726707,0.013457556935817806,0.0009771579643711448,0.00167930219322443,-0.02660077065229416,0.005643218755722046,0.9865424430641822,0.9865424430641822,0.0011743931099772453,0.010125132277607918,-0.08726644515991211,0.08726644515991211,0.9968944099378882,0.9968944099378882,9.316769865108654e-05,0.0016724104061722755,-0.029999999329447746,0.029999999329447746
/root/repo/cdpr_synth_10hz/libero_spatial_no_noops/tfrecords_human_control_fixed/libero_spatial_no_noops-train-HUMAN_CONTROL_desk__plate-ycb_apple_wrapper__localpatched_teleop_2026-01-09_15-28-17.tfrecord,906,0.18543046357615894,0.0011037527593818985,0.0050975787453353405,0.0009515986894257367,0.009555401746183634,0.0011716177687048912,0.44370860927152317,0.002207505518763797,0.001057888031937182,0.0021839647088199854,-0.008166871964931488,0.007197186350822449,0.4227373068432671,0.002207505518763797,0.0009822832653298974,0.0018089758232235909,-0.006886795163154602,0.004004552960395813,0.3344370860927152,0.017660044150110375,0.000732643180526793,0.00156211550347507,-0.02660077065229416,0.00608411431312561,0.9657836644591612,0.9657836644591612,0.0029859382193535566,0.016047094017267227,-0.08726644515991211,0.08726668357849121,0.9966887417218543,0.9966887417218543,9.933774708770216e-05,0.0017269420204684138,-0.029999999329447746,0.029999999329447746
/root/repo/cdpr_synth_10hz/libero_spatial_no_noops/tfrecords_human_control_fixed/libero_spatial_no_noops-train-HUMAN_CONTROL_desk__plate-ycb_apple_wrapper__localpatched_teleop_2026-01-09_15-29-29.tfrecord,775,0.22580645161290322,0.0012903225806451613,0.006536813452839851,0.0016809190856292844,0.027620653249323213,0.0014571171486750245,0.4154838709677419,0.0025806451612903226,0.0013559021754190326,0.0025135958567261696,-0.007967399433255196,0.008941225707530975,0.552258064516129,0.0025806451612903226,0.0010649478062987328,0.0019023990025743842,-0.006133668124675751,0.005280628800392151,0.37548387096774194,0.016774193548387096,0.0006949412636458874,0.0015028169145807624,-0.02660077065229416,0.004379749298095703,0.9535483870967741,0.9535483870967741,0.004053667653352022,0.018820369616150856,-0.08726668357849121,0.08726668357849121,0.9961290322580645,0.9961290322580645,0.00011612902744673193,0.0018673139857128263,-0.029999999329447746,0.029999999329447746
/root/repo/cdpr_synth_10hz/libero_spatial_no_noops/tfrecords_human_control_fixed/libero_spatial_no_noops-train-HUMAN_CONTROL_desk__plate-ycb_apple_wrapper__localpatched_teleop_2026-01-09_15-30-36.tfrecord,980,0.28061224489795916,0.0010204081632653062,0.00593770295381546,0.0007051335996948183,0.08726644515991211,0.0012581762857735157,0.6183673469387755,0.0020408163265306124,0.00019875774160027504,0.00038063773536123335,-0.0006572464480996132,0.0021586641669273376,0.6204081632653061,0.0020408163265306124,0.0004322136228438467,0.0010599682573229074,-0.005875416100025177,0.0009160637855529785,0.3163265306122449,0.0163265306122449,0.0008763849618844688,0.0016306973993778229,-0.02660077065229416,0.00514550507068634,0.9469387755102041,0.9469387755102041,0.004630464594811201,0.020111288875341415,-0.08726644515991211,0.08726644515991211,0.9948979591836735,0.9948979591836735,0.0001530612207716331,0.002143731340765953,-0.029999999329447746,0.029999999329447746
/root/repo/cdpr_synth_10hz/libero_spatial_no_noops/tfrecords_human_control_fixed/libero_spatial_no_noops-train-HUMAN_CONTROL_desk__plate-ycb_apple_wrapper__localpatched_teleop_2026-01-09_15-31-46.tfrecord,484,0.1756198347107438,0.002066115702479339,0.00198460859246552,0.0010284314630553126,0.005919874692335721,0.0004754245455842465,0.6508264462809917,0.004132231404958678,0.00027149784727953374,0.0005652381223626435,-0.0023541636765003204,0.0017497288063168526,0.39462809917355374,0.004132231404958678,0.0011363918893039227,0.00206398731097579,-0.004300106316804886,0.0063510313630104065,0.3119834710743802,0.03305785123966942,0.0007832819246686995,0.001755996490828693,-0.02660077065229416,0.0055441707372665405,1.0,1.0,0.0,0.0,0.0,0.0,0.993801652892562,0.993801652892562,0.0001859504118328914,0.0023635232355445623,-0.029999999329447746,0.029999999329447746
/root/repo/cdpr_synth_10hz/libero_spatial_no_noops/tfrecords_human_control_fixed/libero_spatial_no_noops-train-HUMAN_CONTROL_desk__ycb_a_colored_wood_blocks_wrapper__localpatched_teleop_2025-12-26_11-59-29.tfrecord,663,0.20211161387631976,0.0015082956259426848,0.0018764163833111525,0.001142023247666657,0.006057840958237648,0.0004990035085938871,0.6018099547511312,0.0030165912518853697,0.00046335981460288167,0.000925275671761483,-0.0028172284364700317,0.0028798282146453857,0.5776772247360482,0.0030165912518853697,0.0003612787986639887,0.0007162050460465252,-0.0026712194085121155,0.0025709867477416992,0.17345399698340874,0.024132730015082957,0.001579883275553584,0.002438274910673499,-0.02660077065229416,0.007209330797195435,1.0,1.0,0.0,0.0,0.0,0.0,0.9969834087481146,0.9969834087481146,9.049773507285863e-05,0.0016489491099491715,-0.029999999329447746,0.029999999329447746
/root/repo/cdpr_synth_10hz/libero_spatial_no_noops/tfrecords_human_control_fixed/libero_spatial_no_noops-train-HUMAN_CONTROL_desk__ycb_a_cups-ycb_apple-ycb_banana-ycb_fork_wrapper__localpatched_teleop_2026-01-13_12-32-10.tfrecord,641,0.25273010920436817,0.0015600624024961,0.0015704905381426215,0.0010036390740424395,0.004605178255587816,0.0003700309316627681,0.7831513260530422,0.0031201248049922,0.00012705090921372175,0.0003120199544355273,-0.001537521369755268,0.0010700356215238571,0.5460218408736349,0.0031201248049922,0.0006950519746169448,0.0015047118067741394,-0.004498504102230072,0.006273277103900909,0.28081123244929795,0.0249609984399376,0.0008876463398337364,0.0016274744411930442,-0.02660077065229416,0.004091978073120117,1.0,1.0,0.0,0.0,0.0,0.0,0.9953198127925117,0.9953198127925117,0.0001404056092724204,0.002053422387689352,-0.029999999329447746,0.029999999329447746
/root/repo/cdpr_synth_10hz/libero_spatial_no_noops/tfrecords_human_control_fixed/libero_spatial_no_noops-train-HUMAN_CONTROL_desk__ycb_a_cups-ycb_apple-ycb_banana-ycb_fork_wrapper__localpatched_teleop_2026-01-13_12-34-16.tfrecord,607,0.25370675453047775,0.0016474464579901153,0.003926985431462526,0.0007909030537120998,0.004771525971591471,0.0008788230479694903,0.5733113673805601,0.004942339373970346,0.0006408763001672924,0.0012810224434360862,-0.004147127270698547,0.0043608397245407104,0.49917627677100496,0.0032948929159802307,0.00041213183430954814,0.00078917748760432,-0.0036676586605608463,0.002410324290394783,0.28171334431630973,0.026359143327841845,0.0006544575444422662,0.0014302482595667243,-0.02660077065229416,0.0029461532831192017,0.9703459637561779,0.9703459637561779,0.0025878027081489563,0.014815161935985088,-0.08726668357849121,0.0,0.9967051070840197,0.9967051070840197,9.88467872957699e-05,0.0017234549159184098,-0.029999999329447746,0.029999999329447746
/root/repo/cdpr_synth_10hz/libero_spatial_no_noops/tfrecords_human_control_fixed/libero_spatial_no_noops-train-HUMAN_CONTROL_desk__ycb_a_cups-ycb_hammer-ycb_medium_clamp_wrapper__localpatched_teleop_2026-01-13_12-51-27.tfrecord,714,0.24509803921568626,0.0014005602240896359,0.001246509957127273,0.0006969626992940903,0.0034552768804132945,0.00031927457894198596,0.5210084033613446,0.0028011204481792717,0.0002315320452908054,0.00043644910329021513,-0.0024371352046728134,0.0007427148520946503,0.42016806722689076,0.0028011204481792717,0.0006446964689530432,0.00109221285674721,-0.003971867263317108,0.003646537661552429,0.32492997198879553,0.022408963585434174,0.0005940943374298513,0.0013908017426729202,-0.02660077065229416,0.0033543482422828674,1.0,1.0,0.0,0.0,0.0,0.0,0.9957983193277311,0.9957983193277311,0.00012605042138602585,0.001945523894391954,-0.029999999329447746,0.029999999329447746
/root/repo/cdpr_synth_10hz/libero_spatial_no_noops/tfrecords_human_control_fixed/libero_spatial_no_noops-train-HUMAN_CONTROL_desk__ycb_a_cups-ycb_hammer-ycb_medium_clamp_wrapper__localpatched_teleop_2026-01-13_12-52-32.tfrecord,850,0.3129411764705882,0.001176470588235294,0.005558203440159559,0.0010166724678128958,0.030000784806907176,0.0011474591447040439,0.711764705882353,0.002352941176470588,0.00048427010187879205,0.0012644936796277761,-0.0067940354347229,0.0024777166545391083,0.8788235294117647,0.01764705882352941,0.00010053446021629497,0.00032422016374766827,-0.0020253099501132965,0.0006553009152412415,0.33647058823529413,0.018823529411764704,0.0008372866432182491,0.00159813545178622,-0.02660077065229416,0.004514902830123901,0.951764705882353,0.951764705882353,0.004209322854876518,0.019077802076935768,-0.08726644515991211,0.08726668357849121,0.9964705882352941,0.9964705882352941,0.0001058823472703807,0.0017829618882387877,-0.029999999329447746,0.029999999329447746
/root/repo/cdpr_synth_10hz/libero_spatial_no_noops/tfrecords_human_control_fixed/libero_spatial_no_noops-train-HUMAN_CONTROL_desk__ycb_a_cups_wrapper__localpatched_teleop_2025-12-26_12-02-54.tfrecord,417,0.14388489208633093,0.002398081534772182,0.0027482984587550163,0.0013885891530662775,0.00876214653253555,0.0007898039184510708,0.4988009592326139,0.004796163069544364,0.001024642027914524,0.0020392201840877533,-0.005522690713405609,0.006301321089267731,0.3980815347721823,0.004796163069544364,0.0008086147718131542,0.001384839415550232,-0.003229200839996338,0.005709230899810791,0.2014388489208633,0.03836930455635491,0.0019718781113624573,0.0030313017778098583,-0.02660077065229416,0.007858812808990479,1.0,1.0,0.0,0.0,0.0,0.0,0.9952038369304557,0.9952038369304557,0.00014388488489203155,0.0020801257342100143,-0.029999999329447746,0.029999999329447746
/root/repo/cdpr_synth_10hz/libero_spatial_no_noops/tfrecords_human_control_fixed/libero_spatial_no_noops-train-HUMAN_CONTROL_desk__ycb_a_toy_airplane_wrapper__localpatched_teleop_2025-12-26_12-06-14.tfrecord,1197,0.2756892230576441,0.000835421888053467,0.004549864679574966,0.0006514667184092104,0.00747495098039508,0.0009842605795711279,0.7159565580618212,0.007518796992481203,0.00044234751840122044,0.0012873195810243487,-0.00757257267832756,0.004138005897402763,0.695906432748538,0.003341687552213868,0.00030176888685673475,0.0007981678354553878,-0.002832910045981407,0.004888374358415604,0.316624895572264,0.013366750208855471,0.000992177170701325,0.0018762482795864344,-0.02660077065229416,0.0075269341468811035,0.9640768588137009,0.9640768588137009,0.003134885337203741,0.01639149710536003,-0.08726644515991211,0.08726668357849121,0.9983291562238931,0.9983291562238931,5.012531255488284e-05,0.0012267911806702614,-0.029999999329447746,0.029999999329447746
/root/repo/cdpr_synth_10hz/libero_spatial_no_noops/tfrecords_human_control_fixed/libero_spatial_no_noops-train-HUMAN_CONTROL_desk__ycb_apple-ycb_b_cups-ycb_banana-ycb_fork_wrapper__localpatched_teleop_2026-01-13_12-07-07.tfrecord,465,0.2967741935483871,0.002150537634408602,0.0015297633362933993,0.0006993492715992033,0.004057940375059843,0.0004109747242182493,0.5032258064516129,0.004301075268817204,0.0005835111951455474,0.0010923054069280624,-0.003171561285853386,0.0041448697447776794,0.46881720430107526,0.004301075268817204,0.0005655524437315762,0.0009687591809779406,-0.003473937511444092,0.0023143887519836426,0.3870967741935484,0.034408602150537634,0.0007122613023966551,0.0016978312050923705,-0.02660077065229416,0.003907196223735809,1.0,1.0,0.0,0.0,0.0,0.0,0.9935483870967742,0.9935483870967742,0.00019354837422724813,0.0024113929830491543,-0.029999999329447746,0.029999999329447746
/root/repo/cdpr_synth_10hz/libero_spatial_no_noops/tfrecords_human_control_fixed/libero_spatial_no_noops-train-HUMAN_CONTROL_desk__ycb_apple-ycb_b_cups-ycb_banana-ycb_fork_wrapper__localpatched_teleop_2026-01-13_12-10-25.tfrecord,741,0.2496626180836707,0.001349527665317139,0.0035607258323580027,0.0008924063295125961,0.0051874155178666115,0.0007987365243025124,0.5587044534412956,0.002699055330634278,0.0005354807944968343,0.001169412862509489,-0.003187625203281641,0.005849365144968033,0.6666666666666666,0.002699055330634278,0.00044177696690894663,0.0009366797166876495,-0.0030695179011672735,0.0031578429043293,0.242914979757085,0.021592442645074223,0.0007751350640319288,0.001512727583758533,-0.02660077065229416,0.0043570250272750854,0.9757085020242915,0.9757085020242915,0.002119832905009389,0.01344414334744215,0.0,0.08726668357849121,0.9959514170040485,0.9959514170040485,0.00012145748769398779,0.001909711747430265,-0.029999999329447746,0.029999999329447746
/root/repo/cdpr_synth_10hz/libero_spatial_no_noops/tfrecords_human_control_fixed/libero_spatial_no_noops-train-HUMAN_CONTROL_desk__ycb_apple-ycb_b_cups-ycb_banana-ycb_fork_wrapper__localpatched_teleop_2026-01-13_12-12-12.tfrecord,477,0.27882599580712786,0.0020964360587002098,0.0012968563241884112,0.0005697552696801722,0.005537010543048379,0.00033249150146730244,0.8805031446540881,0.0041928721174004195,0.0002702910569496453,0.0008582391892559826,-0.004576101899147034,9.913957910612226e-05,0.4549266247379455,0.0041928721174004195,0.0006189504638314247,0.0013648588210344315,-0.006309758871793747,0.00124388188123703,0.3417190775681342,0.033542976939203356,0.0006474297842942178,0.00155725353397429,-0.02660077065229416,0.0029461532831192017,1.0,1.0,0.0,0.0,0.0,0.0,0.9958071278825996,0.9958071278825996,0.0001257861586054787,0.0019446111982688308,-0.029999999329447746,0.029999999329447746
/root/repo/cdpr_synth_10hz/libero_spatial_no_noops/tfrecords_human_control_fixed/libero_spatial_no_noops-train-HUMAN_CONTROL_desk__ycb_apple-ycb_banana-ycb_bowl_wrapper__localpatched_teleop_2025-12-26_09-59-07.tfrecord,835,0.19760479041916168,0.0011976047904191617,0.0015861140564084053,0.0012676947517320514,0.0040352596435695885,0.0003573404683265835,0.5856287425149701,0.0023952095808383233,0.00043895223643630743,0.0009022745070978999,-0.004202201962471008,0.0026438049972057343,0.7760479041916167,0.0023952095808383233,0.00019980834622401744,0.0005588952335529029,-2.3767352104187012e-05,0.0037185531109571457,0.3017964071856287,0.019161676646706587,0.0010401583276689053,0.0017936016665771604,-0.02660077065229416,0.005469605326652527,1.0,1.0,0.0,0.0,0.0,0.0,0.9964071856287425,0.9964071856287425,0.00010778442810988054,0.001798922079615295,-0.029999999329447746,0.029999999329447746
/root/repo/cdpr_synth_10hz/libero_spatial_no_noops/tfrecords_human_control_fixed/libero_spatial_no_noops-train-HUMAN_CONTROL_desk__ycb_apple-ycb_banana-ycb_bowl_wrapper__localpatched_teleop_2025-12-26_10-01-59.tfrecord,1037,0.24300867888138863,0.0009643201542912247,0.0048555852845311165,0.0011785686947405338,0.007261652499437332,0.0010585426352918148,0.7328833172613307,0.0019286403085824494,0.000230070436373353,0.0006192211876623333,-0.0015626936219632626,0.004245797172188759,0.6123432979749277,0.0019286403085824494,0.00066823058295995,0.0015161242336034775,-0.004398435354232788,0.0070892199873924255,0.3018322082931533,0.03182256509161042,0.001278122654184699,0.002162851160392165,-0.02660077065229416,0.006183505058288574,0.9652844744455159,0.9652844744455159,0.0030295010656118393,0.01626742258667946,-0.08726668357849121,0.08726668357849121,0.9971070395371263,0.9971070395371263,8.678880840307102e-05,0.0016141063533723354,-0.029999999329447746,0.029999999329447746
/root/repo/cdpr_synth_10hz/libero_spatial_no_noops/tfrecords_human_control_fixed/libero_spatial_no_noops-train-HUMAN_CONTROL_desk__ycb_apple-ycb_banana-ycb_bowl_wrapper__localpatched_teleop_2025-12-26_10-03-48.tfrecord,915,0.20546448087431693,0.001092896174863388,0.005680407397449017,0.0013632704503834248,0.007559978030622005,0.0012046623742207885,0.7814207650273224,0.002185792349726776,0.0001246816827915609,0.0003168471739627421,-0.0006480887532234192,0.001969132572412491,0.5967213114754099,0.002185792349726776,0.0009447889751754701,0.0020160221029073,-0.007467424031347036,0.004226408898830414,0.2896174863387978,0.017486338797814208,0.0013266745954751968,0.002376088174059987,-0.02660077065229416,0.007491111755371094,0.9595628415300547,0.9595628415300547,0.003528807545080781,0.017557742074131966,-0.08726668357849121,0.08726668357849121,0.9967213114754099,0.9967213114754099,9.836065146373585e-05,0.0017184187890961766,-0.029999999329447746,0.029999999329447746
/root/repo/cdpr_synth_10hz/libero_spatial_no_noops/tfrecords_human_control_fixed/libero_spatial_no_noops-train-HUMAN_CONTROL_desk__ycb_apple-ycb_banana-ycb_bowl_wrapper__localpatched_teleop_2025-12-26_10-06-45.tfrecord,1058,0.31379962192816635,0.000945179584120983,0.005457833409309387,0.0011278865858912468,0.010253960825502872,0.0012389024486765265,0.6691871455576559,0.001890359168241966,0.0008596187690272927,0.0020752635318785906,-0.00846526026725769,0.0060194432735443115,0.5916824196597353,0.002835538752362949,0.0008165060426108539,0.0018988566007465124,-0.0069939494132995605,0.006780900061130524,0.3166351606805293,0.015122873345935728,0.0011340215569362044,0.0021368861198425293,-0.02660077065229416,0.007671862840652466,0.9621928166351607,0.9621928166351607,0.0032992989290505648,0.01697542518377304,-0.08726668357849121,0.08726668357849121,0.997164461247637,0.997164461247637,8.506615995429456e-05,0.001597992959432304,-0.029999999329447746,0.029999999329447746
/root/repo/cdpr_synth_10hz/libero_spatial_no_noops/tfrecords_human_control_fixed/libero_spatial_no_noops-train-HUMAN_CONTROL_desk__ycb_apple-ycb_banana-ycb_bowl_wrapper__localpatched_teleop_2026-01-09_15-49-23.tfrecord,664,0.15813253012048192,0.0015060240963855422,0.0023046175483614206,0.00142729002982378,0.006933812517672779,0.0006327205919660628,0.39457831325301207,0.0030120481927710845,0.0008016363135538995,0.0016141787637025118,-0.007005937397480011,0.00461995042860508,0.3042168674698795,0.0030120481927710845,0.000917769328225404,0.0015705046243965626,-0.004843943752348423,0.0048934221267700195,0.2635542168674699,0.024096385542168676,0.0013086538529023528,0.0021347985602915287,-0.02660077065229416,0.0055890679359436035,1.0,1.0,0.0,0.0,0.0,0.0,0.9954819277108434,0.9954819277108434,0.00013554217002820224,0.002017516177147627,-0.029999999329447746,0.029999999329447746
/root/repo/cdpr_synth_10hz/libero_spatial_no_noops/tfrecords_human_control_fixed/libero_spatial_no_noops-train-HUMAN_CONTROL_desk__ycb_apple-ycb_banana-ycb_bowl_wrapper__localpatched_teleop_2026-01-09_15-52-23.tfrecord,764,0.21727748691099477,0.0013089005235602095,0.006461310666054487,0.0014132880605757236,0.029490610584616737,0.0013933621812611818,0.6518324607329843,0.002617801047120419,0.0004637240490410477,0.0011678425362333655,-0.006539329886436462,0.0018012858927249908,0.3900523560209424,0.002617801047120419,0.001493413932621479,0.0026286887004971504,-0.008037358522415161,0.0068672895431518555,0.4162303664921466,0.002617801047120419,0.0007048835977911949,0.0016702553257346153,-0.02660077065229416,0.006146952509880066,0.9515706806282722,0.9515706806282722,0.004226254764944315,0.019213976338505745,-0.08726644515991211,0.08726644515991211,0.9973821989528796,0.9973821989528796,7.853403076296672e-05,0.0015359390527009964,-0.029999999329447746,0.029999999329447746
/root/repo/cdpr_synth_10hz/libero_spatial_no_noops/tfrecords_human_control_fixed/libero_spatial_no_noops-train-HUMAN_CONTROL_desk__ycb_apple-ycb_banana-ycb_bowl_wrapper__localpatched_teleop_2026-01-09_15-54-12.tfrecord,774,0.11498708010335917,0.0012919896640826874,0.0069208526983857155,0.002389016095548868,0.014999619126318262,0.0015180472983047366,0.3979328165374677,0.002583979328165375,0.0018856505630537868,0.003164504421874881,-0.007714569568634033,0.008546575903892517,0.42764857881136953,0.002583979328165375,0.0007899079355411232,0.001411868492141366,-0.006490185856819153,0.003199554979801178,0.40568475452196384,0.003875968992248062,0.0007782530155964196,0.001762556261382997,-0.02660077065229416,0.0063556283712387085,0.9534883720930233,0.9534883720930233,0.004058904945850372,0.01883254013955593,-0.08726668357849121,0.08726668357849121,0.9974160206718347,0.9974160206718347,7.7519376645796e-05,0.001525971805676818,-0.029999999329447746,0.029999999329447746
/root/repo/cdpr_synth_10hz/libero_spatial_no_noops/tfrecords_human_control_fixed/libero_spatial_no_noops-train-HUMAN_CONTROL_desk__ycb_apple-ycb_banana-ycb_bowl_wrapper__localpatched_teleop_2026-01-09_15-55-16.tfrecord,726,0.16666666666666666,0.0013774104683195593,0.007669821847230196,0.0011123297736048698,0.08726648055016994,0.0016648320015519857,0.5743801652892562,0.0027548209366391185,0.0006089682574383914,0.0011710261460393667,-0.0039512887597084045,0.004297778010368347,0.5440771349862259,0.0027548209366391185,0.0008802124066278338,0.0019518521148711443,-0.00548873096704483,0.007494769990444183,0.2066115702479339,0.02203856749311295,0.0009413287625648081,0.0016802744939923286,-0.02660077065229416,0.0049947649240493774,0.9338842975206612,0.9338842975206612,0.005769682116806507,0.022349607199430466,-0.08726668357849121,0.08726644515991211,0.9958677685950413,0.9958677685950413,0.0001239669363712892,0.0019293559016659856,-0.029999999329447746,0.029999999329447746
/root/repo/cdpr_synth_10hz/libero_spatial_no_noops/tfrecords_human_control_fixed/libero_spatial_no_noops-train-HUMAN_CONTROL_desk__ycb_apple-ycb_banana-ycb_bowl_wrapper__localpatched_teleop_2026-01-09_15-56-34.tfrecord,901,0.31076581576026635,0.0011098779134295228,0.007503795437514782,0.0008198381983675063,0.0872664824128151,0.0015818326501175761,0.47613762486126526,0.0022197558268590455,0.000478772766655311,0.0008810340077616274,-0.0012246295809745789,0.00476682186126709,0.6526082130965594,0.0022197558268590455,0.0004884444060735404,0.0012310578022152185,-0.004986383020877838,0.005926735699176788,0.4339622641509434,0.017758046614872364,0.0006433309172280133,0.0014801279176026583,-0.02660077065229416,0.0050138384103775024,0.9289678135405105,0.9289678135405105,0.006198727060109377,0.02308860421180725,-0.08726668357849121,0.08726644515991211,0.9966703662597114,0.9966703662597114,9.988901001634076e-05,0.001731735304929316,-0.029999999329447746,0.029999999329447746
/root/repo/cdpr_synth_10hz/libero_spatial_no_noops/tfrecords_human_control_fixed/libero_spatial_no_noops-train-HUMAN_CONTROL_desk__ycb_apple-ycb_banana-ycb_c_cups-ycb_fork_wrapper__localpatched_teleop_2026-01-13_12-38-20.tfrecord,890,0.20674157303370785,0.0011235955056179776,0.002284657908603549,0.0008935178630053997,0.004115288471803069,0.0005234992713667452,0.6921348314606741,0.0022471910112359553,0.00029152611386962235,0.0006612875731661916,-0.0032483749091625214,0.0018227994441986084,0.7,0.0022471910112359553,0.000302913918858394,0.0006702753598801792,-0.0030082017183303833,0.0009043216705322266,0.1898876404494382,0.017977528089887642,0.0010394628625363111,0.001738320803269744,-0.02660077065229416,0.00553537905216217,0.9898876404494382,0.9898876404494382,0.0008824696415103972,0.008736117742955685,0.0,0.08726644515991211,0.996629213483146,0.996629213483146,0.0001011235945043154,0.0017424128018319607,-0.029999999329447746,0.029999999329447746
/root/repo/cdpr_synth_10hz/libero_spatial_no_noops/tfrecords_human_control_fixed/libero_spatial_no_noops-train-HUMAN_CONTROL_desk__ycb_apple-ycb_banana-ycb_d_cups-ycb_fork_wrapper__localpatched_teleop_2026-01-13_12-20-06.tfrecord,594,0.3063973063973064,0.0016835016835016834,0.004182802047580481,0.0010290101636201143,0.008097229106351734,0.0009712643222883344,0.5841750841750841,0.003367003367003367,0.000540374603588134,0.001174566219560802,-0.005531132221221924,0.002316027879714966,0.5606060606060606,0.003367003367003367,0.0009037313284352422,0.001831230241805315,-0.003579147160053253,0.007039763033390045,0.29124579124579125,0.026936026936026935,0.0009100878960452974,0.0017831348814070225,-0.02660077065229416,0.00470443069934845,0.9730639730639731,0.9730639730639731,0.0023506113793700933,0.014331402257084846,-0.08726644515991211,0.08726644515991211,0.9949494949494949,0.9949494949494949,0.00015151513798628002,0.0021332071628421545,-0.029999999329447746,0.029999999329447746
/root/repo/cdpr_synth_10hz/libero_spatial_no_noops/tfrecords_human_control_fixed/libero_spatial_no_noops-train-HUMAN_CONTROL_desk__ycb_apple-ycb_banana-ycb_d_cups-ycb_fork_wrapper__localpatched_teleop_2026-01-13_12-24-39.tfrecord,712,0.300561797752809,0.0014044943820224719,0.004130274523049593,0.0008706816006451845,0.006924932682886719,0.0009403293370269239,0.6460674157303371,0.0028089887640449437,0.0005563701852224767,0.0012641999637708068,-0.005208536982536316,0.004417791962623596,0.4957865168539326,0.0028089887640449437,0.0008181125740520656,0.001756993937306106,-0.006428144872188568,0.0062285661697387695,0.3946629213483146,0.02247191011235955,0.0008720204932615161,0.0017872523749247193,-0.02660077065229416,0.005494788289070129,0.973314606741573,0.973314606741573,0.002328739734366536,0.014073973521590233,0.0,0.08726668357849121,0.9957865168539326,0.9957865168539326,0.00012640448403544724,0.001948256976902485,-0.029999999329447746,0.029999999329447746
/root/repo/cdpr_synth_10hz/libero_spatial_no_noops/tfrecords_human_control_fixed/libero_spatial_no_noops-train-HUMAN_CONTROL_desk__ycb_apple-ycb_banana-ycb_d_cups-ycb_fork_wrapper__localpatched_teleop_2026-01-13_12-39-55.tfrecord,612,0.2679738562091503,0.0016339869281045752,0.001541885663755238,0.0008132994407787919,0.004247029288671909,0.0004026449751108885,0.5163398692810458,0.0032679738562091504,0.00041910537402145565,0.0007949931896291673,-0.003460623323917389,0.0012592077255249023,0.6176470588235294,0.0032679738562091504,0.00044450649875216186,0.0010716811520978808,-0.005517050623893738,0.002202387899160385,0.25163398692810457,0.026143790849673203,0.0010025539668276906,0.0017780243651941419,-0.02660077065229416,0.004502087831497192,1.0,1.0,0.0,0.0,0.0,0.0,0.9950980392156863,0.9950980392156863,0.00014705881767440587,0.002101563150063157,-0.029999999329447746,0.029999999329447746
/root/repo/cdpr_synth_10hz/libero_spatial_no_noops/tfrecords_human_control_fixed/libero_spatial_no_noops-train-HUMAN_CONTROL_desk__ycb_apple-ycb_banana-ycb_e_cups-ycb_fork_wrapper__localpatched_teleop_2026-01-13_12-27-30.tfrecord,527,0.20113851992409867,0.0018975332068311196,0.0023186292964965105,0.001861021970398724,0.007875370047986507,0.0006539759342558682,0.3567362428842505,0.003795066413662239,0.0010568848811089993,0.0019842491019517183,-0.007601557299494743,0.0026756301522254944,0.27703984819734345,0.003795066413662239,0.001218142220750451,0.001928122015669942,-0.006922559812664986,0.004157148767262697,0.22960151802656548,0.030360531309297913,0.0008240758324973285,0.001638932852074504,-0.02660077065229416,0.003717772662639618,1.0,1.0,0.0,0.0,0.0,0.0,0.9943074003795066,0.9943074003795066,0.00017077798838727176,0.0022649168968200684,-0.029999999329447746,0.029999999329447746
/root/repo/cdpr_synth_10hz/libero_spatial_no_noops/tfrecords_human_control_fixed/libero_spatial_no_noops-train-HUMAN_CONTROL_desk__ycb_apple-ycb_banana-ycb_e_cups-ycb_fork_wrapper__localpatched_teleop_2026-01-13_12-42-00.tfrecord,741,0.2807017543859649,0.001349527665317139,0.003046169877052307,0.0007870718836784363,0.004453742876648903,0.0006974345888011158,0.4966261808367072,0.004048582995951417,0.000389690394513309,0.0007042500656098127,-0.0023736804723739624,0.0029575731605291367,0.5141700404858299,0.002699055330634278,0.0004719712014775723,0.0009153522551059723,-0.002139788120985031,0.003961473703384399,0.3724696356275304,0.021592442645074223,0.0007375268614850938,0.001565687358379364,-0.02660077065229416,0.004633814096450806,0.979757085020243,0.979757085020243,0.0017665271880105138,0.01229807734489441,0.0,0.08726644515991211,0.9959514170040485,0.9959514170040485,0.00012145748769398779,0.001909711747430265,-0.029999999329447746,0.029999999329447746
/root/repo/cdpr_synth_10hz/libero_spatial_no_noops/tfrecords_human_control_fixed/libero_spatial_no_noops-train-HUMAN_CONTROL_desk__ycb_apple-ycb_banana-ycb_e_cups-ycb_fork_wrapper__localpatched_teleop_2026-01-13_12-43-47.tfrecord,1338,0.11210762331838565,0.0007473841554559044,0.004233294166624546,0.0013803445035591722,0.005544016766361876,0.0009678246569819748,0.3931240657698057,0.0014947683109118087,0.0005887579172849655,0.001011112704873085,-0.004619065672159195,0.004322022199630737,0.21823617339312407,0.0014947683109118087,0.0007793222903274,0.001208928762935102,-0.003216993063688278,0.006208166480064392,0.3505231689088191,0.01195814648729447,0.0007500736974179745,0.001365934032946825,-0.02660077065229416,0.004329994320869446,0.9701046337817638,0.9701046337817638,0.002608862239867449,0.0150851896032691,-0.08726644515991211,0.08726644515991211,0.9962630792227205,0.9962630792227205,0.00011210762022528797,0.0018344566924497485,-0.029999999329447746,0.029999999329447746
/root/repo/cdpr_synth_10hz/libero_spatial_no_noops/tfrecords_human_control_fixed/libero_spatial_no_noops-train-HUMAN_CONTROL_desk__ycb_apple-ycb_banana-ycb_f_cups-ycb_fork_wrapper__localpatched_teleop_2026-01-13_12-45-12.tfrecord,676,0.22189349112426035,0.0014792899408284023,0.001529786386527121,0.00088393414625898,0.004280218156054616,0.00039745072717778385,0.5828402366863905,0.0029585798816568047,0.00026666148914955556,0.0005279034958221018,-0.0026904651895165443,0.0009443312883377075,0.5295857988165681,0.0029585798816568047,0.0006376953679136932,0.0013507500989362597,-0.005815476179122925,0.004153065383434296,0.16568047337278108,0.023668639053254437,0.0009497604332864285,0.0016674771904945374,-0.02660077065229416,0.004559844732284546,1.0,1.0,0.0,0.0,0.0,0.0,0.9955621301775148,0.9955621301775148,0.00013313608360476792,0.0019995018374174833,-0.029999999329447746,0.029999999329447746
/root/repo/cdpr_synth_10hz/libero_spatial_no_noops/tfrecords_human_control_fixed/libero_spatial_no_noops-train-HUMAN_CONTROL_desk__ycb_apple-ycb_banana-ycb_f_cups-ycb_fork_wrapper__localpatched_teleop_2026-01-13_12-46-07.tfrecord,662,0.21148036253776434,0.0015105740181268882,0.004500566050410271,0.001379357185214758,0.006536803441122173,0.0009932881221175194,0.459214501510574,0.0030211480362537764,0.0005819668876938522,0.0010195656213909388,-0.0020429417490959167,0.003988705575466156,0.6419939577039275,0.0030211480362537764,0.000826759438496083,0.0018914715619757771,-0.006880730390548706,0.006340742111206055,0.3776435045317221,0.02416918429003021,0.000917137018404901,0.0017617339035496116,-0.02660077065229416,0.004465416073799133,0.9712990936555891,0.9712990936555891,0.0025046265218406916,0.014581428840756416,-0.08726668357849121,0.0,0.9954682779456193,0.9954682779456193,0.00013595166092272848,0.0020205634646117687,-0.029999999329447746,0.029999999329447746
/root/repo/cdpr_synth_10hz/libero_spatial_no_noops/tfrecords_human_control_fixed/libero_spatial_no_noops-train-HUMAN_CONTROL_desk__ycb_apple-ycb_banana-ycb_fork-ycb_g_cups_wrapper__localpatched_teleop_2026-01-13_12-13-35.tfrecord,755,0.176158940397351,0.0013245033112582781,0.0036928902845829725,0.0008950888295657933,0.006425911653786896,0.0008507457678206265,0.447682119205298,0.0026490066225165563,0.0006478882278315723,0.0011734896106645465,-0.004590645432472229,0.002620857208967209,0.4900662251655629,0.0026490066225165563,0.0007786587229929864,0.0015731729799881577,-0.006262223236262798,0.0031545832753181458,0.2847682119205298,0.02119205298013245,0.0006274519837461412,0.0013582883402705193,-0.02660077065229416,0.0033249855041503906,0.976158940397351,0.976158940397351,0.002080524805933237,0.013321462087333202,0.0,0.08726668357849121,0.9960264900662251,0.9960264900662251,0.00011920529505005106,0.0018919140566140413,-0.029999999329447746,0.029999999329447746
/root/repo/cdpr_synth_10hz/libero_spatial_no_noops/tfrecords_human_control_fixed/libero_spatial_no_noops-train-HUMAN_CONTROL_desk__ycb_apple-ycb_banana-ycb_fork-ycb_g_cups_wrapper__localpatched_teleop_2026-01-13_12-16-08.tfrecord,572,0.27972027972027974,0.0017482517482517483,0.0019888323731720448,0.001388046657666564,0.006483692792244253,0.0005725821247324347,0.3583916083916084,0.0034965034965034965,0.000889758113771677,0.001565190963447094,-0.0061383843421936035,0.004566077142953873,0.43356643356643354,0.005244755244755245,0.0008427565335296094,0.0015579428290948272,-0.0051543228328228,0.005518011748790741,0.27972027972027974,0.03496503496503497,0.0009730539750307798,0.001785165281035006,-0.02660077065229416,0.0051063597202301025,1.0,1.0,0.0,0.0,0.0,0.0,0.9947552447552448,0.9947552447552448,0.00015734265616629273,0.0021738912910223007,-0.029999999329447746,0.029999999329447746
/root/repo/cdpr_synth_10hz/libero_spatial_no_noops/tfrecords_human_control_fixed/libero_spatial_no_noops-train-HUMAN_CONTROL_desk__ycb_apple-ycb_banana-ycb_fork-ycb_g_cups_wrapper__localpatched_teleop_2026-01-13_12-17-08.tfrecord,1014,0.26429980276134124,0.0009861932938856016,0.004515358246862888,0.0008649707306176424,0.008034998411312699,0.0010065429378300905,0.41222879684418146,0.0009861932938856016,0.0008297408348880708,0.0016774589894339442,-0.0049718692898750305,0.007808588445186615,0.3708086785009862,0.0009861932938856016,0.0006164769874885678,0.0010789938969537616,-0.005410224199295044,0.002209991216659546,0.5532544378698225,0.0019723865877712033,0.00039952181396074593,0.0010139173828065395,-0.019801892340183258,0.004083991050720215,0.9644970414201184,0.9644970414201184,0.003098217071965337,0.01645015925168991,-0.08726644515991211,0.08726644515991211,0.9970414201183432,0.9970414201183432,8.875739149516448e-05,0.0016323248855769634,-0.029999999329447746,0.029999999329447746
/root/repo/cdpr_synth_10hz/libero_spatial_no_noops/tfrecords_human_control_fixed/libero_spatial_no_noops-train-HUMAN_CONTROL_desk__ycb_apple-ycb_banana-ycb_fork-ycb_g_cups_wrapper__localpatched_teleop_2026-01-13_12-35-03.tfrecord,546,0.1978021978021978,0.0018315018315018315,0.002294152043759823,0.001316587906330824,0.007874186732806265,0.0006394886877387762,0.3791208791208791,0.003663003663003663,0.0011963584693148732,0.002211278071627021,-0.0077778734266757965,0.004396442323923111,0.4010989010989011,0.003663003663003663,0.001035335473716259,0.0018602891359478235,-0.006717026233673096,0.003691505640745163,0.2326007326007326,0.029304029304029304,0.000855859718285501,0.001660799258388579,-0.02660077065229416,0.003632187843322754,1.0,1.0,0.0,0.0,0.0,0.0,0.9963369963369964,0.9963369963369964,0.00010989010479534045,0.0018173475982621312,-0.029999999329447746,0.029999999329447746
/root/repo/cdpr_synth_10hz/libero_spatial_no_noops/tfrecords_human_control_fixed/libero_spatial_no_noops-train-HUMAN_CONTROL_desk__ycb_apple-ycb_banana-ycb_fork-ycb_g_cups_wrapper__localpatched_teleop_2026-01-13_12-36-02.tfrecord,829,0.28950542822677927,0.0012062726176115801,0.002941759768873453,0.0007663466967642307,0.005881206598132845,0.0006480528390966356,0.5500603136308806,0.0024125452352231603,0.000592776108533144,0.0014217083808034658,-0.0071024103090167046,0.003094162791967392,0.6139927623642943,0.0024125452352231603,0.0003246772976126522,0.0006133131682872772,-0.0023903772234916687,0.001856297254562378,0.5235223160434258,0.019300361881785282,0.0006352384225465357,0.0014961134875193238,-0.02660077065229416,0.004689708352088928,0.9819059107358263,0.9819059107358263,0.001579006901010871,0.011639014817774296,-0.08726644515991211,0.0,0.9963811821471653,0.9963811821471653,0.00010856453445740044,0.001805423409678042,-0.029999999329447746,0.029999999329447746
/root/repo/cdpr_synth_10hz/libero_spatial_no_noops/tfrecords_human_control_fixed/libero_spatial_no_noops-train-HUMAN_CONTROL_desk__ycb_apple-ycb_banana-ycb_peach_wrapper__localpatched_teleop_2026-01-13_11-24-34.tfrecord,1456,0.26304945054945056,0.0006868131868131869,0.003968583419919014,0.0010600051609799266,0.00811502430588007,0.0009464186732657254,0.34684065934065933,0.0013736263736263737,0.0011135782115161419,0.0021154156420379877,-0.006335310637950897,0.008024416863918304,0.45467032967032966,0.0013736263736263737,0.0007994883926585317,0.0015219385968521237,-0.006075859069824219,0.005031391978263855,0.3598901098901099,0.01098901098901099,0.0006369811599142849,0.001248041051439941,-0.02660077065229416,0.004665732383728027,0.9766483516483516,0.9766483516483516,0.002037815283983946,0.013339982368052006,-0.08726644515991211,0.08726644515991211,0.9951923076923077,0.9951923076923077,0.0001442307693650946,0.0020807445980608463,-0.029999999329447746,0.029999999329447746
/root/repo/cdpr_synth_10hz/libero_spatial_no_noops/tfrecords_human_control_fixed/libero_spatial_no_noops-train-HUMAN_CONTROL_desk__ycb_apple-ycb_banana-ycb_peach_wrapper__localpatched_teleop_2026-01-13_11-26-04.tfrecord,816,0.2536764705882353,0.0012254901960784314,0.002475503832101822,0.001160103129222989,0.008565627969801426,0.0006550292018800974,0.43137254901960786,0.0024509803921568627,0.0014832420274615288,0.0028097317554056644,-0.006317570805549622,0.008669883012771606,0.4178921568627451,0.0024509803921568627,0.0007139555527828634,0.0013601698447018862,-0.005685087293386459,0.004583463072776794,0.3174019607843137,0.01838235294117647,0.000894124445039779,0.001678410335443914,-0.02660077065229416,0.005001962184906006,1.0,1.0,0.0,0.0,0.0,0.0,0.9938725490196079,0.9938725490196079,0.00018382351845502853,0.002349498448893428,-0.029999999329447746,0.029999999329447746
/root/repo/cdpr_synth_10hz/libero_spatial_no_noops/tfrecords_human_control_fixed/libero_spatial_no_noops-train-HUMAN_CONTROL_desk__ycb_apple-ycb_banana-ycb_peach_wrapper__localpatched_teleop_2026-01-13_11-40-24.tfrecord,1444,0.16966759002770082,0.0006925207756232687,0.0017934255301952362,0.0008706835797056556,0.007032163231633602,0.00046471896348521113,0.5408587257617729,0.0013850415512465374,0.00048023578710854053,0.001060069422237575,-0.00456894189119339,0.005119882524013519,0.2950138504155125,0.0013850415512465374,0.001072262180969119,0.001996643142774701,-0.007803916931152344,0.0044435858726501465,0.3462603878116344,0.0110803324099723,0.0005425653071142733,0.0011013987241312861,-0.02660077065229416,0.0032181963324546814,1.0,1.0,0.0,0.0,0.0,0.0,0.9923822714681441,0.9923822714681441,0.00022853184782434255,0.002619194332510233,-0.029999999329447746,0.029999999329447746
/root/repo/cdpr_synth_10hz/libero_spatial_no_noops/tfrecords_human_control_fixed/libero_spatial_no_noops-train-HUMAN_CONTROL_desk__ycb_apple-ycb_banana-ycb_peach_wrapper__localpatched_teleop_2026-01-13_11-42-44.tfrecord,1079,0.32252085264133457,0.0009267840593141798,0.0030876891687512398,0.0005502402782440186,0.0075563596561551,0.0006950750248506665,0.32808155699721964,0.0018535681186283596,0.0004425503720995039,0.0008090026094578207,-0.004613347351551056,0.0024157213047146797,0.6570898980537535,0.0018535681186283596,0.0005595684051513672,0.0016133717726916075,-0.008166998624801636,0.0010268092155456543,0.41797961075069506,0.014828544949026877,0.0004993333714082837,0.0011810756986960769,-0.02660077065229416,0.003910176455974579,0.9796107506950881,0.9796107506950881,0.0017792974831536412,0.012381148524582386,-0.08726644515991211,0.08726668357849121,0.9935125115848007,0.9935125115848007,0.00019462464842945337,0.002417314099147916,-0.029999999329447746,0.029999999329447746
/root/repo/cdpr_synth_10hz/libero_spatial_no_noops/tfrecords_human_control_fixed/libero_spatial_no_noops-train-HUMAN_CONTROL_desk__ycb_apple-ycb_banana-ycb_peach_wrapper__localpatched_teleop_2026-01-13_11-43-51.tfrecord,512,0.259765625,0.001953125,0.001705982256680727,0.0009690584847703576,0.0059819003101438265,0.00044232496293261647,0.546875,0.00390625,0.0003487412759568542,0.0008035152568481863,-0.004168784245848656,0.0012303409166634083,0.2890625,0.00390625,0.0010556586785241961,0.0015240266220644116,-0.006603747606277466,0.000788375735282898,0.32421875,0.03125,0.0006314438069239259,0.0015679973876103759,-0.02660077065229416,0.004134088754653931,1.0,1.0,0.0,0.0,0.0,0.0,0.994140625,0.994140625,0.00017578124243300408,0.002297894097864628,-0.029999999329447746,0.029999999329447746
/root/repo/cdpr_synth_10hz/libero_spatial_no_noops/tfrecords_human_control_fixed/libero_spatial_no_noops-train-HUMAN_CONTROL_desk__ycb_apple-ycb_banana-ycb_peach_wrapper__localpatched_teleop_2026-01-13_11-45-05.tfrecord,1432,0.2011173184357542,0.0006983240223463687,0.0042757573537528515,0.0010109867434948683,0.00845387629233301,0.000972748443018645,0.3812849162011173,0.0013966480446927375,0.0006221990333870053,0.001155006350018084,-0.00346321240067482,0.005401939153671265,0.46368715083798884,0.0013966480446927375,0.0008999111596494913,0.0019669905304908752,-0.008458852767944336,0.003159826621413231,0.3254189944134078,0.011871508379888268,0.0006354931392706931,0.0012574101565405726,-0.02660077065229416,0.004197761416435242,0.9706703910614525,0.9706703910614525,0.002559490967541933,0.014948394149541855,-0.08726668357849121,0.08726668357849121,0.9951117318435754,0.9951117318435754,0.00014664804621133953,0.00209811725653708,-0.029999999329447746,0.029999999329447746
/root/repo/cdpr_synth_10hz/libero_spatial_no_noops/tfrecords_human_control_fixed/libero_spatial_no_noops-train-HUMAN_CONTROL_desk__ycb_apple-ycb_banana-ycb_pear_wrapper__localpatched_teleop_2026-01-12_14-54-13.tfrecord,466,0.27253218884120173,0.002145922746781116,0.002551581244915724,0.0012258049100637436,0.008395383134484291,0.0006426089676097035,0.44420600858369097,0.004291845493562232,0.0003545397485140711,0.0006000204593874514,-0.0021395916119217873,0.0018951594829559326,0.4334763948497854,0.004291845493562232,0.0017451707972213626,0.0031115435995161533,-0.004163049161434174,0.008558332920074463,0.27896995708154504,0.034334763948497854,0.0009202008368447423,0.00182835862506181,-0.02660077065229416,0.004725739359855652,1.0,1.0,0.0,0.0,0.0,0.0,0.9935622317596566,0.9935622317596566,0.00019313303346280009,0.002408799948170781,-0.029999999329447746,0.029999999329447746
/root/repo/cdpr_synth_10hz/libero_spatial_no_noops/tfrecords_human_control_fixed/libero_spatial_no_noops-train-HUMAN_CONTROL_desk__ycb_apple-ycb_banana-ycb_pear_wrapper__localpatched_teleop_2026-01-12_15-02-52.tfrecord,387,0.32041343669250644,0.002583979328165375,0.002229077508673072,0.0008708851528353989,0.007626186171546578,0.0005387924029491842,0.3875968992248062,0.00516795865633075,0.0014083510031923652,0.0023302671033889055,-0.0003927499055862427,0.008061587810516357,0.8062015503875969,0.00516795865633075,0.0001800205500330776,0.0005254168063402176,-0.002628641203045845,0.0005027987062931061,0.3049095607235142,0.041343669250646,0.0008730321424081922,0.001850404660217464,-0.02660077065229416,0.0036695897579193115,1.0,1.0,0.0,0.0,0.0,0.0,0.9922480620155039,0.9922480620155039,0.000232558129937388,0.0026436359621584415,-0.029999999329447746,0.029999999329447746
/root/repo/cdpr_synth_10hz/libero_spatial_no_noops/tfrecords_human_control_fixed/libero_spatial_no_noops-train-HUMAN_CONTROL_desk__ycb_apple-ycb_banana-ycb_pear_wrapper__localpatched_teleop_2026-01-12_15-03-38.tfrecord,465,0.21935483870967742,0.002150537634408602,0.0037711309269070625,0.0013177660293877125,0.008230376057326788,0.0008968260954134166,0.38924731182795697,0.004301075268817204,0.001156577025540173,0.0021300124935805798,-0.0013766884803771973,0.007919102907180786,0.36129032258064514,0.004301075268817204,0.0007488190312869847,0.0012962677283212543,-0.004363067448139191,0.004402756690979004,0.3161290322580645,0.034408602150537634,0.0007606742437928915,0.0016788154607638717,-0.02660077065229416,0.004071414470672607,0.9806451612903225,0.9806451612903225,0.0016890279948711395,0.012117342092096806,-0.08726644515991211,0.08726644515991211,0.9956989247311828,0.9956989247311828,0.0001290322543354705,0.001969596603885293,-0.029999999329447746,0.029999999329447746
/root/repo/cdpr_synth_10hz/libero_spatial_no_noops/tfrecords_human_control_fixed/libero_spatial_no_noops-train-HUMAN_CONTROL_desk__ycb_apple-ycb_banana-ycb_pear_wrapper__localpatched_teleop_2026-01-12_15-04-16.tfrecord,387,0.24806201550387597,0.002583979328165375,0.002591145457699895,0.0019551634322851896,0.0068064153660088765,0.000660669757053256,0.4263565891472868,0.00516795865633075,0.0014886497519910336,0.0021760074887424707,-0.0005782246589660645,0.007443875074386597,0.6098191214470284,0.00516795865633075,0.00037428451469168067,0.0008435150957666337,-0.0037537887692451477,0.0011583417654037476,0.21705426356589147,0.041343669250646,0.001207855879329145,0.002129236003383994,-0.02660077065229416,0.004756957292556763,1.0,1.0,0.0,0.0,0.0,0.0,0.9922480620155039,0.9922480620155039,0.000232558129937388,0.0026436354964971542,-0.029999999329447746,0.029999999329447746
/root/repo/cdpr_synth_10hz/libero_spatial_no_noops/tfrecords_human_control_fixed/libero_spatial_no_noops-train-HUMAN_CONTROL_desk__ycb_apple-ycb_banana-ycb_pear_wrapper__localpatched_teleop_2026-01-12_15-10-12.tfrecord,644,0.2391304347826087,0.0015527950310559005,0.01843852922320366,0.0014886589488014579,0.08726676218211651,0.0038005721289664507,0.6071428571428571,0.003105590062111801,0.0008138543926179409,0.0017678949516266584,-0.0002584680914878845,0.007805883884429932,0.5714285714285714,0.003105590062111801,0.0007021725177764893,0.0015665482496842742,-0.005968824028968811,0.00595632940530777,0.5232919254658385,0.024844720496894408,0.000679727818351239,0.001640888280235231,-0.02660077065229416,0.005435734987258911,0.8090062111801242,0.8090062111801242,0.016667375341057777,0.0379352830350399,-0.08726668357849121,0.08726668357849121,0.9953416149068323,0.9953416149068323,0.000139751544338651,0.00204862910322845,-0.029999999329447746,0.029999999329447746
/root/repo/cdpr_synth_10hz/libero_spatial_no_noops/tfrecords_human_control_fixed/libero_spatial_no_noops-train-HUMAN_CONTROL_desk__ycb_apple-ycb_banana-ycb_pear_wrapper__localpatched_teleop_2026-01-12_15-20-49.tfrecord,525,0.3028571428571429,0.0019047619047619048,0.001959417713806033,0.0007033132133074105,0.007245768886059519,0.0005213338881731033,0.4057142857142857,0.0038095238095238095,0.0006971711409278214,0.0013451247941702604,-0.005441427230834961,0.004324018955230713,0.3904761904761905,0.0038095238095238095,0.0011418545618653297,0.0021370199974626303,-0.0077475011348724365,0.001018524169921875,0.3638095238095238,0.030476190476190476,0.0005962144932709634,0.0015440613497048616,-0.02660077065229416,0.004119738936424255,1.0,1.0,0.0,0.0,0.0,0.0,0.9942857142857143,0.9942857142857143,0.00017142856086138636,0.0022692279890179634,-0.029999999329447746,0.029999999329447746
/root/repo/cdpr_synth_10hz/libero_spatial_no_noops/tfrecords_human_control_fixed/libero_spatial_no_noops-train-HUMAN_CONTROL_desk__ycb_apple-ycb_banana-ycb_pear_wrapper__localpatched_teleop_2026-01-12_15-21-29.tfrecord,1448,0.1457182320441989,0.0006906077348066298,0.007696117274463177,0.0014242357574403286,0.08726650215685368,0.0016584380064159632,0.3397790055248619,0.0020718232044198894,0.000994405010715127,0.0017524799332022667,-0.008114710450172424,0.003186240792274475,0.3653314917127072,0.0013812154696132596,0.0007823908235877752,0.001591047621332109,-0.008160054683685303,0.0026466399431228638,0.5593922651933702,0.011049723756906077,0.0005056476220488548,0.0012529902160167694,-0.02660077065229416,0.004733249545097351,0.9323204419889503,0.9323204419889503,0.005906157661229372,0.02271048165857792,-0.08726668357849121,0.08726668357849121,0.9965469613259669,0.9965469613259669,0.00010359115549363196,0.001763368840329349,-0.029999999329447746,0.029999999329447746
/root/repo/cdpr_synth_10hz/libero_spatial_no_noops/tfrecords_human_control_fixed/libero_spatial_no_noops-train-HUMAN_CONTROL_desk__ycb_apple-ycb_banana-ycb_pear_wrapper__localpatched_teleop_2026-01-12_15-22-57.tfrecord,548,0.26094890510948904,0.0018248175182481751,0.004739136900752783,0.0017226752825081348,0.007997911190614104,0.0011210611555725336,0.35583941605839414,0.0036496350364963502,0.0009675816399976611,0.001619927934370935,-0.00569567084312439,0.003712773323059082,0.3521897810218978,0.0036496350364963502,0.0011897782096639276,0.0021536797285079956,-0.008078902959823608,0.0008748471736907959,0.38503649635036497,0.029197080291970802,0.0008950322517193854,0.0018075103871524334,-0.02660077065229416,0.004713147878646851,0.9726277372262774,0.9726277372262774,0.0023886801209300756,0.014450165443122387,-0.08726644515991211,0.08726644515991211,0.9945255474452555,0.9945255474452555,0.00016423357010353357,0.0022210392635315657,-0.029999999329447746,0.029999999329447746
/root/repo/cdpr_synth_10hz/libero_spatial_no_noops/tfrecords_human_control_fixed/libero_spatial_no_noops-train-HUMAN_CONTROL_desk__ycb_apple-ycb_banana_wrapper__localpatched_teleop_2026-01-09_16-20-33.tfrecord,562,0.2508896797153025,0.0017793594306049821,0.001829764572903514,0.0007842610357329249,0.006460652756504703,0.0005281279445625842,0.398576512455516,0.0035587188612099642,0.0008510887855663896,0.0016050132689997554,-0.006169550120830536,0.004631631076335907,0.41459074733096085,0.0035587188612099642,0.000775874825194478,0.0015035871183499694,-0.006142802536487579,0.0034692492336034775,0.3487544483985765,0.028469750889679714,0.0008535342058166862,0.001747426576912403,-0.02660077065229416,0.004392996430397034,1.0,1.0,0.0,0.0,0.0,0.0,0.994661921708185,0.994661921708185,0.0001601423427928239,0.0021931626833975315,-0.029999999329447746,0.029999999329447746
/root/repo/cdpr_synth_10hz/libero_spatial_no_noops/tfrecords_human_control_fixed/libero_spatial_no_noops-train-HUMAN_CONTROL_desk__ycb_apple-ycb_banana_wrapper__localpatched_teleop_2026-01-09_16-22-12.tfrecord,718,0.19080779944289694,0.001392757660167131,0.0016512525035068393,0.001132357632741332,0.0038599681458435925,0.0003864406899083406,0.4832869080779944,0.002785515320334262,0.0005964009906165302,0.0012559440219774842,-0.0065079182386398315,0.0009740293025970459,0.8356545961002786,0.002785515320334262,9.539912571199238e-05,0.00027484403108246624,-0.0018328586593270302,0.000622795894742012,0.16295264623955433,0.022284122562674095,0.001115054707042873,0.001788149937056005,-0.02660077065229416,0.0036725103855133057,1.0,1.0,0.0,0.0,0.0,0.0,0.9958217270194986,0.9958217270194986,0.00012534818961285055,0.0019400742603465915,-0.029999999329447746,0.029999999329447746
/root/repo/cdpr_synth_10hz/libero_spatial_no_noops/tfrecords_human_control_fixed/libero_spatial_no_noops-train-HUMAN_CONTROL_desk__ycb_apple-ycb_banana_wrapper__localpatched_teleop_2026-01-09_16-24-07.tfrecord,437,0.20594965675057209,0.002288329519450801,0.002222642069682479,0.0013667900348082185,0.006637075264006852,0.0005778505001217127,0.38672768878718533,0.002288329519450801,0.0011858517536893487,0.002134281676262617,-0.007563292980194092,0.0031808894127607346,0.37757437070938216,0.002288329519450801,0.0006250067963264883,0.001043742406181991,-0.0039055123925209045,0.0015549957752227783,0.20823798627002288,0.006864988558352402,0.0008724452345632017,0.001649912679567933,-0.02468101680278778,0.0037112534046173096,1.0,1.0,0.0,0.0,0.0,0.0,0.9931350114416476,0.9931350114416476,0.00020594964735209942,0.002487551886588335,-0.029999999329447746,0.029999999329447746
/root/repo/cdpr_synth_10hz/libero_spatial_no_noops/tfrecords_human_control_fixed/libero_spatial_no_noops-train-HUMAN_CONTROL_desk__ycb_apple-ycb_banana_wrapper__localpatched_teleop_2026-01-11_18-04-34.tfrecord,531,0.32015065913371,0.0018832391713747645,0.0019473760621622205,0.0008694456773810089,0.0075892130844295025,0.0005106157041154802,0.5781544256120528,0.003766478342749529,0.0009179978515021503,0.00201978487893939,-0.0005902023985981941,0.007935255765914917,0.5574387947269304,0.003766478342749529,0.0004934918251819909,0.0010404662461951375,-0.003533497452735901,0.004145968705415726,0.2598870056497175,0.05084745762711865,0.000972097332123667,0.0018605338409543037,-0.02660077065229416,0.0053646862506866455,1.0,1.0,0.0,0.0,0.0,0.0,0.9943502824858758,0.9943502824858758,0.00016949151176959276,0.002256356878206134,-0.029999999329447746,0.029999999329447746
/root/repo/cdpr_synth_10hz/libero_spatial_no_noops/tfrecords_human_control_fixed/libero_spatial_no_noops-train-HUMAN_CONTROL_desk__ycb_apple-ycb_banana_wrapper__localpatched_teleop_2026-01-11_18-05-42.tfrecord,594,0.2542087542087542,0.0016835016835016834,0.00170147477183491,0.0009861546568572521,0.006020757625810805,0.0003847678890451789,0.6835016835016835,0.003367003367003367,0.0006903845933265984,0.0016538376221433282,-8.653849363327026e-05,0.007573366165161133,0.6498316498316499,0.003367003367003367,0.00040661238017491996,0.000910363916773349,-0.004717815667390823,0.0012585222721099854,0.3939393939393939,0.026936026936026935,0.0006753277266398072,0.0015599613543599844,-0.02660077065229416,0.004196092486381531,1.0,1.0,0.0,0.0,0.0,0.0,0.9949494949494949,0.9949494949494949,0.00015151513798628002,0.002133206697180867,-0.029999999329447746,0.029999999329447746
/root/repo/cdpr_synth_10hz/libero_spatial_no_noops/tfrecords_human_control_fixed/libero_spatial_no_noops-train-HUMAN_CONTROL_desk__ycb_apple-ycb_banana_wrapper__localpatched_teleop_2026-01-11_18-07-19.tfrecord,649,0.13559322033898305,0.0015408320493066256,0.0035048683639615774,0.001130407676100731,0.007195058465003969,0.0007948196725919843,0.4283513097072419,0.0030816640986132513,0.001074087806046009,0.002105057006701827,-0.005105551332235336,0.007929354906082153,0.7180277349768875,0.0030816640986132513,0.00027010159101337194,0.0006803766009397805,-0.0014787837862968445,0.003720102831721306,0.13713405238828968,0.01848998459167951,0.0010121418163180351,0.00178855552803725,-0.02660077065229416,0.005267783999443054,0.9830508474576272,0.9830508474576272,0.0014790922868996859,0.011273183859884739,-0.08726644515991211,0.0,0.9953775038520801,0.9953775038520801,0.0001386748772347346,0.0020407158881425858,-0.029999999329447746,0.029999999329447746
/root/repo/cdpr_synth_10hz/libero_spatial_no_noops/tfrecords_human_control_fixed/libero_spatial_no_noops-train-HUMAN_CONTROL_desk__ycb_apple-ycb_banana_wrapper__localpatched_teleop_2026-01-12_13-57-48.tfrecord,729,0.3045267489711934,0.0013717421124828531,0.004776428919285536,0.0008367821574211121,0.009018287621438503,0.0010735670803114772,0.39231824417009603,0.0027434842249657062,0.0010884938528761268,0.002027966780588031,-0.0061492919921875,0.006437487900257111,0.6406035665294925,0.0027434842249657062,0.0008378655184060335,0.0018612626008689404,-0.0004931613802909851,0.00785854458808899,0.5610425240054869,0.02194787379972565,0.0005647567450068891,0.0014839689247310162,-0.02660077065229416,0.005022525787353516,0.9684499314128944,0.9684499314128944,0.002753262873739004,0.015376976691186428,-0.08726668357849121,0.08726668357849121,0.9958847736625515,0.9958847736625515,0.00012345678987912834,0.0019253827631473541,-0.029999999329447746,0.029999999329447746
/root/repo/cdpr_synth_10hz/libero_spatial_no_noops/tfrecords_human_control_fixed/libero_spatial_no_noops-train-HUMAN_CONTROL_desk__ycb_apple-ycb_banana_wrapper__localpatched_teleop_2026-01-12_13-58-41.tfrecord,627,0.22807017543859648,0.001594896331738437,0.007318385876715183,0.0008925199508666992,0.08726682886481285,0.001536067808046937,0.6794258373205742,0.003189792663476874,0.00014239455049391836,0.0002875400532502681,-0.0013454332947731018,0.0009023209568113089,0.43381180223285487,0.003189792663476874,0.0014113091165199876,0.0027323877438902855,-0.00575709342956543,0.008573770523071289,0.32216905901116427,0.025518341307814992,0.0006942191394045949,0.001568260951898992,-0.02660077065229416,0.004572317004203796,0.9393939393939394,0.9393939393939394,0.005288875661790371,0.021354157477617264,-0.08726644515991211,0.08726668357849121,0.9952153110047847,0.9952153110047847,0.00014354065933730453,0.0020762488711625338,-0.029999999329447746,0.029999999329447746
/root/repo/cdpr_synth_10hz/libero_spatial_no_noops/tfrecords_human_control_fixed/libero_spatial_no_noops-train-HUMAN_CONTROL_desk__ycb_apple-ycb_banana_wrapper__localpatched_teleop_2026-01-12_13-59-37.tfrecord,718,0.21866295264623956,0.001392757660167131,0.0021759853698313236,0.0008792784647084773,0.008492280822247266,0.0005660190945491195,0.6253481894150418,0.002785515320334262,0.0006172016728669405,0.0013762169983237982,-0.005348458886146545,0.00527649000287056,0.5055710306406686,0.002785515320334262,0.0012706690467894077,0.002654953394085169,-0.005771741271018982,0.008599638938903809,0.1894150417827298,0.022284122562674095,0.00081687665078789,0.0015506129711866379,-0.02660077065229416,0.004307985305786133,1.0,1.0,0.0,0.0,0.0,0.0,0.9958217270194986,0.9958217270194986,0.00012534818961285055,0.0019400794990360737,-0.029999999329447746,0.029999999329447746
/root/repo/cdpr_synth_10hz/libero_spatial_no_noops/tfrecords_human_control_fixed/libero_spatial_no_noops-train-HUMAN_CONTROL_desk__ycb_apple-ycb_banana_wrapper__localpatched_teleop_2026-01-12_14-17-16.tfrecord,679,0.18851251840942562,0.0014727540500736377,0.0041041383519768715,0.0017493917839601636,0.008143626432865859,0.0009429382625967264,0.7776141384388807,0.0029455081001472753,0.00012873132072854787,0.000274530379101634,-0.0012310128659009933,0.0008830167353153229,0.21796759941089838,0.0029455081001472753,0.0018527716165408492,0.002820004476234317,-0.008496135473251343,0.0050393082201480865,0.25920471281296026,0.023564064801178203,0.0009700115188024938,0.0017999387346208096,-0.02660077065229416,0.004274338483810425,0.9823269513991163,0.9823269513991163,0.0015422641299664974,0.011606919579207897,-0.08726644515991211,0.08726644515991211,0.9926362297496318,0.9926362297496318,0.00022091309074312449,0.0025758836418390274,-0.029999999329447746,0.029999999329447746
/root/repo/cdpr_synth_10hz/libero_spatial_no_noops/tfrecords_human_control_fixed/libero_spatial_no_noops-train-HUMAN_CONTROL_desk__ycb_apple-ycb_banana_wrapper__localpatched_teleop_2026-01-12_14-18-21.tfrecord,688,0.31976744186046513,0.0014534883720930232,0.0018632755381986499,0.0005197457503527403,0.007575106038711964,0.00045769245480187237,0.7398255813953488,0.0029069767441860465,0.00023909231822472066,0.0006345155998133123,-0.0030226334929466248,0.002703500911593437,0.5915697674418605,0.0029069767441860465,0.0009686117991805077,0.002152106026187539,-0.008260995149612427,0.001760244369506836,0.2543604651162791,0.023255813953488372,0.0008627346251159906,0.0017464414704591036,-0.02660077065229416,0.004711747169494629,1.0,1.0,0.0,0.0,0.0,0.0,0.9927325581395349,0.9927325581395349,0.00021802324044983834,0.0025589626748114824,-0.029999999329447746,0.029999999329447746
/root/repo/cdpr_synth_10hz/libero_spatial_no_noops/tfrecords_human_control_fixed/libero_spatial_no_noops-train-HUMAN_CONTROL_desk__ycb_apple-ycb_banana_wrapper__localpatched_teleop_2026-01-12_14-19-21.tfrecord,776,0.2693298969072165,0.001288659793814433,0.0065321424044668674,0.0007217828533612192,0.08726649172604084,0.0013897105818614364,0.39819587628865977,0.002577319587628866,0.0003600057971198112,0.000614405085798353,-0.0024264175444841385,0.0018289461731910706,0.5373711340206185,0.002577319587628866,0.0007614452042616904,0.0015947173815220594,-0.006462365388870239,0.0018219351768493652,0.47551546391752575,0.020618556701030927,0.0005381099763326347,0.0013515711762011051,-0.02660077065229416,0.003892660140991211,0.9407216494845361,0.9407216494845361,0.0051730116829276085,0.021259447559714317,-0.08726668357849121,0.08726668357849121,0.9961340206185567,0.9961340206185567,0.0001159793755505234,0.0018661124631762505,-0.029999999329447746,0.029999999329447746
/root/repo/cdpr_synth_10hz/libero_spatial_no_noops/tfrecords_human_control_fixed/libero_spatial_no_noops-train-HUMAN_CONTROL_desk__ycb_apple-ycb_peach-ycb_pear_wrapper__localpatched_teleop_2026-01-13_10-49-17.tfrecord,697,0.20946915351506457,0.0014347202295552368,0.002476711291819811,0.001382501912303269,0.007474365085363376,0.0006840646383352578,0.37589670014347204,0.0028694404591104736,0.0013428846141323447,0.0022242008708417416,-0.0074984729290008545,0.004380721598863602,0.30416068866571017,0.0028694404591104736,0.0011292042909190059,0.0019052654970437288,-0.0065031349658966064,0.004944372922182083,0.30416068866571017,0.02295552367288379,0.0007330260705202818,0.0014748148387297988,-0.02660077065229416,0.0036703944206237793,1.0,1.0,0.0,0.0,0.0,0.0,0.9928263988522238,0.9928263988522238,0.0002152080269297585,0.002542374888435006,-0.029999999329447746,0.029999999329447746
/root/repo/cdpr_synth_10hz/libero_spatial_no_noops/tfrecords_human_control_fixed/libero_spatial_no_noops-train-HUMAN_CONTROL_desk__ycb_apple-ycb_peach-ycb_pear_wrapper__localpatched_teleop_2026-01-13_10-50-29.tfrecord,1204,0.08305647840531562,0.0008305647840531562,0.0037565610837191343,0.001797662815079093,0.007265096949413413,0.0009023528546094894,0.3131229235880399,0.0016611295681063123,0.0012606089003384113,0.0021573342382907867,-0.00798875093460083,0.004365891218185425,0.47093023255813954,0.0016611295681063123,0.000718917406629771,0.001307985163293779,-0.004712238907814026,0.004844825714826584,0.223421926910299,0.013289036544850499,0.0010033361613750458,0.001657084678299725,-0.02660077065229416,0.005077734589576721,0.9850498338870431,0.9850498338870431,0.001304648001678288,0.010594348423182964,0.0,0.08726668357849121,0.9925249169435216,0.9925249169435216,0.00022425247880164534,0.0025947096291929483,-0.029999999329447746,0.029999999329447746
/root/repo/cdpr_synth_10hz/libero_spatial_no_noops/tfrecords_human_control_fixed/libero_spatial_no_noops-train-HUMAN_CONTROL_desk__ycb_apple-ycb_peach-ycb_pear_wrapper__localpatched_teleop_2026-01-13_10-52-36.tfrecord,763,0.19397116644823068,0.001310615989515072,0.003995233681052923,0.0011218637228012085,0.0073856280185282215,0.0008974333177320659,0.2870249017038008,0.002621231979030144,0.0010832925327122211,0.001857209368608892,-0.007834285497665405,0.0014563202857971191,0.7208387942332897,0.002621231979030144,0.00023446495470125228,0.0006156977615319192,-0.003954481333494186,0.0014450214803218842,0.26605504587155965,0.020969855832241154,0.0007997329230420291,0.0015152953565120697,-0.02660077065229416,0.003895863890647888,0.9750982961992136,0.9750982961992136,0.002173083368688822,0.013607305474579334,-0.08726668357849121,0.0,0.9934469200524246,0.9934469200524246,0.0001965923875104636,0.0024298103526234627,-0.029999999329447746,0.029999999329447746
/root/repo/cdpr_synth_10hz/libero_spatial_no_noops/tfrecords_human_control_fixed/libero_spatial_no_noops-train-HUMAN_CONTROL_desk__ycb_apple-ycb_peach-ycb_pear_wrapper__localpatched_teleop_2026-01-13_11-04-50.tfrecord,848,0.11320754716981132,0.0011792452830188679,0.002451725769788027,0.0014141229912638664,0.007506733550690113,0.0006995760486461222,0.2841981132075472,0.0023584905660377358,0.0010829019593074918,0.001785250031389296,-0.004367027431726456,0.0061658769845962524,0.18278301886792453,0.0023584905660377358,0.0013429258251562715,0.00211539538577199,-0.0056729987263679504,0.006946384906768799,0.17452830188679244,0.018867924528301886,0.0008244116907007992,0.0014629110228270292,-0.02660077065229416,0.0036801770329475403,1.0,1.0,0.0,0.0,0.0,0.0,0.9917452830188679,0.9917452830188679,0.00024764149566181004,0.002727050567045808,-0.029999999329447746,0.029999999329447746
/root/repo/cdpr_synth_10hz/libero_spatial_no_noops/tfrecords_human_control_fixed/libero_spatial_no_noops-train-HUMAN_CONTROL_desk__ycb_apple-ycb_peach-ycb_pear_wrapper__localpatched_teleop_2026-01-13_11-06-29.tfrecord,1300,0.10846153846153846,0.0007692307692307692,0.0062448675744235516,0.001166844042018056,0.03311896175145844,0.0013897258322685957,0.21,0.0015384615384615385,0.0008039362728595734,0.0012782172998413444,-0.004667710512876511,0.004943534731864929,0.2692307692307692,0.0015384615384615385,0.0010154639603570104,0.0019292512442916632,-0.0033285655081272125,0.008384957909584045,0.3569230769230769,0.012307692307692308,0.0005120598361827433,0.001138770952820778,-0.02660077065229416,0.004136249423027039,0.95,0.95,0.004363322630524635,0.019515106454491615,-0.08726668357849121,0.08726668357849121,0.9915384615384616,0.9915384615384616,0.0002538461412768811,0.00276056956499815,-0.029999999329447746,0.029999999329447746
/root/repo/cdpr_synth_10hz/libero_spatial_no_noops/tfrecords_human_control_fixed/libero_spatial_no_noops-train-HUMAN_CONTROL_desk__ycb_apple-ycb_peach-ycb_pear_wrapper__localpatched_teleop_2026-01-13_11-07-41.tfrecord,571,0.29246935201401053,0.0017513134851138354,0.00235148798674345,0.0008925199508666992,0.008212221786379814,0.0006370947230607271,0.415061295971979,0.0035026269702276708,0.0008403562824241817,0.0015501556918025017,-0.0051385462284088135,0.005407646298408508,0.38704028021015763,0.0035026269702276708,0.001270137494429946,0.002457004738971591,-0.0021335380151867867,0.008416682481765747,0.3327495621716287,0.028021015761821366,0.0008122827275656164,0.0016969990683719516,-0.02660077065229416,0.005116775631904602,1.0,1.0,0.0,0.0,0.0,0.0,0.9912434325744308,0.9912434325744308,0.00026269699446856976,0.0028092677239328623,-0.029999999329447746,0.029999999329447746
/root/repo/cdpr_synth_10hz/libero_spatial_no_noops/tfrecords_human_control_fixed/libero_spatial_no_noops-train-HUMAN_CONTROL_desk__ycb_apple-ycb_peach-ycb_pear_wrapper__localpatched_teleop_2026-01-13_11-10-26.tfrecord,1102,0.24319419237749546,0.0009074410163339383,0.006132178008556366,0.0011028076987713575,0.03001234494149685,0.0013817360159009695,0.36569872958257715,0.0018148820326678765,0.0013025726657360792,0.0024527031928300858,-0.004980266094207764,0.008659765124320984,0.47186932849364793,0.0018148820326678765,0.0007033789297565818,0.001440572552382946,-0.002369701862335205,0.007527083158493042,0.41379310344827586,0.016333938294010888,0.0006487763021141291,0.0014059387613087893,-0.02660077065229416,0.005383506417274475,0.9528130671506352,0.9528130671506352,0.004117836244404316,0.018965115770697594,-0.08726668357849121,0.08726668357849121,0.9954627949183303,0.9954627949183303,0.0001361161412205547,0.0020214978139847517,-0.029999999329447746,0.029999999329447746
/root/repo/cdpr_synth_10hz/libero_spatial_no_noops/tfrecords_human_control_fixed/libero_spatial_no_noops-train-HUMAN_CONTROL_desk__ycb_apple-ycb_peach-ycb_pear_wrapper__localpatched_teleop_2026-01-13_11-23-17.tfrecord,707,0.22347949080622348,0.0014144271570014145,0.0027028003241866827,0.0014564621960744262,0.008508485741913315,0.0007379651651717722,0.43705799151343705,0.002828854314002829,0.0014548685867339373,0.0026440767105668783,-0.005374521017074585,0.008295238018035889,0.31966053748231965,0.002828854314002829,0.0014220390003174543,0.0022366014309227467,-0.007381469011306763,0.004630081355571747,0.33663366336633666,0.02263083451202263,0.0006007534684613347,0.0013419605093076825,-0.02660077065229416,0.0031641870737075806,1.0,1.0,0.0,0.0,0.0,0.0,0.9929278642149929,0.9929278642149929,0.0002121640573022887,0.002524314448237419,-0.029999999329447746,0.029999999329447746
/root/repo/cdpr_synth_10hz/libero_spatial_no_noops/tfrecords_human_control_fixed/libero_spatial_no_noops-train-HUMAN_CONTROL_desk__ycb_apple-ycb_pear_wrapper__localpatched_teleop_2026-01-12_14-55-35.tfrecord,535,0.31962616822429907,0.001869158878504673,0.007664516568183899,0.001066752360202372,0.08726712837815284,0.0016563101671636105,0.5794392523364486,0.003738317757009346,0.0004660457489080727,0.0009283231338486075,-0.003431888297200203,0.0029858164489269257,0.577570093457944,0.007476635514018692,0.0012272059684619308,0.002602426800876856,-0.00317392498254776,0.008481204509735107,0.36822429906542054,0.03177570093457944,0.000711055938154459,0.0016109416028484702,-0.02660077065229416,0.004330635070800781,0.9345794392523364,0.9345794392523364,0.005709019955247641,0.022340858355164528,-0.08726644515991211,0.08726644515991211,0.994392523364486,0.994392523364486,0.0001682242873357609,0.002247896045446396,-0.029999999329447746,0.029999999329447746
/root/repo/cdpr_synth_10hz/libero_spatial_no_noops/tfrecords_human_control_fixed/libero_spatial_no_noops-train-HUMAN_CONTROL_desk__ycb_apple-ycb_pear_wrapper__localpatched_teleop_2026-01-12_14-56-26.tfrecord,499,0.20841683366733466,0.002004008016032064,0.00268176244571805,0.0012941276654601097,0.008547400124371052,0.0006946069770492613,0.40080160320641284,0.004008016032064128,0.0007747445488348603,0.0016005666693672538,-0.006615262478590012,0.00415961816906929,0.47695390781563124,0.006012024048096192,0.001643006457015872,0.003041140967980027,-0.00394834578037262,0.008577167987823486,0.17635270541082165,0.03206412825651302,0.0008749216212891042,0.001712610013782978,-0.02660077065229416,0.003907464444637299,1.0,1.0,0.0,0.0,0.0,0.0,0.9939879759519038,0.9939879759519038,0.0001803607156034559,0.002327676396816969,-0.029999999329447746,0.029999999329447746
/root/repo/cdpr_synth_10hz/libero_spatial_no_noops/tfrecords_human_control_fixed/libero_spatial_no_noops-train-HUMAN_CONTROL_desk__ycb_apple-ycb_plate_wrapper__localpatched_teleop_2025-12-14_23-08-59.tfrecord,1197,0.1670843776106934,0.000835421888053467,0.002071844646707177,0.0012103596236556768,0.007431777939200402,0.0004996337229385972,0.6950710108604845,0.001670843776106934,0.0004590232274495065,0.0012135329889133573,-0.003961637616157532,0.0061521977186203,0.5263157894736842,0.001670843776106934,0.000871870550327003,0.0020140879787504673,-0.006365031003952026,0.008352532982826233,0.21553884711779447,0.013366750208855471,0.001041961251758039,0.0017382466467097402,-0.02660077065229416,0.006083860993385315,1.0,1.0,0.0,0.0,0.0,0.0,0.9958228905597326,0.9958228905597326,0.0001253132795682177,0.001939567388035357,-0.029999999329447746,0.029999999329447746
/root/repo/cdpr_synth_10hz/libero_spatial_no_noops/tfrecords_human_control_fixed/libero_spatial_no_noops-train-HUMAN_CONTROL_desk__ycb_apple_wrapper__localpatched_teleop_2026-01-09_16-25-13.tfrecord,617,0.16693679092382496,0.0016207455429497568,0.0021463893353939056,0.001453470904380083,0.0062584660016000255,0.0005813846946693957,0.3905996758508914,0.0032414910858995136,0.0009315622737631202,0.001784101128578186,-0.006635166704654694,0.005441397428512573,0.2252836304700162,0.0032414910858995136,0.0009472165256738663,0.0015426457393914461,-0.006099417805671692,0.00218161940574646,0.2479740680713128,0.019448946515397084,0.0008822783711366355,0.001646544085815549,-0.02660077065229416,0.004216507077217102,1.0,1.0,0.0,0.0,0.0,0.0,0.9951377633711507,0.9951377633711507,0.00014586708857677877,0.002093022456392646,-0.029999999329447746,0.029999999329447746
/root/repo/cdpr_synth_10hz/libero_spatial_no_noops/tfrecords_human_control_fixed/libero_spatial_no_noops-train-HUMAN_CONTROL_desk__ycb_apple_wrapper__localpatched_teleop_2026-01-09_16-26-08.tfrecord,667,0.21139430284857572,0.0014992503748125937,0.003423803485929966,0.0012327461736276746,0.005537030100822446,0.000757796224206686,0.568215892053973,0.0029985007496251873,0.000694538583047688,0.0012654047459363937,-0.005856603384017944,0.0015189070254564285,0.43778110944527737,0.0029985007496251873,0.0007698452100157738,0.001389109413139522,-0.006037332117557526,0.002974212169647217,0.4947526236881559,0.0239880059970015,0.0004888197290711105,0.0013632551999762654,-0.02660077065229416,0.004087120294570923,0.9805097451274363,0.9805097451274363,0.0017008453141897917,0.012072734534740448,0.0,0.08726644515991211,0.9955022488755623,0.9955022488755623,0.00013493253209162503,0.002012966200709343,-0.029999999329447746,0.029999999329447746
/root/repo/cdpr_synth_10hz/libero_spatial_no_noops/tfrecords_human_control_fixed/libero_spatial_no_noops-train-HUMAN_CONTROL_desk__ycb_apple_wrapper__localpatched_teleop_2026-01-09_16-27-20.tfrecord,547,0.15173674588665448,0.0018281535648994515,0.0022678631357848644,0.0013700161362066865,0.006436571385711428,0.0006160890916362405,0.3126142595978062,0.003656307129798903,0.0011714003048837185,0.0017431782325729728,-0.00641593337059021,0.003633946180343628,0.18281535648994515,0.003656307129798903,0.0012222194345667958,0.001906590536236763,-0.005485858768224716,0.005896016955375671,0.4296160877513711,0.029250457038391225,0.0005222919280640781,0.0014491036999970675,-0.02660077065229416,0.0032937228679656982,1.0,1.0,0.0,0.0,0.0,0.0,0.9945155393053017,0.9945155393053017,0.00016453381977044046,0.0022230728063732386,-0.029999999329447746,0.029999999329447746
/root/repo/cdpr_synth_10hz/libero_spatial_no_noops/tfrecords_human_control_fixed/libero_spatial_no_noops-train-HUMAN_CONTROL_desk__ycb_apple_wrapper__localpatched_teleop_2026-01-09_16-28-15.tfrecord,508,0.22244094488188976,0.001968503937007874,0.004836463835090399,0.0011199887376278639,0.005793353030458091,0.0010401093168184161,0.59251968503937,0.003937007874015748,0.0006606244714930654,0.0012753349728882313,-0.0057711005210876465,3.371387720108032e-05,0.7007874015748031,0.003937007874015748,0.00023658059944864362,0.000527432537637651,-0.002087995409965515,0.001847652718424797,0.29133858267716534,0.031496062992125984,0.0010340570006519556,0.0019352978561073542,-0.02660077065229416,0.004282549023628235,0.9645669291338582,0.9645669291338582,0.003092118538916111,0.01614910364151001,-0.08726668357849121,0.0,0.9940944881889764,0.9940944881889764,0.0001771653478499502,0.0023069356102496386,-0.029999999329447746,0.029999999329447746
/root/repo/cdpr_synth_10hz/libero_spatial_no_noops/tfrecords_human_control_fixed/libero_spatial_no_noops-train-HUMAN_CONTROL_desk__ycb_apple_wrapper__localpatched_teleop_2026-01-09_16-30-18.tfrecord,441,0.18594104308390022,0.0022675736961451248,0.0022903417702764273,0.0010513298911973834,0.009026441723108292,0.000675907707773149,0.4217687074829932,0.0045351473922902496,0.001151148695498705,0.0019348568748682737,-0.007533609867095947,0.0006737411022186279,0.31519274376417233,0.0045351473922902496,0.001105378963984549,0.0019646603614091873,-0.003432217985391617,0.007237657904624939,0.15192743764172337,0.036281179138321996,0.0009189305128529668,0.0018001243006438017,-0.02660077065229416,0.0045637041330337524,1.0,1.0,0.0,0.0,0.0,0.0,0.9931972789115646,0.9931972789115646,0.00020408161799423397,0.0024762360844761133,-0.029999999329447746,0.029999999329447746
/root/repo/cdpr_synth_10hz/libero_spatial_no_noops/tfrecords_human_control_fixed/libero_spatial_no_noops-train-HUMAN_CONTROL_desk__ycb_apple_wrapper__localpatched_teleop_2026-01-09_16-31-05.tfrecord,691,0.1447178002894356,0.001447178002894356,0.004982667975127697,0.0013448428362607956,0.011061519850045443,0.001177989412099123,0.4196816208393632,0.002894356005788712,0.000892509357072413,0.0018549924716353416,-0.007925808429718018,0.001437947154045105,0.573082489146165,0.002894356005788712,0.0011454293271526694,0.00243815453723073,-0.0061673372983932495,0.00833265483379364,0.28509406657018815,0.023154848046309694,0.0013222504639998078,0.0022928467951714993,-0.02660077065229416,0.0062531977891922,0.9725036179450073,0.9725036179450073,0.002399511868134141,0.014280428178608418,-0.08726668357849121,0.0,0.9956584659913169,0.9956584659913169,0.00013024601503275335,0.0019776602275669575,-0.029999999329447746,0.029999999329447746
/root/repo/cdpr_synth_10hz/libero_spatial_no_noops/tfrecords_human_control_fixed/libero_spatial_no_noops-train-HUMAN_CONTROL_desk__ycb_apple_wrapper__localpatched_teleop_2026-01-09_16-32-11.tfrecord,478,0.10460251046025104,0.0020920502092050207,0.002883807523176074,0.0016256917733699083,0.0103740275837481,0.0008065356523729861,0.3598326359832636,0.0041841004184100415,0.0014147973852232099,0.0024050117935985327,-0.008067101240158081,0.0006761699914932251,0.3786610878661088,0.0041841004184100415,0.0012555670691654086,0.002226009964942932,-0.002423779107630253,0.007957428693771362,0.11506276150627615,0.03347280334728033,0.0011740296613425016,0.0019388353684917092,-0.02660077065229416,0.00454162061214447,1.0,1.0,0.0,0.0,0.0,0.0,0.9937238493723849,0.9937238493723849,0.000188284509931691,0.002378328237682581,-0.029999999329447746,0.029999999329447746
/root/repo/cdpr_synth_10hz/libero_spatial_no_noops/tfrecords_human_control_fixed/libero_spatial_no_noops-train-HUMAN_CONTROL_desk__ycb_apple_wrapper__localpatched_teleop_2026-01-09_16-33-07.tfrecord,777,0.2187902187902188,0.001287001287001287,0.0066579729318618774,0.0014541004784405231,0.030097725987434373,0.001518389442935586,0.6692406692406693,0.002574002574002574,0.0010085453977808356,0.0024148072116076946,-0.008570730686187744,0.002117931842803955,0.23294723294723294,0.002574002574002574,0.0014069655444473028,0.0024135953281074762,-0.004301726818084717,0.008391335606575012,0.30244530244530243,0.06306306306306306,0.0007927478873170912,0.0016152666648849845,-0.02660077065229416,0.005274444818496704,0.9510939510939511,0.9510939510939511,0.004267857875674963,0.01931115984916687,-0.08726668357849121,0.08726668357849121,0.9961389961389961,0.9961389961389961,0.00011583010928006843,0.0018649083795025945,-0.029999999329447746,0.029999999329447746
/root/repo/cdpr_synth_10hz/libero_spatial_no_noops/tfrecords_human_control_fixed/libero_spatial_no_noops-train-HUMAN_CONTROL_desk__ycb_apple_wrapper__localpatched_teleop_2026-01-11_18-17-44.tfrecord,880,0.09545454545454546,0.0011363636363636363,0.0026831491850316525,0.0018688894342631102,0.0076299413107335555,0.0006911891396157444,0.32045454545454544,0.0022727272727272726,0.0015382077544927597,0.0026773237623274326,-0.00556473433971405,0.00830172747373581,0.17727272727272728,0.0022727272727272726,0.0011468160664662719,0.0016416329890489578,-0.0033889040350914,0.0054101720452308655,0.43863636363636366,0.01818181818181818,0.0006004679598845541,0.0013846229994669557,-0.02660077065229416,0.004765808582305908,1.0,1.0,0.0,0.0,0.0,0.0,0.9943181818181818,0.9943181818181818,0.00017045452841557562,0.0022623613476753235,-0.029999999329447746,0.029999999329447746
/root/repo/cdpr_synth_10hz/libero_spatial_no_noops/tfrecords_human_control_fixed/libero_spatial_no_noops-train-HUMAN_CONTROL_desk__ycb_apple_wrapper__localpatched_teleop_2026-01-11_18-20-39.tfrecord,749,0.2870493991989319,0.0013351134846461949,0.0018287389539182186,0.001096867024898529,0.006374820601195097,0.00042091752402484417,0.6702269692923899,0.0026702269692923898,0.0006618070183321834,0.0016067990800365806,-0.0002377927303314209,0.007644623517990112,0.7837116154873164,0.0026702269692923898,0.0004314485704526305,0.001280638505704701,-0.0029600560665130615,0.006728224456310272,0.2349799732977303,0.021361815754339118,0.0008911715704016387,0.0016415666323155165,-0.02660077065229416,0.005099296569824219,1.0,1.0,0.0,0.0,0.0,0.0,0.9959946595460614,0.9959946595460614,0.00012016020627925172,0.0018994834972545505,-0.029999999329447746,0.029999999329447746
/root/repo/cdpr_synth_10hz/libero_spatial_no_noops/tfrecords_human_control_fixed/libero_spatial_no_noops-train-HUMAN_CONTROL_desk__ycb_apple_wrapper__localpatched_teleop_2026-01-11_18-29-09.tfrecord,866,0.28868360277136257,0.0011547344110854503,0.0036829861346632242,0.0005437068175524473,0.008160045137628913,0.0007797603029757738,0.476905311778291,0.0023094688221709007,0.0011009576264768839,0.0024467394687235355,-0.007191076874732971,0.008545741438865662,0.7390300230946882,0.0023094688221709007,0.00022304120648186654,0.0006058344151824713,-0.0009128749370574951,0.0038662217557430267,0.48498845265588914,0.018475750577367205,0.0004554846091195941,0.0012774034403264523,-0.02660077065229416,0.00458797812461853,0.976905311778291,0.976905311778291,0.0020153915975242853,0.013144866563379765,-0.08726668357849121,0.08726644515991211,0.9965357967667436,0.9965357967667436,0.00010392608965048566,0.0017664051847532392,-0.029999999329447746,0.029999999329447746
/root/repo/cdpr_synth_10hz/libero_spatial_no_noops/tfrecords_human_control_fixed/libero_spatial_no_noops-train-HUMAN_CONTROL_desk__ycb_apple_wrapper__localpatched_teleop_2026-01-11_18-32-02.tfrecord,801,0.30087390761548066,0.0012484394506866417,0.006504121236503124,0.000916358083486557,0.0872664600610733,0.0013656648807227612,0.5068664169787765,0.003745318352059925,0.0007161916000768542,0.0014333545695990324,-0.0001526474952697754,0.007341325283050537,0.7415730337078652,0.0024968789013732834,0.0004659807891584933,0.0013888080138713121,-0.007260605692863464,0.002421081066131592,0.5006242197253433,0.04868913857677903,0.0007401287439279258,0.001672350219450891,-0.02660077065229416,0.005842730402946472,0.9450686641697877,0.9450686641697877,0.004793663043528795,0.020465804263949394,-0.08726668357849121,0.08726668357849121,0.9962546816479401,0.9962546816479401,0.00011235954298172146,0.0018367338925600052,-0.029999999329447746,0.029999999329447746
/root/repo/cdpr_synth_10hz/libero_spatial_no_noops/tfrecords_human_control_fixed/libero_spatial_no_noops-train-HUMAN_CONTROL_desk__ycb_apple_wrapper__localpatched_teleop_2026-01-11_18-35-09.tfrecord,544,0.30330882352941174,0.001838235294117647,0.002313225995749235,0.0009960620664060116,0.00976335369050503,0.000611806521192193,0.7169117647058824,0.003676470588235294,0.0009304629056714475,0.002173679182305932,-0.0019106268882751465,0.008118003606796265,0.44485294117647056,0.003676470588235294,0.0012116841971874237,0.0020530244801193476,-0.0006881058216094971,0.007805198431015015,0.3694852941176471,0.04963235294117647,0.0008065910660661757,0.001766543835401535,-0.02660077065229416,0.005696624517440796,1.0,1.0,0.0,0.0,0.0,0.0,0.9963235294117647,0.9963235294117647,0.00011029411689378321,0.0018206913955509663,-0.029999999329447746,0.029999999329447746
/root/repo/cdpr_synth_10hz/libero_spatial_no_noops/tfrecords_human_control_fixed/libero_spatial_no_noops-train-HUMAN_CONTROL_desk__ycb_apple_wrapper__localpatched_teleop_2026-01-11_18-36-11.tfrecord,1508,0.14920424403183025,0.000663129973474801,0.004799215123057365,0.0014557581162080169,0.009482084587216376,0.001107286661863327,0.2546419098143236,0.001326259946949602,0.0011687985388562083,0.0019158637151122093,-0.004419922828674316,0.007311463356018066,0.29442970822281167,0.001326259946949602,0.0009844828164204955,0.0017171910731121898,-0.0034758150577545166,0.00800497829914093,0.4907161803713528,0.010610079575596816,0.000505972420796752,0.001163091161288321,-0.02660077065229416,0.004762426018714905,0.9681697612732095,0.9681697612732095,0.0027777121867984533,0.015570493414998055,-0.08726668357849121,0.08726668357849121,0.996684350132626,0.996684350132626,9.946949285222217e-05,0.001727917231619358,-0.029999999329447746,0.029999999329447746
/root/repo/cdpr_synth_10hz/libero_spatial_no_noops/tfrecords_human_control_fixed/libero_spatial_no_noops-train-HUMAN_CONTROL_desk__ycb_apple_wrapper__localpatched_teleop_2026-01-11_18-38-01.tfrecord,854,0.16744730679156908,0.00117096018735363,0.01061182003468275,0.0017219926230609417,0.08726986572146415,0.0024223143700510263,0.30210772833723654,0.00234192037470726,0.0012837137328460813,0.0022428676020354033,-0.007268041372299194,0.007553994655609131,0.43911007025761123,0.00234192037470726,0.0015168489189818501,0.0028201297391206026,-0.005630046129226685,0.008604228496551514,0.3957845433255269,0.0234192037470726,0.0008264069329015911,0.0018278653733432293,-0.02660077065229416,0.009276479482650757,0.9039812646370023,0.9039812646370023,0.008379215374588966,0.02705005370080471,-0.08726668357849121,0.08726668357849121,0.9964871194379391,0.9964871194379391,0.00010538641072344035,0.0017787802498787642,-0.029999999329447746,0.029999999329447746
/root/repo/cdpr_synth_10hz/libero_spatial_no_noops/tfrecords_human_control_fixed/libero_spatial_no_noops-train-HUMAN_CONTROL_desk__ycb_apple_wrapper__localpatched_teleop_2026-01-11_18-40-13.tfrecord,705,0.26099290780141843,0.0014184397163120568,0.007317441049963236,0.0010635703802108765,0.08726737797260284,0.0016046290984377265,0.5191489361702127,0.0028368794326241137,0.0006186589016579092,0.0011375576723366976,-0.0026665329933166504,0.004469484090805054,0.26382978723404255,0.0028368794326241137,0.0014030816964805126,0.0026726825162768364,-0.005938000977039337,0.008653700351715088,0.4269503546099291,0.02269503546099291,0.0006748934392817318,0.0015257446793839335,-0.02660077065229416,0.004569068551063538,0.9404255319148936,0.9404255319148936,0.0051988521590828896,0.021313559263944626,-0.08726644515991211,0.08726644515991211,0.9957446808510638,0.9957446808510638,0.00012765957217197865,0.001957917120307684,-0.029999999329447746,0.029999999329447746
/root/repo/cdpr_synth_10hz/libero_spatial_no_noops/tfrecords_human_control_fixed/libero_spatial_no_noops-train-HUMAN_CONTROL_desk__ycb_apple_wrapper__localpatched_teleop_2026-01-12_13-05-13.tfrecord,844,0.14928909952606634,0.001184834123222749,0.002197111723944545,0.0014443544205278158,0.007116467342711981,0.0005663132178597152,0.49644549763033174,0.002369668246445498,0.0005802910891361535,0.0011972046922892332,-0.004417449235916138,0.004480334930121899,0.2109004739336493,0.002369668246445498,0.0014565701130777597,0.002273538848385215,-0.00693105161190033,0.007860004901885986,0.34834123222748814,0.018957345971563982,0.000616979377809912,0.0013826118083670735,-0.02660077065229416,0.004792302846908569,1.0,1.0,0.0,0.0,0.0,0.0,0.9940758293838863,0.9940758293838863,0.00017772510182112455,0.0023101510014384985,-0.029999999329447746,0.029999999329447746
/root/repo/cdpr_synth_10hz/libero_spatial_no_noops/tfrecords_human_control_fixed/libero_spatial_no_noops-train-HUMAN_CONTROL_desk__ycb_apple_wrapper__localpatched_teleop_2026-01-12_13-06-15.tfrecord,499,0.2625250501002004,0.002004008016032064,0.0022181710228323936,0.0011955930385738611,0.0072947129141539314,0.0005623698816634715,0.5450901803607214,0.004008016032064128,0.00048018989036791027,0.0010512657463550568,-0.004553936421871185,0.0027046576142311096,0.4288577154308617,0.004008016032064128,0.0011761506320908666,0.0020937188528478146,-0.00031691789627075195,0.007888197898864746,0.24849699398797595,0.03206412825651302,0.0009751477045938373,0.001879264833405614,-0.02660077065229416,0.005072697997093201,1.0,1.0,0.0,0.0,0.0,0.0,0.9939879759519038,0.9939879759519038,0.0001803607156034559,0.0023276780266314745,-0.029999999329447746,0.029999999329447746
/root/repo/cdpr_synth_10hz/libero_spatial_no_noops/tfrecords_human_control_fixed/libero_spatial_no_noops-train-HUMAN_CONTROL_desk__ycb_apple_wrapper__localpatched_teleop_2026-01-12_13-07-20.tfrecord,719,0.1571627260083449,0.0013908205841446453,0.006186455953866243,0.001222767517901957,0.03003228288143873,0.0013529338175430894,0.3949930458970793,0.0027816411682892906,0.0006218142807483673,0.0011822936357930303,-0.005763202905654907,0.0021621733903884888,0.45897079276773295,0.0027816411682892906,0.0010421865154057741,0.002199595095589757,-0.002605956047773361,0.008404463529586792,0.3810848400556328,0.022253129346314324,0.0007274743402376771,0.0015661981888115406,-0.02660077065229416,0.004566773772239685,0.9513212795549374,0.9513212795549374,0.004248019773513079,0.019266735762357712,-0.08726668357849121,0.08726668357849121,0.9958275382475661,0.9958275382475661,0.00012517384311649948,0.0019387343199923635,-0.029999999329447746,0.029999999329447746
/root/repo/cdpr_synth_10hz/libero_spatial_no_noops/tfrecords_human_control_fixed/libero_spatial_no_noops-train-HUMAN_CONTROL_desk__ycb_apple_wrapper__localpatched_teleop_2026-01-12_14-03-53.tfrecord,455,0.1912087912087912,0.002197802197802198,0.0029073143377900124,0.0014658072032034397,0.010026924032717942,0.000790485879406333,0.44395604395604393,0.004395604395604396,0.0013104872778058052,0.0021812915802001953,-0.007382005453109741,0.0017587095499038696,0.44395604395604393,0.004395604395604396,0.0013880172045901418,0.002584008267149329,-0.008331745862960815,0.0021051522344350815,0.18021978021978022,0.035164835164835165,0.0010561221279203892,0.0019444302888587117,-0.02660077065229416,0.004979580640792847,1.0,1.0,0.0,0.0,0.0,0.0,0.9934065934065934,0.9934065934065934,0.00019780219008680433,0.002437783870846033,-0.029999999329447746,0.029999999329447746
/root/repo/cdpr_synth_10hz/libero_spatial_no_noops/tfrecords_human_control_fixed/libero_spatial_no_noops-train-HUMAN_CONTROL_desk__ycb_apple_wrapper__localpatched_teleop_2026-01-12_14-05-24.tfrecord,728,0.27884615384615385,0.0013736263736263737,0.0026103907730430365,0.0005776816979050636,0.009311218652874228,0.0006220779614523053,0.6098901098901099,0.0027472527472527475,0.0005739249172620475,0.0015862950822338462,-0.007715880870819092,0.0005928464233875275,0.6538461538461539,0.0027472527472527475,0.0005295416922308505,0.0015596915036439896,-0.007705330848693848,0.0009133629500865936,0.29120879120879123,0.020604395604395604,0.0006845816387794912,0.0014861455420032144,-0.02660077065229416,0.005134761333465576,0.9862637362637363,0.9862637362637363,0.001198714948259294,0.010189605876803398,-0.08726644515991211,0.08726644515991211,0.9958791208791209,0.9958791208791209,0.0001236263633472845,0.0019267033785581589,-0.029999999329447746,0.029999999329447746
/root/repo/cdpr_synth_10hz/libero_spatial_no_noops/tfrecords_human_control_fixed/libero_spatial_no_noops-train-HUMAN_CONTROL_desk__ycb_apple_wrapper__localpatched_teleop_2026-01-12_14-06-15.tfrecord,751,0.2569906790945406,0.0013315579227696406,0.00680228928104043,0.0007193580968305469,0.08726652339100838,0.0015076614217832685,0.474034620505992,0.002663115845539281,0.0010746110929176211,0.002322935964912176,-0.00844457745552063,0.003727031871676445,0.625832223701731,0.002663115845539281,0.0008014567429199815,0.001965759787708521,-0.008282661437988281,0.0026863403618335724,0.3422103861517976,0.02130492676431425,0.000661984842736274,0.0014837691560387611,-0.02660077065229416,0.004415631294250488,0.9440745672436751,0.9440745672436751,0.004880414344370365,0.020651016384363174,-0.08726668357849121,0.08726668357849121,0.996005326231691,0.996005326231691,0.00011984020966337994,0.0018969463417306542,-0.029999999329447746,0.029999999329447746
/root/repo/cdpr_synth_10hz/libero_spatial_no_noops/tfrecords_human_control_fixed/libero_spatial_no_noops-train-HUMAN_CONTROL_desk__ycb_apple_wrapper__localpatched_teleop_2026-01-12_14-07-43.tfrecord,523,0.19694072657743786,0.0019120458891013384,0.0027179180178791285,0.0014568169135600328,0.009968334063887595,0.0007601553807035089,0.3173996175908222,0.0038240917782026767,0.0017415645997971296,0.0029962831176817417,-0.008612245321273804,0.002719089388847351,0.32122370936902483,0.0038240917782026767,0.0012757988879457116,0.002088717883452773,-0.00773128867149353,0.0016739033162593842,0.32122370936902483,0.030592734225621414,0.0006113285780884326,0.0015482507878914475,-0.02660077065229416,0.00415077805519104,1.0,1.0,0.0,0.0,0.0,0.0,0.994263862332696,0.994263862332696,0.00017208412464242429,0.0022735686507076025,-0.029999999329447746,0.029999999329447746
/root/repo/cdpr_synth_10hz/libero_spatial_no_noops/tfrecords_human_control_fixed/libero_spatial_no_noops-train-HUMAN_CONTROL_desk__ycb_apple_wrapper__localpatched_teleop_2026-01-12_14-12-09.tfrecord,459,0.18082788671023964,0.002178649237472767,0.0025198529474437237,0.0011591537622734904,0.008188255596905945,0.0006387524772435427,0.5010893246187363,0.004357298474945534,0.0005514567019417882,0.0009521362371742725,-0.003251969814300537,0.0024734381586313248,0.5228758169934641,0.004357298474945534,0.001559681724756956,0.0028303242288529873,-0.00846138596534729,0.0029395930469036102,0.16993464052287582,0.034858387799564274,0.00088654545834288,0.001768956775777042,-0.02660077065229416,0.004428833723068237,1.0,1.0,0.0,0.0,0.0,0.0,0.9934640522875817,0.9934640522875817,0.0001960784284165129,0.0024271192960441113,-0.029999999329447746,0.029999999329447746
/root/repo/cdpr_synth_10hz/libero_spatial_no_noops/tfrecords_human_control_fixed/libero_spatial_no_noops-train-HUMAN_CONTROL_desk__ycb_apple_wrapper__localpatched_teleop_2026-01-12_14-14-12.tfrecord,1274,0.11616954474097331,0.0007849293563579278,0.003981819376349449,0.000980404089204967,0.0061510681640356765,0.0009107623482123017,0.3540031397174254,0.0015698587127158557,0.0006154372240416706,0.0010184498969465494,-0.003975436091423035,0.0035194549709558487,0.39324960753532184,0.002354788069073783,0.0007644406869076192,0.0014310538535937667,-0.006548278033733368,0.002411454916000366,0.32967032967032966,0.012558869701726845,0.0006587639800272882,0.0013757854467257857,-0.02660077065229416,0.005838543176651001,0.9725274725274725,0.9725274725274725,0.002397429896518588,0.014469676651060581,-0.08726644515991211,0.08726644515991211,0.9960753532182104,0.9960753532182104,0.0001177393933176063,0.0018799910321831703,-0.029999999329447746,0.029999999329447746
/root/repo/cdpr_synth_10hz/libero_spatial_no_noops/tfrecords_human_control_fixed/libero_spatial_no_noops-train-HUMAN_CONTROL_desk__ycb_apple_wrapper__localpatched_teleop_2026-01-12_14-15-26.tfrecord,601,0.23128119800332778,0.0016638935108153079,0.00731107359752059,0.0011665968922898173,0.0872664600610733,0.001562158577144146,0.7371048252911814,0.0033277870216306157,0.00019018349121324718,0.000491877319291234,-0.0024260850623250008,0.0021138619631528854,0.6039933444259568,0.0033277870216306157,0.0012180374469608068,0.0025853870902210474,-0.008529365062713623,0.0024364888668060303,0.24958402662229617,0.026622296173044926,0.0010255470406264067,0.00191984954290092,-0.02660077065229416,0.0058779120445251465,0.940099833610649,0.940099833610649,0.005227275192737579,0.021375831216573715,-0.08726668357849121,0.08726668357849121,0.9950083194675541,0.9950083194675541,0.00014975041267462075,0.00212073209695518,-0.029999999329447746,0.029999999329447746
/root/repo/cdpr_synth_10hz/libero_spatial_no_noops/tfrecords_human_control_fixed/libero_spatial_no_noops-train-HUMAN_CONTROL_desk__ycb_apple_wrapper__localpatched_teleop_2026-01-12_14-16-19.tfrecord,537,0.12476722532588454,0.00186219739292365,0.003244792576879263,0.0019790055230259895,0.008274312503635884,0.0008906383300200105,0.4338919925512104,0.0037243947858473,0.0010158775839954615,0.0017826586263254285,-0.005644738674163818,0.004558000713586807,0.3426443202979516,0.0037243947858473,0.0019616938661783934,0.003149471478536725,-0.008418828248977661,0.006750322878360748,0.11731843575418995,0.0297951582867784,0.0013080222997814417,0.0022145132534205914,-0.02660077065229416,0.006350919604301453,1.0,1.0,0.0,0.0,0.0,0.0,0.994413407821229,0.994413407821229,0.00016759775462560356,0.0022436988074332476,-0.029999999329447746,0.029999999329447746
/root/repo/cdpr_synth_10hz/libero_spatial_no_noops/tfrecords_human_control_fixed/libero_spatial_no_noops-train-HUMAN_CONTROL_desk__ycb_apple_wrapper__localpatched_teleop_2026-01-12_14-21-40.tfrecord,402,0.21393034825870647,0.0024875621890547263,0.0026302607730031013,0.0006818257970735431,0.01038530496880412,0.0007407147204503417,0.4900497512437811,0.004975124378109453,0.0010512849548831582,0.0022219994571059942,-0.00038592424243688583,0.007976919412612915,0.32338308457711445,0.004975124378109453,0.001579619711264968,0.00239195697940886,-0.007878720760345459,0.0006212592124938965,0.27114427860696516,0.03980099502487562,0.0008487880113534629,0.001823793281801045,-0.02660077065229416,0.005004808306694031,1.0,1.0,0.0,0.0,0.0,0.0,0.9925373134328358,0.9925373134328358,0.0002238805900560692,0.0025937610771507025,-0.029999999329447746,0.029999999329447746
/root/repo/cdpr_synth_10hz/libero_spatial_no_noops/tfrecords_human_control_fixed/libero_spatial_no_noops-train-HUMAN_CONTROL_desk__ycb_apple_wrapper__localpatched_teleop_2026-01-12_14-23-24.tfrecord,586,0.24573378839590443,0.0017064846416382253,0.0088778892531991,0.0010341774905100465,0.0872693695127964,0.0019334597745910287,0.6092150170648464,0.0034129692832764505,0.0006892408127896488,0.0015657220501452684,-0.0014773309230804443,0.007095649838447571,0.4061433447098976,0.0034129692832764505,0.0016010989202186465,0.0029654912650585175,-0.008549690246582031,0.004767473787069321,0.4112627986348123,0.027303754266211604,0.0006709453882649541,0.0015652773436158895,-0.02660077065229416,0.0040910691022872925,0.9249146757679181,0.9249146757679181,0.006552430335432291,0.023931073024868965,-0.08726668357849121,0.08726668357849121,0.9948805460750854,0.9948805460750854,0.000153583605424501,0.0021477334666997194,-0.029999999329447746,0.029999999329447746
/root/repo/cdpr_synth_10hz/libero_spatial_no_noops/tfrecords_human_control_fixed/libero_spatial_no_noops-train-HUMAN_CONTROL_desk__ycb_apple_wrapper__localpatched_teleop_2026-01-12_14-24-38.tfrecord,601,0.2113144758735441,0.0016638935108153079,0.0025320155546069145,0.0011362847872078419,0.010358409024775028,0.0006900840671733022,0.44093178036605657,0.0033277870216306157,0.0008754755835980177,0.001996292732656002,-0.002406548708677292,0.008157819509506226,0.28286189683860236,0.0033277870216306157,0.0016511642606928945,0.0028772777877748013,-0.008515536785125732,0.003710545599460602,0.3777038269550749,0.026622296173044926,0.0007740301662124693,0.001683942973613739,-0.02660077065229416,0.005110785365104675,1.0,1.0,0.0,0.0,0.0,0.0,0.9950083194675541,0.9950083194675541,0.00014975041267462075,0.0021207351237535477,-0.029999999329447746,0.029999999329447746
/root/repo/cdpr_synth_10hz/libero_spatial_no_noops/tfrecords_human_control_fixed/libero_spatial_no_noops-train-HUMAN_CONTROL_desk__ycb_apple_wrapper__localpatched_teleop_2026-01-12_14-25-22.tfrecord,957,0.22988505747126436,0.0010449320794148381,0.007951328530907631,0.0009230602881871164,0.08727278411388398,0.0017395236063748598,0.6039707419017764,0.0020898641588296763,0.0006169597618281841,0.0017262261826545,-0.0012463387101888657,0.008251592516899109,0.6353187042842215,0.0020898641588296763,0.0007814440759830177,0.0017710349056869745,-0.007861942052841187,0.0017570853233337402,0.3270637408568443,0.029258098223615466,0.0008790252613835037,0.0016784663312137127,-0.02660077065229416,0.006262868642807007,0.928944618599791,0.928944618599791,0.006200752221047878,0.02327410876750946,-0.08726668357849121,0.08726668357849121,0.9926854754440961,0.9926854754440961,0.000219435736653395,0.002566893817856908,-0.029999999329447746,0.029999999329447746
/root/repo/cdpr_synth_10hz/libero_spatial_no_noops/tfrecords_human_control_fixed/libero_spatial_no_noops-train-HUMAN_CONTROL_desk__ycb_b_colored_wood_blocks_wrapper__localpatched_teleop_2025-12-26_12-11-39.tfrecord,747,0.1459170013386881,0.0013386880856760374,0.0018604254582896829,0.0013298713602125645,0.005780561827123157,0.0004887580289505422,0.2891566265060241,0.002677376171352075,0.0009457661071792245,0.001782165840268135,-0.0059662386775016785,0.006881400942802429,0.35876840696117807,0.002677376171352075,0.0009724894189275801,0.0015123820630833507,-0.00564226508140564,0.004128783941268921,0.4899598393574297,0.0214190093708166,0.0005255354335531592,0.0013841402251273394,-0.02660077065229416,0.00421268492937088,1.0,1.0,0.0,0.0,0.0,0.0,1.0,1.0,0.0,0.0,0.0,0.0
/root/repo/cdpr_synth_10hz/libero_spatial_no_noops/tfrecords_human_control_fixed/libero_spatial_no_noops-train-HUMAN_CONTROL_desk__ycb_b_cups-ycb_bowl-ycb_hammer-ycb_medium_clamp_wrapper__localpatched_teleop_2026-01-13_12-56-45.tfrecord,597,0.2864321608040201,0.0016750418760469012,0.0013838766608387232,0.0008754202863201499,0.004168471507728099,0.00036119521246291697,0.5544388609715243,0.0016750418760469012,0.0004766554047819227,0.000982266734354198,-0.0023961514234542847,0.0044508203864097595,0.45896147403685095,0.0016750418760469012,0.00038574470090679824,0.0007712963270023465,-0.002615116536617279,0.0037075430154800415,0.2663316582914573,0.02512562814070352,0.0008430734742432833,0.001674235099926591,-0.026505105197429657,0.004361450672149658,1.0,1.0,0.0,0.0,0.0,0.0,0.9966499162479062,0.9966499162479062,0.0001005025114864111,0.0017378533957526088,-0.029999999329447746,0.029999999329447746
/root/repo/cdpr_synth_10hz/libero_spatial_no_noops/tfrecords_human_control_fixed/libero_spatial_no_noops-train-HUMAN_CONTROL_desk__ycb_b_cups-ycb_bowl-ycb_hammer-ycb_medium_clamp_wrapper__localpatched_teleop_2026-01-13_12-58-11.tfrecord,1291,0.19752130131680867,0.000774593338497289,0.0030827363952994347,0.0009820116683840752,0.005457926541566849,0.000711469620000571,0.4632068164213788,0.001549186676994578,0.000584800262004137,0.0010878933826461434,-0.0036891549825668335,0.0047942399978637695,0.3439194422927963,0.001549186676994578,0.0007554310141131282,0.0013018993195146322,-0.005452439188957214,0.005949825048446655,0.5360185902401239,0.012393493415956624,0.000411027082009241,0.001054778229445219,-0.02660077065229416,0.003021515905857086,0.9806351665375678,0.9806351665375678,0.0016899005277082324,0.012030462734401226,-0.08726668357849121,0.0,0.9961270333075135,0.9961270333075135,0.00011618899588938802,0.0018675607861950994,-0.029999999329447746,0.029999999329447746
/root/repo/cdpr_synth_10hz/libero_spatial_no_noops/tfrecords_human_control_fixed/libero_spatial_no_noops-train-HUMAN_CONTROL_desk__ycb_b_cups-ycb_hammer-ycb_medium_clamp_wrapper__localpatched_teleop_2026-01-13_12-53-50.tfrecord,597,0.27638190954773867,0.0016750418760469012,0.0018258232157677412,0.0008873081533238292,0.006109342444688078,0.0004492276639211923,0.6381909547738693,0.0033500837520938024,0.00024351502361241728,0.00046476113493554294,-0.0015488304197788239,0.0014832373708486557,0.4455611390284757,0.005025125628140704,0.0011313073337078094,0.002170549239963293,-0.006271421909332275,0.007403820753097534,0.2780569514237856,0.02680067001675042,0.0007205621222965419,0.0015558749437332153,-0.02660077065229416,0.003433629870414734,1.0,1.0,0.0,0.0,0.0,0.0,0.9949748743718593,0.9949748743718593,0.00015075376722961664,0.0021278359927237034,-0.029999999329447746,0.029999999329447746
/root/repo/cdpr_synth_10hz/libero_spatial_no_noops/tfrecords_human_control_fixed/libero_spatial_no_noops-train-HUMAN_CONTROL_desk__ycb_b_cups-ycb_hammer-ycb_medium_clamp_wrapper__localpatched_teleop_2026-01-13_12-54-35.tfrecord,730,0.2602739726027397,0.0013698630136986301,0.0030677253380417824,0.0006951565737836063,0.003583741071633991,0.0006878013373352587,0.563013698630137,0.0027397260273972603,0.00036337366327643394,0.0007271045469678938,-0.0028942078351974487,0.0026004239916801453,0.6136986301369863,0.0027397260273972603,0.0003753764904104173,0.0008212127722799778,-0.0036930348724126816,0.0017864853143692017,0.26438356164383564,0.021917808219178082,0.0006642796797677875,0.0013676933012902737,-0.02660077065229416,0.003164239227771759,0.9780821917808219,0.9780821917808219,0.0019126891857013106,0.012785892933607101,0.0,0.08726644515991211,0.9958904109589041,0.9958904109589041,0.00012328766752034426,0.0019240621477365494,-0.029999999329447746,0.029999999329447746
/root/repo/cdpr_synth_10hz/libero_spatial_no_noops/tfrecords_human_control_fixed/libero_spatial_no_noops-train-HUMAN_CONTROL_desk__ycb_b_cups_wrapper__localpatched_teleop_2025-12-26_12-13-36.tfrecord,599,0.2587646076794658,0.001669449081803005,0.009106339886784554,0.0008885700954124331,0.08727402687072754,0.0020074155181646347,0.6126878130217028,0.00333889816360601,0.0008122000144794583,0.001811955007724464,-0.0064520463347435,0.0063698142766952515,0.3589315525876461,0.00333889816360601,0.0004412432899698615,0.0007084805984050035,-0.002980964258313179,0.0012628864496946335,0.3055091819699499,0.02671118530884808,0.0013991218293085694,0.0024298548232764006,-0.02660077065229416,0.007709681987762451,0.9165275459098498,0.9165275459098498,0.0072843460366129875,0.02415763959288597,-0.08726668357849121,0.0,0.996661101836394,0.996661101836394,0.00010016694432124496,0.0017349447589367628,-0.029999999329447746,0.029999999329447746
/root/repo/cdpr_synth_10hz/libero_spatial_no_noops/tfrecords_human_control_fixed/libero_spatial_no_noops-train-HUMAN_CONTROL_desk__ycb_banana-ycb_peach_wrapper__localpatched_teleop_2026-01-13_11-28-38.tfrecord,1020,0.1980392156862745,0.000980392156862745,0.002571267308667302,0.0011823646491393447,0.008884770097211,0.0007128138095140457,0.3813725490196078,0.00196078431372549,0.0009840290294960141,0.001914609456434846,-0.004002995789051056,0.008001953363418579,0.2529411764705882,0.00196078431372549,0.0016443893546238542,0.002792523941025138,-0.008527904748916626,0.006056077778339386,0.32745098039215687,0.01568627450980392,0.0006709442241117358,0.001351137994788587,-0.02660077065229416,0.004288852214813232,1.0,1.0,0.0,0.0,0.0,0.0,0.9911764705882353,0.9911764705882353,0.00026470585726201534,0.002819245681166649,-0.029999999329447746,0.029999999329447746
/root/repo/cdpr_synth_10hz/libero_spatial_no_noops/tfrecords_human_control_fixed/libero_spatial_no_noops-train-HUMAN_CONTROL_desk__ycb_banana-ycb_peach_wrapper__localpatched_teleop_2026-01-13_11-31-04.tfrecord,1712,0.17523364485981308,0.0005841121495327102,0.0049599455669522285,0.001161780208349228,0.008629418024793266,0.001136584091000259,0.31600467289719625,0.0011682242990654205,0.000944293278735131,0.001815925003029406,-0.004958588629961014,0.008539736270904541,0.3171728971962617,0.0011682242990654205,0.0009343575802631676,0.00170785968657583,-0.008187055587768555,0.004583775997161865,0.35046728971962615,0.009345794392523364,0.0006040824227966368,0.001213169889524579,-0.02660077065229416,0.0040480345487594604,0.9655373831775701,0.9655373831775701,0.003007430350407958,0.016204427927732468,-0.08726668357849121,0.08726668357849121,0.9935747663551402,0.9935747663551402,0.00019275699742138386,0.0024053556844592094,-0.029999999329447746,0.029999999329447746
/root/repo/cdpr_synth_10hz/libero_spatial_no_noops/tfrecords_human_control_fixed/libero_spatial_no_noops-train-HUMAN_CONTROL_desk__ycb_banana-ycb_pear_wrapper__localpatched_teleop_2026-01-12_14-57-07.tfrecord,801,0.25593008739076156,0.0012484394506866417,0.008578188717365265,0.0013348013162612915,0.0872664675116539,0.0018239541677758098,0.7128589263420724,0.0024968789013732834,0.0002356675686314702,0.0006052373792044818,-0.003911968320608139,0.0020437370985746384,0.4094881398252185,0.0024968789013732834,0.0016444723587483168,0.0028989147394895554,-0.0067412033677101135,0.008625656366348267,0.418227215980025,0.019975031210986267,0.0007334466790780425,0.001537097035907209,-0.02660077065229416,0.004338353872299194,0.9275905118601748,0.9275905118601748,0.006318919360637665,0.02349628321826458,-0.08726668357849121,0.08726668357849121,0.9937578027465668,0.9937578027465668,0.00018726590496953577,0.0023714108392596245,-0.029999999329447746,0.029999999329447746
/root/repo/cdpr_synth_10hz/libero_spatial_no_noops/tfrecords_human_control_fixed/libero_spatial_no_noops-train-HUMAN_CONTROL_desk__ycb_baseball-ycb_foam_brick-ycb_knife-ycb_mug_wrapper__localpatched_teleop_2026-01-13_13-05-20.tfrecord,608,0.29605263157894735,0.001644736842105263,0.0016237314557656646,0.0008728864486329257,0.004935568571090698,0.00045116746332496405,0.4753289473684211,0.003289473684210526,0.0007243413710966706,0.0014261319302022457,-0.0037041306495666504,0.005877487361431122,0.48026315789473684,0.003289473684210526,0.0004985012928955257,0.0008926693699322641,-0.002955704927444458,0.003231324255466461,0.2680921052631579,0.02631578947368421,0.000884968030732125,0.0016808584332466125,-0.02660077065229416,0.004558667540550232,1.0,1.0,0.0,0.0,0.0,0.0,0.9950657894736842,0.9950657894736842,0.00014802631631027907,0.00210847076959908,-0.029999999329447746,0.029999999329447746
/root/repo/cdpr_synth_10hz/libero_spatial_no_noops/tfrecords_human_control_fixed/libero_spatial_no_noops-train-HUMAN_CONTROL_desk__ycb_baseball-ycb_foam_brick-ycb_knife-ycb_mug_wrapper__localpatched_teleop_2026-01-13_13-06-36.tfrecord,838,0.1766109785202864,0.0011933174224343676,0.0017537715611979365,0.0011834808392450213,0.005032975459471342,0.00044994469499215484,0.441527446300716,0.002386634844868735,0.0008806563564576209,0.0017101052217185497,-0.0037394165992736816,0.007677492219954729,0.5035799522673031,0.002386634844868735,0.0005066453595645726,0.0009103001793846488,-0.0036819782108068466,0.0024587661027908325,0.27684964200477324,0.01909307875894988,0.0007550236769020557,0.0014768149703741074,-0.02660077065229416,0.004484653472900391,1.0,1.0,0.0,0.0,0.0,0.0,0.9964200477326969,0.9964200477326969,0.00010739856224972755,0.0017957005184143782,-0.029999999329447746,0.029999999329447746
/root/repo/cdpr_synth_10hz/libero_spatial_no_noops/tfrecords_human_control_fixed/libero_spatial_no_noops-train-HUMAN_CONTROL_desk__ycb_baseball-ycb_foam_brick-ycb_knife-ycb_mug_wrapper__localpatched_teleop_2026-01-13_13-07-44.tfrecord,784,0.22576530612244897,0.0012755102040816326,0.0034905830398201942,0.0010733287781476974,0.005021503078751265,0.0007759968284517527,0.6951530612244898,0.002551020408163265,0.0003862097510136664,0.0009789547184482217,-0.003157004714012146,0.004603240638971329,0.5790816326530612,0.002551020408163265,0.0003754927311092615,0.0008506622398272157,-0.0046512670814991,0.0026561617851257324,0.19260204081632654,0.02040816326530612,0.0009999199537560344,0.0017110439948737621,-0.02660077065229416,0.004928097128868103,0.9770408163265306,0.9770408163265306,0.0020035665947943926,0.01307836826890707,0.0,0.08726668357849121,0.9961734693877551,0.9961734693877551,0.00011479591194074601,0.0018565574428066611,-0.029999999329447746,0.029999999329447746
/root/repo/cdpr_synth_10hz/libero_spatial_no_noops/tfrecords_human_control_fixed/libero_spatial_no_noops-train-HUMAN_CONTROL_desk__ycb_baseball-ycb_foam_brick-ycb_knife-ycb_mug_wrapper__localpatched_teleop_2026-01-13_13-09-37.tfrecord,728,0.23763736263736263,0.0013736263736263737,0.004639043472707272,0.0008961564744822681,0.005654289736412462,0.0010388292139396071,0.5384615384615384,0.0027472527472527475,0.0004466250538825989,0.0008704306674189866,-0.0021604150533676147,0.004005058668553829,0.5302197802197802,0.0027472527472527475,0.0005901415715925395,0.001137944171205163,-0.0037430133670568466,0.003978025168180466,0.36538461538461536,0.046703296703296704,0.0009170941193588078,0.0017508271848782897,-0.02660077065229416,0.0049474239349365234,0.9642857142857143,0.9642857142857143,0.003116658655926585,0.016475310549139977,-0.08726644515991211,0.08726644515991211,0.9958791208791209,0.9958791208791209,0.0001236263633472845,0.0019267055904492736,-0.029999999329447746,0.029999999329447746
/root/repo/cdpr_synth_10hz/libero_spatial_no_noops/tfrecords_human_control_fixed/libero_spatial_no_noops-train-HUMAN_CONTROL_desk__ycb_baseball-ycb_foam_brick-ycb_knife-ycb_mug_wrapper__localpatched_teleop_2026-01-13_13-12-10.tfrecord,1155,0.15151515151515152,0.0008658008658008658,0.0036559856962412596,0.0011106113670393825,0.0047891601454466545,0.0008196853450499475,0.47705627705627707,0.0017316017316017316,0.00047968418220989406,0.001048184116370976,-0.005980916321277618,0.0029817745089530945,0.4077922077922078,0.0017316017316017316,0.0004669504123739898,0.000772937317378819,-0.002771686762571335,0.0020270952954888344,0.24155844155844156,0.013852813852813853,0.0009063713368959725,0.001566275954246521,-0.02660077065229416,0.004938244819641113,0.9757575757575757,0.9757575757575757,0.002115550683811307,0.013572080992162228,-0.08726668357849121,0.08726668357849121,0.9956709956709957,0.9956709956709957,0.0001298701245104894,0.0019745391327887774,-0.029999999329447746,0.029999999329447746
/root/repo/cdpr_synth_10hz/libero_spatial_no_noops/tfrecords_human_control_fixed/libero_spatial_no_noops-train-HUMAN_CONTROL_desk__ycb_baseball-ycb_foam_brick-ycb_knife-ycb_mug_wrapper__localpatched_teleop_2026-01-13_13-15-06.tfrecord,688,0.17005813953488372,0.0014534883720930232,0.0014695677673444152,0.0010645014699548483,0.003645296138711273,0.00036737724440172315,0.5537790697674418,0.0029069767441860465,0.00042458457755856216,0.0008664438501000404,-0.0031117312610149384,0.0036857426166534424,0.684593023255814,0.0029069767441860465,0.00019707596220541745,0.00040091571281664073,-0.0015259999781847,0.0015423237346112728,0.12209302325581395,0.023255813953488372,0.0010844115167856216,0.0017246747156605124,-0.02660077065229416,0.003957584500312805,1.0,1.0,0.0,0.0,0.0,0.0,0.9956395348837209,0.9956395348837209,0.00013081394718028605,0.00198197178542614,-0.029999999329447746,0.029999999329447746
/root/repo/cdpr_synth_10hz/libero_spatial_no_noops/tfrecords_human_control_fixed/libero_spatial_no_noops-train-HUMAN_CONTROL_desk__ycb_baseball-ycb_foam_brick-ycb_knife-ycb_mug_wrapper__localpatched_teleop_2026-01-13_13-16-22.tfrecord,756,0.26851851851851855,0.0013227513227513227,0.0030970564112067223,0.0007109055295586586,0.0041564705315977335,0.0006958788726478815,0.6031746031746031,0.0026455026455026454,0.0005305957747623324,0.0011032195761799812,-0.0032214634120464325,0.004060953855514526,0.6256613756613757,0.0026455026455026454,0.00024401753034908324,0.0004799388989340514,-0.0023806430399417877,0.0008666161447763443,0.3134920634920635,0.021164021164021163,0.0007388251251541078,0.0014694657875224948,-0.02660077065229416,0.00418485701084137,0.9788359788359788,0.9788359788359788,0.0018469089409336448,0.012568691745400429,0.0,0.08726644515991211,0.996031746031746,0.996031746031746,0.00011904761049663648,0.0018906629411503673,-0.029999999329447746,0.029999999329447746
/root/repo/cdpr_synth_10hz/libero_spatial_no_noops/tfrecords_human_control_fixed/libero_spatial_no_noops-train-HUMAN_CONTROL_desk__ycb_baseball-ycb_foam_brick-ycb_knife-ycb_mug_wrapper__localpatched_teleop_2026-01-13_13-19-21.tfrecord,733,0.21828103683492497,0.001364256480218281,0.0015962098259478807,0.0011645748745650053,0.004005632549524307,0.00041326560312882066,0.5688949522510232,0.002728512960436562,0.0005536245298571885,0.0011721974005922675,-0.004580006003379822,0.0038938112556934357,0.6043656207366985,0.002728512960436562,0.00027139452868141234,0.0005077444948256016,-0.0015585646033287048,0.0021374374628067017,0.18281036834924966,0.023192360163710776,0.0011185260955244303,0.0017427066341042519,-0.02660077065229416,0.004210665822029114,1.0,1.0,0.0,0.0,0.0,0.0,0.9959072305593452,0.9959072305593452,0.00012278307985980064,0.001920111826620996,-0.029999999329447746,0.029999999329447746
/root/repo/cdpr_synth_10hz/libero_spatial_no_noops/tfrecords_human_control_fixed/libero_spatial_no_noops-train-HUMAN_CONTROL_desk__ycb_baseball-ycb_foam_brick-ycb_knife-ycb_mug_wrapper__localpatched_teleop_2026-01-13_13-22-40.tfrecord,605,0.2694214876033058,0.001652892561983471,0.0018832231871783733,0.0011545760789886117,0.005946618504822249,0.0004949741996824741,0.41983471074380163,0.003305785123966942,0.0010662965942174196,0.0020059742964804173,-0.004384052008390427,0.007023826241493225,0.6380165289256199,0.001652892561983471,0.0003841983852908015,0.0008072814671322703,-0.0036680400371551514,0.0019312761723995209,0.23140495867768596,0.001652892561983471,0.0008756141178309917,0.0015642674406990409,-0.024491146206855774,0.003704071044921875,1.0,1.0,0.0,0.0,0.0,0.0,0.9950413223140496,0.9950413223140496,0.00014876032946631312,0.0021137052681297064,-0.029999999329447746,0.029999999329447746
/root/repo/cdpr_synth_10hz/libero_spatial_no_noops/tfrecords_human_control_fixed/libero_spatial_no_noops-train-HUMAN_CONTROL_desk__ycb_baseball-ycb_foam_brick-ycb_knife-ycb_mug_wrapper__localpatched_teleop_2026-01-13_13-23-26.tfrecord,711,0.2939521800281294,0.0014064697609001407,0.002457073889672756,0.0008263848721981049,0.0049550950061529875,0.0006065124762244523,0.6680731364275668,0.0028129395218002813,0.00036326906410977244,0.0008695422438904643,-0.004410106688737869,0.0027036890387535095,0.3727144866385373,0.0028129395218002813,0.0008328648400492966,0.0013891776325181127,-0.004794280976057053,0.004088468849658966,0.3924050632911392,0.02250351617440225,0.0007279450655914843,0.0015249091666191816,-0.02660077065229416,0.0038940459489822388,0.9887482419127989,0.9887482419127989,0.0009819009574130177,0.009210994467139244,-0.08726644515991211,0.0,0.9957805907172996,0.9957805907172996,0.00012658227933570743,0.0019496267195791006,-0.029999999329447746,0.029999999329447746
/root/repo/cdpr_synth_10hz/libero_spatial_no_noops/tfrecords_human_control_fixed/libero_spatial_no_noops-train-HUMAN_CONTROL_desk__ycb_baseball-ycb_foam_brick-ycb_knife-ycb_mug_wrapper__localpatched_teleop_2026-01-13_13-25-18.tfrecord,784,0.3125,0.0012755102040816326,0.002959661418572068,0.000632797135040164,0.003825835057068615,0.0006587991956621408,0.6530612244897959,0.002551020408163265,0.0002011618489632383,0.0004370007081888616,-0.0024219276383519173,0.001096382737159729,0.5969387755102041,0.002551020408163265,0.0003373530926182866,0.0007044841186143458,-0.0023993998765945435,0.0029163621366024017,0.2653061224489796,0.02040816326530612,0.0007484282250516117,0.001453078119084239,-0.02660077065229416,0.004134029150009155,0.9783163265306123,0.9783163265306123,0.0018922571325674653,0.012858056463301182,-0.08726644515991211,0.08726644515991211,0.9961734693877551,0.9961734693877551,0.00011479591194074601,0.0018565579084679484,-0.029999999329447746,0.029999999329447746
/root/repo/cdpr_synth_10hz/libero_spatial_no_noops/tfrecords_human_control_fixed/libero_spatial_no_noops-train-HUMAN_CONTROL_desk__ycb_baseball-ycb_foam_brick-ycb_knife-ycb_mug_wrapper__localpatched_teleop_2026-01-13_13-27-45.tfrecord,608,0.24835526315789475,0.001644736842105263,0.0019364568870514631,0.0011441907845437527,0.00592312179505825,0.0005171728553250432,0.5476973684210527,0.003289473684210526,0.0006522483308799565,0.0012233629822731018,-0.0023830709978938103,0.004996105562895536,0.5328947368421053,0.003289473684210526,0.0009497144492343068,0.0018269873689860106,-0.006362698972225189,0.005402311682701111,0.27960526315789475,0.02631578947368421,0.0008358749328181148,0.0015947323990985751,-0.02660077065229416,0.0036582499742507935,1.0,1.0,0.0,0.0,0.0,0.0,0.9950657894736842,0.9950657894736842,0.00014802631631027907,0.0021084703039377928,-0.029999999329447746,0.029999999329447746
/root/repo/cdpr_synth_10hz/libero_spatial_no_noops/tfrecords_human_control_fixed/libero_spatial_no_noops-train-HUMAN_CONTROL_desk__ycb_baseball-ycb_foam_brick-ycb_knife-ycb_mug_wrapper__localpatched_teleop_2026-01-13_13-30-50.tfrecord,753,0.20185922974767595,0.0013280212483399733,0.003130094613879919,0.0011357602197676897,0.00627238331362605,0.0007668822072446346,0.4555112881806109,0.0026560424966799467,0.0006550961406901479,0.0012105361092835665,-0.0022877901792526245,0.005198579281568527,0.23904382470119523,0.0026560424966799467,0.0009903303580358624,0.0017153285443782806,-0.005821391940116882,0.00536872074007988,0.3612217795484728,0.021248339973439574,0.0007946544792503119,0.0015900563448667526,-0.02660077065229416,0.00449642539024353,0.9853917662682603,0.9853917662682603,0.0012748086592182517,0.010477031581103802,-0.08726644515991211,0.0,0.9960159362549801,0.9960159362549801,0.00011952190834563226,0.001894430024549365,-0.029999999329447746,0.029999999329447746
/root/repo/cdpr_synth_10hz/libero_spatial_no_noops/tfrecords_human_control_fixed/libero_spatial_no_noops-train-HUMAN_CONTROL_desk__ycb_baseball_wrapper__localpatched_teleop_2025-12-26_12-16-15.tfrecord,548,0.19160583941605838,0.0018248175182481751,0.0016301089199259877,0.0009472676902078092,0.005960401450283825,0.00045613752445206046,0.5383211678832117,0.0036496350364963502,0.00038256996776908636,0.0007620534161105752,-0.0027717221528291702,0.003150656819343567,0.23905109489051096,0.0036496350364963502,0.0007152787293307483,0.001119594438932836,-0.004462976008653641,0.003050483763217926,0.36496350364963503,0.029197080291970802,0.0010733503149822354,0.0020868380088359118,-0.02660077065229416,0.006501495838165283,1.0,1.0,0.0,0.0,0.0,0.0,0.9963503649635036,0.9963503649635036,0.00010948904673568904,0.0018140221945941448,-0.029999999329447746,0.029999999329447746
/root/repo/cdpr_synth_10hz/libero_spatial_no_noops/tfrecords_human_control_fixed/libero_spatial_no_noops-train-HUMAN_CONTROL_desk__ycb_bowl-ycb_g_cups-ycb_hammer-ycb_medium_clamp_wrapper__localpatched_teleop_2026-01-13_13-00-01.tfrecord,555,0.2810810810810811,0.0018018018018018018,0.0015945523045957088,0.0011748080141842365,0.004223250225186347,0.0004140629607718438,0.6162162162162163,0.0018018018018018018,0.0004073103191331029,0.0008602801244705915,-0.00200856477022171,0.0036493539810180664,0.45225225225225224,0.0018018018018018018,0.0006047304486855865,0.0011412031017243862,-0.004630081355571747,0.0029434189200401306,0.2954954954954955,0.007207207207207207,0.0008961111307144165,0.0015682884259149432,-0.02185124158859253,0.004558458924293518,1.0,1.0,0.0,0.0,0.0,0.0,0.9945945945945946,0.9945945945945946,0.00016216214862652123,0.0022069753613322973,-0.029999999329447746,0.029999999329447746
/root/repo/cdpr_synth_10hz/libero_spatial_no_noops/tfrecords_human_control_fixed/libero_spatial_no_noops-train-HUMAN_CONTROL_desk__ycb_bowl-ycb_g_cups-ycb_hammer-ycb_medium_clamp_wrapper__localpatched_teleop_2026-01-13_13-01-08.tfrecord,557,0.24236983842010773,0.0017953321364452424,0.004360892344266176,0.0007783303153701127,0.0060334804467856796,0.0009846659377217293,0.37881508078994613,0.003590664272890485,0.000653596711345017,0.0011418090434744954,-0.004608113318681717,0.0029185712337493896,0.6391382405745063,0.003590664272890485,0.0003274129412602633,0.00070174754364416,-0.003708021715283394,0.00044524669647216797,0.3141831238779174,0.02872531418312388,0.0008039668318815529,0.0016717335674911737,-0.02660077065229416,0.004487782716751099,0.9658886894075404,0.9658886894075404,0.0029767733067274094,0.015854526311159134,0.0,0.08726668357849121,0.9946140035906643,0.9946140035906643,0.0001615798828424886,0.0022029965184628963,-0.029999999329447746,0.029999999329447746
/root/repo/cdpr_synth_10hz/libero_spatial_no_noops/tfrecords_human_control_fixed/libero_spatial_no_noops-train-HUMAN_CONTROL_desk__ycb_bowl-ycb_peach-ycb_pear_wrapper__localpatched_teleop_2025-12-26_11-32-40.tfrecord,688,0.3125,0.0014534883720930232,0.0022207866422832012,0.0009433652739971876,0.009743171650916333,0.0006295554339885712,0.47093023255813954,0.0029069767441860465,0.000906995206605643,0.0019966650288552046,-0.00364106148481369,0.008108764886856079,0.5625,0.0029069767441860465,0.0007917277980595827,0.0016528661362826824,-0.004247061908245087,0.007037028670310974,0.3502906976744186,0.023255813953488372,0.001318240538239479,0.0022820252925157547,-0.02660077065229416,0.007136523723602295,1.0,1.0,0.0,0.0,0.0,0.0,0.9956395348837209,0.9956395348837209,0.00013081394718028605,0.0019819720182567835,-0.029999999329447746,0.029999999329447746
/root/repo/cdpr_synth_10hz/libero_spatial_no_noops/tfrecords_human_control_fixed/libero_spatial_no_noops-train-HUMAN_CONTROL_desk__ycb_bowl-ycb_peach-ycb_pear_wrapper__localpatched_teleop_2025-12-26_11-34-19.tfrecord,917,0.27699018538713194,0.0010905125408942203,0.004674720577895641,0.0007360047311522067,0.006054935045540325,0.0010120919905602932,0.5234460196292258,0.0021810250817884407,0.00040742798591963947,0.0008664149791002274,-0.0045927744358778,0.0015824344009160995,0.5736095965103599,0.0021810250817884407,0.0003880819713231176,0.0008580127614550292,-0.004667241126298904,0.002963736653327942,0.4078516902944384,0.017448200654307525,0.0007408580277115107,0.0015907001215964556,-0.02660077065229416,0.005784347653388977,0.960741548527808,0.960741548527808,0.0034259455278515816,0.017298998311161995,-0.08726644515991211,0.08726644515991211,0.9967284623773174,0.9967284623773174,9.814612712943926e-05,0.001716545782983303,-0.029999999329447746,0.029999999329447746
/root/repo/cdpr_synth_10hz/libero_spatial_no_noops/tfrecords_human_control_fixed/libero_spatial_no_noops-train-HUMAN_CONTROL_desk__ycb_bowl-ycb_peach-ycb_pear_wrapper__localpatched_teleop_2025-12-26_11-42-50.tfrecord,1651,0.30890369473046636,0.0006056935190793458,0.002642594277858734,0.0008951451745815575,0.008353466168045998,0.0006923270411789417,0.5051483949121744,0.0012113870381586917,0.0008655900019221008,0.0016641292022541165,-0.00541507825255394,0.006588239222764969,0.4627498485766202,0.0012113870381586917,0.0009127762750722468,0.0018419662956148386,-0.00822199136018753,0.004310961812734604,0.3827983040581466,0.009691096305269533,0.0008524209843017161,0.0017138064140453935,-0.02660077065229416,0.007609963417053223,0.9915202907328892,0.9915202907328892,0.000739994109608233,0.008037693798542023,-0.08726644515991211,0.08726644515991211,0.9969715324046032,0.9969715324046032,9.085402416530997e-05,0.0016513377195224166,-0.029999999329447746,0.029999999329447746
/root/repo/cdpr_synth_10hz/libero_spatial_no_noops/tfrecords_human_control_fixed/libero_spatial_no_noops-train-HUMAN_CONTROL_desk__ycb_bowl-ycb_peach-ycb_pear_wrapper__localpatched_teleop_2025-12-26_11-47-52.tfrecord,656,0.2728658536585366,0.001524390243902439,0.0034832307137548923,0.0009695170447230339,0.007481762091629207,0.00082870211917907,0.4771341463414634,0.003048780487804878,0.000567047216463834,0.001195318065583706,-0.005633927881717682,0.003028634935617447,0.5807926829268293,0.003048780487804878,0.0005733261932618916,0.0012222608784213662,-0.005420703440904617,0.003457615152001381,0.2728658536585366,0.024390243902439025,0.0011365762911736965,0.002030015457421541,-0.02660077065229416,0.005910545587539673,0.9801829268292683,0.9801829268292683,0.001729365554638207,0.01229343842715025,-0.08726644515991211,0.08726644515991211,0.9954268292682927,0.9954268292682927,0.00013719512207899243,0.002029789611697197,-0.029999999329447746,0.029999999329447746
/root/repo/cdpr_synth_10hz/libero_spatial_no_noops/tfrecords_human_control_fixed/libero_spatial_no_noops-train-HUMAN_CONTROL_desk__ycb_bowl-ycb_peach-ycb_pear_wrapper__localpatched_teleop_2026-01-09_16-02-40.tfrecord,533,0.18761726078799248,0.001876172607879925,0.0023326664231717587,0.0009801810374483466,0.009068115986883639,0.0006493991822935641,0.4146341463414634,0.00375234521575985,0.001186902984045446,0.002395360032096505,-0.0058012306690216064,0.008146651089191437,0.45778611632270166,0.00375234521575985,0.0007946856203489006,0.0016135668847709894,-0.006598174571990967,0.004603222012519836,0.30956848030018763,0.0300187617260788,0.0010965523542836308,0.002110599773004651,-0.02660077065229416,0.00690343976020813,1.0,1.0,0.0,0.0,0.0,0.0,0.9943714821763602,0.9943714821763602,0.000168855520314537,0.0022521140053868294,-0.029999999329447746,0.029999999329447746
/root/repo/cdpr_synth_10hz/libero_spatial_no_noops/tfrecords_human_control_fixed/libero_spatial_no_noops-train-HUMAN_CONTROL_desk__ycb_bowl-ycb_peach-ycb_pear_wrapper__localpatched_teleop_2026-01-09_16-04-01.tfrecord,957,0.22048066875653083,0.0010449320794148381,0.0029692689422518015,0.0009752088226377964,0.006816733628511427,0.0006939775194041431,0.5642633228840125,0.0041797283176593526,0.000489593658130616,0.001141274580731988,-0.006163150072097778,0.0027116090059280396,0.2946708463949843,0.0020898641588296763,0.0010407490190118551,0.0018591133411973715,-0.006580322980880737,0.00688190758228302,0.522466039707419,0.0041797283176593526,0.0006258587236516178,0.0015202888753265142,-0.02660077065229416,0.006375648081302643,0.987460815047022,0.987460815047022,0.0010942501248791814,0.009775261394679546,-0.08726644515991211,0.08726644515991211,0.9926854754440961,0.9926854754440961,0.000219435736653395,0.0025668961461633444,-0.029999999329447746,0.029999999329447746
/root/repo/cdpr_synth_10hz/libero_spatial_no_noops/tfrecords_human_control_fixed/libero_spatial_no_noops-train-HUMAN_CONTROL_desk__ycb_bowl-ycb_peach-ycb_pear_wrapper__localpatched_teleop_2026-01-09_16-05-30.tfrecord,955,0.3057591623036649,0.0010471204188481676,0.0032490515150129795,0.0007529383874498308,0.005033974396064875,0.0007181401597335935,0.6376963350785341,0.0020942408376963353,0.00030937918927520514,0.0006731895264238119,-0.0028153806924819946,0.003082115203142166,0.5895287958115183,0.0020942408376963353,0.0003183876979164779,0.0006274199695326388,-0.0005158483982086182,0.003495164215564728,0.40209424083769635,0.016753926701570682,0.0008869183366186917,0.0017030233284458518,-0.02660077065229416,0.005903497338294983,0.9780104712041885,0.9780104712041885,0.0019189480226486921,0.012947102077305317,-0.08726644515991211,0.08726644515991211,0.9947643979057592,0.9947643979057592,0.00015706804697401822,0.0021716244518756866,-0.029999999329447746,0.029999999329447746
/root/repo/cdpr_synth_10hz/libero_spatial_no_noops/tfrecords_human_control_fixed/libero_spatial_no_noops-train-HUMAN_CONTROL_desk__ycb_bowl-ycb_peach-ycb_pear_wrapper__localpatched_teleop_2026-01-09_16-06-34.tfrecord,1501,0.21652231845436376,0.0006662225183211193,0.004222032148391008,0.0009736630599945784,0.007313467562198639,0.0009618598269298673,0.4150566289140573,0.0013324450366422385,0.0011283953208476305,0.0020475436467677355,-0.005977630615234375,0.007131561636924744,0.43704197201865425,0.0013324450366422385,0.0005418845103122294,0.0010600833920761943,-0.005404770374298096,0.004496917128562927,0.4117255163224517,0.002664890073284477,0.0006553928251378238,0.0014173306990414858,-0.02660077065229416,0.006684884428977966,0.9726848767488341,0.9726848767488341,0.002383694052696228,0.014426513575017452,-0.08726668357849121,0.08726668357849121,0.9966688874083944,0.9966688874083944,9.993337152991444e-05,0.0017319386824965477,-0.029999999329447746,0.029999999329447746
/root/repo/cdpr_synth_10hz/libero_spatial_no_noops/tfrecords_human_control_fixed/libero_spatial_no_noops-train-HUMAN_CONTROL_desk__ycb_bowl-ycb_peach-ycb_pear_wrapper__localpatched_teleop_2026-01-09_16-12-34.tfrecord,761,0.26938239159001315,0.001314060446780552,0.0028170179575681686,0.0008504713186994195,0.007629000581800938,0.0006773124914616346,0.5755584756898817,0.002628120893561104,0.000660241988953203,0.001641073264181614,-0.0077093616127967834,0.0029843878000974655,0.4520367936925099,0.002628120893561104,0.0005704387440346181,0.001062130555510521,-0.0021608900278806686,0.005579836666584015,0.25098554533508544,0.02102496714848883,0.0007762097520753741,0.001528584980405867,-0.02660077065229416,0.004568740725517273,0.985545335085414,0.985545335085414,0.0012614072766155005,0.010498156771063805,-0.08726644515991211,0.08726644515991211,0.9960578186596584,0.9960578186596584,0.00011826543777715415,0.0018844337901100516,-0.029999999329447746,0.029999999329447746
/root/repo/cdpr_synth_10hz/libero_spatial_no_noops/tfrecords_human_control_fixed/libero_spatial_no_noops-train-HUMAN_CONTROL_desk__ycb_bowl-ycb_peach-ycb_pear_wrapper__localpatched_teleop_2026-01-09_16-13-27.tfrecord,724,0.12430939226519337,0.0013812154696132596,0.002631488721817732,0.0012526263017207384,0.007511833566240967,0.000670114008244127,0.39502762430939226,0.0027624309392265192,0.0007681933348067105,0.0015395813388749957,-0.005315065383911133,0.00664246641099453,0.292817679558011,0.0027624309392265192,0.0013642088742926717,0.0024464356247335672,-0.007391199469566345,0.007691964507102966,0.3825966850828729,0.022099447513812154,0.0007322575547732413,0.0015407891478389502,-0.02660077065229416,0.004174783825874329,0.9958563535911602,0.9958563535911602,0.0003616012982092798,0.005609650630503893,0.0,0.08726644515991211,0.9958563535911602,0.9958563535911602,0.00012430938659235835,0.0019320202991366386,-0.029999999329447746,0.029999999329447746
/root/repo/cdpr_synth_10hz/libero_spatial_no_noops/tfrecords_human_control_fixed/libero_spatial_no_noops-train-HUMAN_CONTROL_desk__ycb_bowl-ycb_peach-ycb_pear_wrapper__localpatched_teleop_2026-01-09_16-14-26.tfrecord,744,0.28091397849462363,0.0013440860215053765,0.0037515428848564625,0.0006531685357913375,0.007657481567002834,0.0008547432371415198,0.42473118279569894,0.002688172043010753,0.0009535285062156618,0.0019463358912616968,-0.007077891379594803,0.006429389119148254,0.5241935483870968,0.002688172043010753,0.0005345498793758452,0.0011721131158992648,-0.006192639470100403,0.0018304884433746338,0.5336021505376344,0.01478494623655914,0.0005533848307095468,0.0014298990136012435,-0.02660077065229416,0.0047336965799331665,0.9758064516129032,0.9758064516129032,0.0021112849935889244,0.013580798171460629,-0.08726644515991211,0.08726644515991211,0.9959677419354839,0.9959677419354839,0.00012096773571101949,0.0019058568868786097,-0.029999999329447746,0.029999999329447746
/root/repo/cdpr_synth_10hz/libero_spatial_no_noops/tfrecords_human_control_fixed/libero_spatial_no_noops-train-HUMAN_CONTROL_desk__ycb_bowl-ycb_peach-ycb_pear_wrapper__localpatched_teleop_2026-01-09_16-15-23.tfrecord,779,0.16559691912708602,0.0012836970474967907,0.005526646040380001,0.001212234958074987,0.008733167219907042,0.0012428046902641654,0.337612323491656,0.0025673940949935813,0.0013230139156803489,0.00234393822029233,-0.007710590958595276,0.0072782039642333984,0.49037227214377405,0.0025673940949935813,0.000677291420288384,0.0011874795891344547,-0.0011585801839828491,0.005154967308044434,0.46598202824133506,0.0025673940949935813,0.0006639625644311309,0.001633147825486958,-0.02660077065229416,0.0059761106967926025,0.9602053915275995,0.9602053915275995,0.003472734708338976,0.017069388180971146,-0.08726668357849121,0.0,0.9974326059050064,0.9974326059050064,7.702181756030768e-05,0.0015210603596642613,-0.029999999329447746,0.029999999329447746
/root/repo/cdpr_synth_10hz/libero_spatial_no_noops/tfrecords_human_control_fixed/libero_spatial_no_noops-train-HUMAN_CONTROL_desk__ycb_bowl-ycb_peach-ycb_pear_wrapper__localpatched_teleop_2026-01-09_16-16-27.tfrecord,1096,0.2509124087591241,0.0009124087591240876,0.009113908745348454,0.0009734198683872819,0.08726648986339569,0.0019764790777117014,0.5346715328467153,0.0018248175182481751,0.0006522234762087464,0.0012921413872390985,-0.005121131893247366,0.005585566163063049,0.26277372262773724,0.0018248175182481751,0.001080003334209323,0.0019176355563104153,-0.0063331350684165955,0.007304973900318146,0.5711678832116789,0.010036496350364963,0.0007153927581384778,0.0016532503068447113,-0.02660077065229416,0.006435200572013855,0.916058394160584,0.916058394160584,0.007325287442654371,0.025294983759522438,-0.08726668357849121,0.08726668357849121,0.9963503649635036,0.9963503649635036,0.00010948904673568904,0.0018131936667487025,-0.029999999329447746,0.029999999329447746
/root/repo/cdpr_synth_10hz/libero_spatial_no_noops/tfrecords_human_control_fixed/libero_spatial_no_noops-train-HUMAN_CONTROL_desk__ycb_c_cups_wrapper__localpatched_teleop_2025-12-26_12-20-41.tfrecord,893,0.21724524076147816,0.0011198208286674132,0.0067074536345899105,0.00110453215893358,0.08727037459611893,0.0014874037588015199,0.6136618141097424,0.0022396416573348264,0.0005408801953308284,0.0014107528841122985,-0.006506040692329407,0.006249666213989258,0.5263157894736842,0.0022396416573348264,0.0005347202531993389,0.0010276701068505645,-0.000927358865737915,0.004961967468261719,0.2127659574468085,0.01791713325867861,0.0011454549385234714,0.0018808301538228989,-0.02660077065229416,0.005717426538467407,0.9417693169092946,0.9417693169092946,0.005081585142761469,0.020739920437335968,-0.08726668357849121,0.08726644515991211,0.9955207166853304,0.9955207166853304,0.00013437849702313542,0.0020089487079530954,-0.029999999329447746,0.029999999329447746
/root/repo/cdpr_synth_10hz/libero_spatial_no_noops/tfrecords_human_control_fixed/libero_spatial_no_noops-train-HUMAN_CONTROL_desk__ycb_d_cups_wrapper__localpatched_teleop_2025-12-26_12-22-59.tfrecord,514,0.2490272373540856,0.0019455252918287938,0.009518824517726898,0.0010654701618477702,0.08727611973881721,0.002019953913986683,0.6284046692607004,0.0038910505836575876,0.0002557502593845129,0.0005676583386957645,-0.0004388168454170227,0.0030497536063194275,0.5778210116731517,0.0038910505836575876,0.00032049219589680433,0.0007220700499601662,-0.0038318876177072525,0.000581003725528717,0.23151750972762647,0.03501945525291829,0.0012573987478390336,0.0021034805104136467,-0.02660077065229416,0.005118653178215027,0.9066147859922179,0.9066147859922179,0.008149397559463978,0.0254167802631855,-0.08726668357849121,0.0,0.9961089494163424,0.9961089494163424,0.00011673151311697438,0.0018731716554611921,-0.029999999329447746,0.029999999329447746
/root/repo/cdpr_synth_10hz/libero_spatial_no_noops/tfrecords_human_control_fixed/libero_spatial_no_noops-train-HUMAN_CONTROL_desk__ycb_e_cups_wrapper__localpatched_teleop_2025-12-26_12-25-16.tfrecord,815,0.1325153374233129,0.001226993865030675,0.01398460753262043,0.0013435236178338528,0.08726699352264404,0.00288173439912498,0.6699386503067485,0.00245398773006135,0.00017001797095872462,0.0003344359574839473,-0.0005763620138168335,0.002100100740790367,0.5006134969325153,0.00245398773006135,0.0004132370522711426,0.0009234938188455999,-0.00554531067609787,0.0012201517820358276,0.20613496932515338,0.0196319018404908,0.0011503567220643163,0.0019046822562813759,-0.02660077065229416,0.005561813712120056,0.8564417177914111,0.8564417177914111,0.012527838349342346,0.032871585339307785,-0.08726668357849121,0.08726668357849121,0.9950920245398773,0.9950920245398773,0.00014723926142323762,0.0021029990166425705,-0.029999999329447746,0.029999999329447746
/root/repo/cdpr_synth_10hz/libero_spatial_no_noops/tfrecords_human_control_fixed/libero_spatial_no_noops-train-HUMAN_CONTROL_desk__ycb_extra_large_clamp_wrapper__localpatched_teleop_2025-12-26_12-31-41.tfrecord,519,0.2543352601156069,0.0019267822736030828,0.0017650285735726357,0.0011082444107159972,0.004797366866841907,0.00044497131602838635,0.7263969171483622,0.0038535645472061657,0.0002842640969902277,0.0007481283973902464,-0.0040517449378967285,0.0014234185218811035,0.5298651252408478,0.0038535645472061657,0.0005280758487060666,0.0009521126630716026,-0.00039458274841308594,0.0042199864983558655,0.28901734104046245,0.030828516377649325,0.0012969092931598425,0.002153891371563077,-0.02660077065229416,0.004830658435821533,1.0,1.0,0.0,0.0,0.0,0.0,0.9961464354527938,0.9961464354527938,0.00011560693383216858,0.0018641093047335744,-0.029999999329447746,0.029999999329447746
/root/repo/cdpr_synth_10hz/libero_spatial_no_noops/tfrecords_human_control_fixed/libero_spatial_no_noops-train-HUMAN_CONTROL_desk__ycb_foam_brick_wrapper__localpatched_teleop_2025-12-26_12-37-09.tfrecord,549,0.18761384335154827,0.0018214936247723133,0.002154861344024539,0.001281106029637158,0.006572604272514582,0.0005684783100150526,0.5664845173041895,0.0036429872495446266,0.0004132639733143151,0.0008883094997145236,-0.004173602908849716,0.0020303651690483093,0.366120218579235,0.0036429872495446266,0.0006107958033680916,0.001201530685648322,-0.005224931985139847,0.0012209266424179077,0.23679417122040072,0.029143897996357013,0.0017090430483222008,0.0026533356867730618,-0.02660077065229416,0.006424635648727417,1.0,1.0,0.0,0.0,0.0,0.0,0.9963570127504554,0.9963570127504554,0.00010928961273748428,0.0018123663030564785,-0.029999999329447746,0.029999999329447746
/root/repo/cdpr_synth_10hz/libero_spatial_no_noops/tfrecords_human_control_fixed/libero_spatial_no_noops-train-HUMAN_CONTROL_desk__ycb_hammer-ycb_power_drill-ycb_wood_block_wrapper__localpatched_teleop_2025-12-26_11-09-52.tfrecord,893,0.21388577827547592,0.0011198208286674132,0.003707979107275605,0.00127011991571635,0.00583334919065237,0.0008012878824956715,0.7357222844344905,0.0022396416573348264,0.00034190629958175123,0.0009987883968278766,-0.0059572309255599976,0.0021280795335769653,0.734602463605823,0.0022396416573348264,0.00044509925646707416,0.0011413106694817543,-0.005381010472774506,0.0041888803243637085,0.22396416573348266,0.0011198208286674132,0.0012619167100638151,0.002022491069510579,-0.02660077065229416,0.006250321865081787,0.9787234042553191,0.9787234042553191,0.001856733113527298,0.012599890120327473,0.0,0.08726668357849121,0.9966405375139977,0.9966405375139977,0.00010078387276735157,0.001739479135721922,-0.029999999329447746,0.029999999329447746
/root/repo/cdpr_synth_10hz/libero_spatial_no_noops/tfrecords_human_control_fixed/libero_spatial_no_noops-train-HUMAN_CONTROL_desk__ycb_hammer-ycb_wood_block_wrapper__localpatched_teleop_2025-12-26_11-06-56.tfrecord,871,0.20780711825487944,0.001148105625717566,0.0021198049653321505,0.0012357945088297129,0.005910980748012662,0.0005057919188402593,0.4902411021814007,0.002296211251435132,0.0007912532310001552,0.0016355110565200448,-0.004911158233880997,0.006710533052682877,0.7956371986222732,0.003444316877152698,0.00028271161136217415,0.0009302630205638707,-0.005825117230415344,0.0006089578382670879,0.20321469575200918,0.018369690011481057,0.0013516644248738885,0.002184719080105424,-0.02660077065229416,0.006567075848579407,1.0,1.0,0.0,0.0,0.0,0.0,0.9965556831228473,0.9965556831228473,0.00010332950478186831,0.0017613181844353676,-0.029999999329447746,0.029999999329447746
/root/repo/cdpr_synth_10hz/libero_spatial_no_noops/tfrecords_human_control_fixed/libero_spatial_no_noops-train-HUMAN_CONTROL_desk__ycb_large_marker_wrapper__localpatched_teleop_2025-12-26_12-40-55.tfrecord,634,0.2192429022082019,0.0015772870662460567,0.0034964806400239468,0.0008532704669050872,0.003002459253184498,0.0007204926805570722,0.5772870662460567,0.0031545741324921135,0.0005904181743972003,0.0009010533685795963,-0.004256457090377808,8.890041499398649e-06,0.7192429022082019,0.0031545741324921135,0.00015773132327012718,0.00033102973247878253,-8.284300565719604e-05,0.0017939312383532524,0.5694006309148265,0.033123028391167195,0.00037671704194508493,0.001272575929760933,-0.02660077065229416,0.0029461532831192017,0.9716088328075709,0.9716088328075709,0.002477596513926983,0.01450534537434578,0.0,0.08726668357849121,1.0,1.0,0.0,0.0,0.0,0.0
/root/repo/cdpr_synth_10hz/libero_spatial_no_noops/tfrecords_human_control_fixed/libero_spatial_no_noops-train-HUMAN_CONTROL_desk__ycb_peach-ycb_pear_wrapper__localpatched_teleop_2026-01-13_10-54-35.tfrecord,1094,0.17093235831809872,0.0009140767824497258,0.006120257079601288,0.0012016270775347948,0.03000373113900423,0.0013722683070227504,0.33638025594149906,0.0018281535648994515,0.0011496960651129484,0.0020895579364150763,-0.007575929164886475,0.006221219897270203,0.46617915904936014,0.0018281535648994515,0.00056835962459445,0.0011575568933039904,-0.0015881359577178955,0.006183207035064697,0.30347349177330896,0.014625228519195612,0.0008831495069898665,0.0015870401402935386,-0.02660077065229416,0.004926785826683044,0.953382084095064,0.953382084095064,0.004068180453032255,0.018850177526474,-0.08726668357849121,0.08726668357849121,0.993601462522852,0.993601462522852,0.00019195611821487546,0.0024006736930459738,-0.029999999329447746,0.029999999329447746
/root/repo/cdpr_synth_10hz/libero_spatial_no_noops/tfrecords_human_control_fixed/libero_spatial_no_noops-train-HUMAN_CONTROL_desk__ycb_peach_wrapper__localpatched_teleop_2026-01-13_10-41-36.tfrecord,663,0.10407239819004525,0.0015082956259426848,0.002910702722147107,0.0017847975250333548,0.00816317331045866,0.0007534176111221313,0.34238310708898945,0.0030165912518853697,0.001877335598692298,0.0030566053465008736,-0.008517533540725708,0.006215810775756836,0.334841628959276,0.0030165912518853697,0.0008033365593291819,0.0015532788820564747,-0.0062415748834609985,0.005502726882696152,0.22021116138763197,0.024132730015082957,0.0008601724402979016,0.0016115549951791763,-0.02660077065229416,0.004296258091926575,1.0,1.0,0.0,0.0,0.0,0.0,0.9924585218702866,0.9924585218702866,0.00022624433040618896,0.002606824040412903,-0.029999999329447746,0.029999999329447746
/root/repo/cdpr_synth_10hz/libero_spatial_no_noops/tfrecords_human_control_fixed/libero_spatial_no_noops-train-HUMAN_CONTROL_desk__ycb_peach_wrapper__localpatched_teleop_2026-01-13_10-45-42.tfrecord,449,0.19821826280623608,0.0022271714922048997,0.0020974131766706705,0.0010458454489707947,0.006842810939997432,0.0005222122999839485,0.41870824053452116,0.004454342984409799,0.0012974552810192108,0.002095065778121352,-0.0076763927936553955,0.0011639595031738281,0.3741648106904232,0.004454342984409799,0.00039410448516719043,0.0006841325084678829,-0.002948366105556488,0.0009641051292419434,0.3674832962138085,0.035634743875278395,0.0007190562319010496,0.001699006068520248,-0.02660077065229416,0.0039072185754776,1.0,1.0,0.0,0.0,0.0,0.0,0.9933184855233853,0.9933184855233853,0.00020044542907271534,0.002454038942232728,-0.029999999329447746,0.029999999329447746
/root/repo/cdpr_synth_10hz/libero_spatial_no_noops/tfrecords_human_control_fixed/libero_spatial_no_noops-train-HUMAN_CONTROL_desk__ycb_peach_wrapper__localpatched_teleop_2026-01-13_10-46-27.tfrecord,1044,0.1810344827586207,0.0009578544061302681,0.004835545085370541,0.0010919177439063787,0.006272910581901651,0.0010781388264149427,0.28639846743295017,0.0019157088122605363,0.000873798388056457,0.0012642405927181244,-0.004860907793045044,0.0029811374843120575,0.36877394636015326,0.0019157088122605363,0.0005406394484452903,0.0010118091013282537,-0.004050694406032562,0.004160888493061066,0.47509578544061304,0.01532567049808429,0.0005151525256223977,0.0012377823004499078,-0.02660077065229416,0.004088222980499268,0.9626436781609196,0.9626436781609196,0.003259953809902072,0.016872812062501907,-0.08726668357849121,0.08726668357849121,0.9932950191570882,0.9932950191570882,0.00020114942162763327,0.0024575397837907076,-0.029999999329447746,0.029999999329447746
/root/repo/cdpr_synth_10hz/libero_spatial_no_noops/tfrecords_human_control_fixed/libero_spatial_no_noops-train-HUMAN_CONTROL_desk__ycb_peach_wrapper__localpatched_teleop_2026-01-13_10-55-50.tfrecord,1035,0.18357487922705315,0.000966183574879227,0.004265407100319862,0.0015458206180483103,0.009248006157577031,0.0010301503352820873,0.3169082125603865,0.001932367149758454,0.001135737868025899,0.0020699799060821533,-0.007591325789690018,0.004846751689910889,0.23091787439613526,0.001932367149758454,0.0009317708318121731,0.0016651625046506524,-0.005074508488178253,0.007535126525908709,0.2975845410628019,0.015458937198067632,0.0008251460967585444,0.0014666871866211295,-0.02660077065229416,0.004346370697021484,0.9777777777777777,0.9777777777777777,0.0019392543472349644,0.013014864176511765,-0.08726644515991211,0.08726644515991211,0.9893719806763285,0.9893719806763285,0.0003188405535183847,0.0030941383447498083,-0.029999999329447746,0.029999999329447746
/root/repo/cdpr_synth_10hz/libero_spatial_no_noops/tfrecords_human_control_fixed/libero_spatial_no_noops-train-HUMAN_CONTROL_desk__ycb_peach_wrapper__localpatched_teleop_2026-01-13_10-57-07.tfrecord,591,0.27918781725888325,0.001692047377326565,0.0019971835426986217,0.0008309800177812576,0.010214443318545818,0.0005534486845135689,0.36717428087986465,0.00338409475465313,0.0011354092275723815,0.002342602703720331,-0.008444488048553467,0.0026084184646606445,0.38917089678510997,0.00338409475465313,0.001028238795697689,0.0019785230979323387,-0.00048673897981643677,0.00793081521987915,0.48223350253807107,0.02707275803722504,0.0004513110325206071,0.0013539176434278488,-0.02660077065229416,0.003130502998828888,1.0,1.0,0.0,0.0,0.0,0.0,0.9949238578680203,0.9949238578680203,0.0001522842503618449,0.0021386155858635902,-0.029999999329447746,0.029999999329447746
/root/repo/cdpr_synth_10hz/libero_spatial_no_noops/tfrecords_human_control_fixed/libero_spatial_no_noops-train-HUMAN_CONTROL_desk__ycb_peach_wrapper__localpatched_teleop_2026-01-13_10-58-07.tfrecord,939,0.13525026624068157,0.0010649627263045794,0.002660986501723528,0.00155241833999753,0.007822875957936048,0.0007391220424324274,0.17891373801916932,0.002129925452609159,0.0016490314155817032,0.0025742491707205772,-0.008329078555107117,0.003969162702560425,0.2534611288604899,0.002129925452609159,0.0011216929415240884,0.0017769240075722337,-0.00354023277759552,0.00649946928024292,0.2715654952076677,0.01703940362087327,0.0007012436399236321,0.0013663744321092963,-0.02660077065229416,0.0044973790645599365,1.0,1.0,0.0,0.0,0.0,0.0,0.9925452609158679,0.9925452609158679,0.00022364217147696763,0.002591397613286972,-0.029999999329447746,0.029999999329447746
/root/repo/cdpr_synth_10hz/libero_spatial_no_noops/tfrecords_human_control_fixed/libero_spatial_no_noops-train-HUMAN_CONTROL_desk__ycb_peach_wrapper__localpatched_teleop_2026-01-13_10-59-23.tfrecord,424,0.23113207547169812,0.0023584905660377358,0.0021480845753103495,0.00111189647577703,0.007138755242340267,0.0005843948456458747,0.35377358490566035,0.0047169811320754715,0.0005714770522899926,0.0009770203614607453,-0.002408473752439022,0.004392461851239204,0.4410377358490566,0.007075471698113208,0.0011860644444823265,0.001927908044308424,-0.0006697177886962891,0.007452845573425293,0.2240566037735849,0.03773584905660377,0.0009521686006337404,0.0018566753715276718,-0.02660077065229416,0.00435107946395874,1.0,1.0,0.0,0.0,0.0,0.0,0.9929245283018868,0.9929245283018868,0.00021226414537522942,0.0025254683569073677,-0.029999999329447746,0.029999999329447746
/root/repo/cdpr_synth_10hz/libero_spatial_no_noops/tfrecords_human_control_fixed/libero_spatial_no_noops-train-HUMAN_CONTROL_desk__ycb_peach_wrapper__localpatched_teleop_2026-01-13_11-00-34.tfrecord,1080,0.20555555555555555,0.000925925925925926,0.0055661494843661785,0.0009525928762741387,0.02677087942138299,0.0012274503242224455,0.34814814814814815,0.001851851851851852,0.0006367406458593905,0.0011520630214363337,-0.005204640328884125,0.004181668162345886,0.3787037037037037,0.001851851851851852,0.0007845813524909317,0.0016124318353831768,-0.002061188220977783,0.007314860820770264,0.38425925925925924,0.01574074074074074,0.0006177313043735921,0.0012890420621261,-0.02660077065229416,0.003907203674316406,0.9546296296296296,0.9546296296296296,0.003959311172366142,0.0185963474214077,-0.08726668357849121,0.08726668357849121,0.9953703703703703,0.9953703703703703,0.00013888887770008296,0.0020419969223439693,-0.029999999329447746,0.029999999329447746
/root/repo/cdpr_synth_10hz/libero_spatial_no_noops/tfrecords_human_control_fixed/libero_spatial_no_noops-train-HUMAN_CONTROL_desk__ycb_peach_wrapper__localpatched_teleop_2026-01-13_11-01-49.tfrecord,1482,0.242914979757085,0.0006747638326585695,0.004188664257526398,0.0007360437884926796,0.008371882047504189,0.0009243115200661123,0.4716599190283401,0.001349527665317139,0.00045914677320979536,0.0008957252721302211,-0.0029222397133708,0.004819557070732117,0.5101214574898786,0.002699055330634278,0.0006829889607615769,0.0016616947250440717,-0.0034983158111572266,0.008418738842010498,0.40148448043184887,0.012145748987854251,0.000529675220604986,0.0011582596926018596,-0.02660077065229416,0.004352644085884094,0.9682860998650472,0.9682860998650472,0.0027675596065819263,0.01554579846560955,-0.08726668357849121,0.08726668357849121,0.9939271255060729,0.9939271255060729,0.00018218622426502407,0.0023385605309158564,-0.029999999329447746,0.029999999329447746
/root/repo/cdpr_synth_10hz/libero_spatial_no_noops/tfrecords_human_control_fixed/libero_spatial_no_noops-train-HUMAN_CONTROL_desk__ycb_peach_wrapper__localpatched_teleop_2026-01-13_11-03-25.tfrecord,475,0.3031578947368421,0.002105263157894737,0.0017973328940570354,0.0008784160017967224,0.006763006234541533,0.00045171083183959126,0.5894736842105263,0.00631578947368421,0.00024118946748785675,0.0004520418297033757,-0.0015404564328491688,0.0015484970062971115,0.4063157894736842,0.004210526315789474,0.0011219094740226865,0.001967611024156213,-0.00021225214004516602,0.007675796747207642,0.25684210526315787,0.03368421052631579,0.0007059817435219884,0.0015889824135228992,-0.02660077065229416,0.003154255449771881,1.0,1.0,0.0,0.0,0.0,0.0,0.9936842105263158,0.9936842105263158,0.0001894736778922379,0.0023858321364969015,-0.029999999329447746,0.029999999329447746
/root/repo/cdpr_synth_10hz/libero_spatial_no_noops/tfrecords_human_control_fixed/libero_spatial_no_noops-train-HUMAN_CONTROL_desk__ycb_peach_wrapper__localpatched_teleop_2026-01-13_11-11-46.tfrecord,864,0.13657407407407407,0.0011574074074074073,0.0028640027157962322,0.0020693240221589804,0.0069874724140390745,0.0008076601661741734,0.3125,0.0023148148148148147,0.001221396028995514,0.0017347674584016204,-0.004170060157775879,0.0051841139793396,0.18171296296296297,0.0023148148148148147,0.0017463699914515018,0.002606934867799282,-0.005567140877246857,0.007355555891990662,0.17939814814814814,0.018518518518518517,0.0008274783031083643,0.0014493438648059964,-0.02660077065229416,0.0036677569150924683,1.0,1.0,0.0,0.0,0.0,0.0,0.9918981481481481,0.9918981481481481,0.0002430555468890816,0.002701659221202135,-0.029999999329447746,0.029999999329447746
/root/repo/cdpr_synth_10hz/libero_spatial_no_noops/tfrecords_human_control_fixed/libero_spatial_no_noops-train-HUMAN_CONTROL_desk__ycb_peach_wrapper__localpatched_teleop_2026-01-13_11-13-20.tfrecord,1114,0.18761220825852784,0.0008976660682226212,0.0069821118377149105,0.0010257356334477663,0.08726732321083545,0.00152990547940135,0.21364452423698385,0.0017953321364452424,0.0013550405856221914,0.0023731172550469637,-0.006668716669082642,0.008125245571136475,0.43357271095152605,0.0017953321364452424,0.0005179116269573569,0.0009250416769646108,-0.0018525123596191406,0.004949640482664108,0.4281867145421903,0.01436265709156194,0.0005500770057551563,0.001280405791476369,-0.02660077065229416,0.0040706247091293335,0.9416517055655296,0.9416517055655296,0.005091849714517593,0.02105613984167576,-0.08726668357849121,0.08726668357849121,0.9955116696588869,0.9955116696588869,0.0001346499047940597,0.002010571537539363,-0.029999999329447746,0.029999999329447746
/root/repo/cdpr_synth_10hz/libero_spatial_no_noops/tfrecords_human_control_fixed/libero_spatial_no_noops-train-HUMAN_CONTROL_desk__ycb_peach_wrapper__localpatched_teleop_2026-01-13_11-14-52.tfrecord,797,0.1468005018820577,0.0012547051442910915,0.003488262416794896,0.0019815010018646717,0.011048096418380733,0.0010043701622635126,0.2371392722710163,0.002509410288582183,0.0020301875192672014,0.003109848126769066,-0.0061732083559036255,0.00857187807559967,0.24341279799247176,0.002509410288582183,0.001967507181689143,0.0030509307980537415,-0.005593210458755493,0.008550316095352173,0.23337515683814303,0.02132998745294856,0.0007606686558574438,0.00147179514169693,-0.02660077065229416,0.003752082586288452,1.0,1.0,0.0,0.0,0.0,0.0,0.9912170639899623,0.9912170639899623,0.00026348806568421423,0.002813029568642378,-0.029999999329447746,0.029999999329447746
/root/repo/cdpr_synth_10hz/libero_spatial_no_noops/tfrecords_human_control_fixed/libero_spatial_no_noops-train-HUMAN_CONTROL_desk__ycb_peach_wrapper__localpatched_teleop_2026-01-13_11-18-09.tfrecord,668,0.23502994011976047,0.0014970059880239522,0.0019202872645109892,0.0008315331069752574,0.006430643773637712,0.00047869462287053466,0.49700598802395207,0.0029940119760479044,0.0010968539863824844,0.0020446735434234142,-0.004494011402130127,0.007548093795776367,0.5958083832335329,0.0029940119760479044,0.00027788037550635636,0.0005764873931184411,-0.0015540197491645813,0.0031603723764419556,0.19161676646706588,0.023952095808383235,0.0007043674704618752,0.001404433511197567,-0.02660077065229416,0.003177627921104431,1.0,1.0,0.0,0.0,0.0,0.0,0.9895209580838323,0.9895209580838323,0.00031437125289812684,0.00307298032566905,-0.029999999329447746,0.029999999329447746
/root/repo/cdpr_synth_10hz/libero_spatial_no_noops/tfrecords_human_control_fixed/libero_spatial_no_noops-train-HUMAN_CONTROL_desk__ycb_peach_wrapper__localpatched_teleop_2026-01-13_11-19-01.tfrecord,585,0.20341880341880342,0.0017094017094017094,0.00482617923989892,0.0013741006841883063,0.00904608536511659,0.0010986541165038943,0.25811965811965815,0.003418803418803419,0.0013433024287223816,0.00230170926079154,-0.002346813678741455,0.008159875869750977,0.4341880341880342,0.003418803418803419,0.0007065982208587229,0.001392751233652234,-0.005173671990633011,0.00529823824763298,0.441025641025641,0.02735042735042735,0.0006044014007784426,0.001501942053437233,-0.02660077065229416,0.003874048590660095,0.9692307692307692,0.9692307692307692,0.002685121726244688,0.015083160251379013,0.0,0.08726668357849121,0.9948717948717949,0.9948717948717949,0.0001538461510790512,0.002149567473679781,-0.029999999329447746,0.029999999329447746
/root/repo/cdpr_synth_10hz/libero_spatial_no_noops/tfrecords_human_control_fixed/libero_spatial_no_noops-train-HUMAN_CONTROL_desk__ycb_peach_wrapper__localpatched_teleop_2026-01-13_11-19-56.tfrecord,1005,0.14029850746268657,0.0009950248756218905,0.0023186730686575174,0.0012583958450704813,0.006789857149124145,0.0006370590417645872,0.2517412935323383,0.001990049751243781,0.0012879087589681149,0.0022015701979398727,-0.00494074821472168,0.007623547688126564,0.1691542288557214,0.001990049751243781,0.0009843434672802687,0.0015203600050881505,-0.004936732351779938,0.004821658134460449,0.24676616915422886,0.015920398009950248,0.000644384475890547,0.001296795206144452,-0.02660077065229416,0.003858231008052826,1.0,1.0,0.0,0.0,0.0,0.0,0.991044776119403,0.991044776119403,0.00026865670224651694,0.002840222790837288,-0.029999999329447746,0.029999999329447746
/root/repo/cdpr_synth_10hz/libero_spatial_no_noops/tfrecords_human_control_fixed/libero_spatial_no_noops-train-HUMAN_CONTROL_desk__ycb_peach_wrapper__localpatched_teleop_2026-01-13_11-21-32.tfrecord,1165,0.2575107296137339,0.0008583690987124463,0.005586074665188789,0.0008810920407995582,0.030009563639760015,0.0012166732922196388,0.4858369098712446,0.0017167381974248926,0.0007989348378032446,0.0017581265419721603,-0.002914758399128914,0.008051902055740356,0.4472103004291845,0.0017167381974248926,0.00039639067836105824,0.000717837770935148,-0.0033277124166488647,0.002879663370549679,0.33304721030042916,0.013733905579399141,0.0006113129784353077,0.0012197572505101562,-0.02660077065229416,0.0038655847311019897,0.9536480686695279,0.9536480686695279,0.004044968634843826,0.018793698400259018,-0.08726668357849121,0.08726668357849121,0.992274678111588,0.992274678111588,0.00023175963724497706,0.0026378147304058075,-0.029999999329447746,0.029999999329447746
/root/repo/cdpr_synth_10hz/libero_spatial_no_noops/tfrecords_human_control_fixed/libero_spatial_no_noops-train-HUMAN_CONTROL_desk__ycb_peach_wrapper__localpatched_teleop_2026-01-13_11-33-35.tfrecord,920,0.28043478260869564,0.0010869565217391304,0.0026437423657625914,0.0010215125512331724,0.01022782200016081,0.0007457215688191354,0.3826086956521739,0.002173913043478261,0.001264540827833116,0.002439559204503894,-0.00667542964220047,0.008186675608158112,0.2847826086956522,0.002173913043478261,0.0014716550940647721,0.002742056967690587,-0.008601963520050049,0.006460607051849365,0.37717391304347825,0.017391304347826087,0.0007641491829417646,0.00151019636541605,-0.02660077065229416,0.004281371831893921,1.0,1.0,0.0,0.0,0.0,0.0,0.9923913043478261,0.9923913043478261,0.0002282608620589599,0.0026180497370660305,-0.029999999329447746,0.029999999329447746
/root/repo/cdpr_synth_10hz/libero_spatial_no_noops/tfrecords_human_control_fixed/libero_spatial_no_noops-train-HUMAN_CONTROL_desk__ycb_peach_wrapper__localpatched_teleop_2026-01-13_11-34-31.tfrecord,616,0.26136363636363635,0.0016233766233766235,0.004585489630699158,0.0008078668033704162,0.010751794092357159,0.001048281672410667,0.41233766233766234,0.003246753246753247,0.0009061272139661014,0.0019946082029491663,-0.0011363700032234192,0.008137434720993042,0.44642857142857145,0.003246753246753247,0.0008883862174116075,0.0016699263360351324,-0.007398337125778198,0.0011971592903137207,0.5016233766233766,0.025974025974025976,0.0005117283435538411,0.0014378911582753062,-0.02660077065229416,0.0037098228931427,0.9691558441558441,0.9691558441558441,0.0026916603092104197,0.015100152231752872,-0.08726668357849121,0.0,0.9918831168831169,0.9918831168831169,0.00024350648163817823,0.002704567275941372,-0.029999999329447746,0.029999999329447746
/root/repo/cdpr_synth_10hz/libero_spatial_no_noops/tfrecords_human_control_fixed/libero_spatial_no_noops-train-HUMAN_CONTROL_desk__ycb_peach_wrapper__localpatched_teleop_2026-01-13_11-36-11.tfrecord,1700,0.13529411764705881,0.000588235294117647,0.004277828149497509,0.0011105183511972427,0.007156468252651393,0.0009787548333406448,0.3176470588235294,0.001176470588235294,0.0007468272815458477,0.0013275337405502796,-0.005772776901721954,0.00623307703062892,0.24176470588235294,0.0017647058823529412,0.0010243556462228298,0.0018112719990313053,-0.007670700550079346,0.003519117832183838,0.4764705882352941,0.009411764705882352,0.0005158114363439381,0.0011389533756300807,-0.02660077065229416,0.004360094666481018,0.9723529411764706,0.9723529411764706,0.0024126607459038496,0.014506909064948559,-0.08726668357849121,0.08726668357849121,0.9935294117647059,0.9935294117647059,0.00019411763059906662,0.002413837006315589,-0.029999999329447746,0.029999999329447746
/root/repo/cdpr_synth_10hz/libero_spatial_no_noops/tfrecords_human_control_fixed/libero_spatial_no_noops-train-HUMAN_CONTROL_desk__ycb_peach_wrapper__localpatched_teleop_2026-01-13_11-37-34.tfrecord,480,0.27708333333333335,0.0020833333333333333,0.0028801315929740667,0.001211150549352169,0.008589008124545217,0.0007454269216395915,0.45625,0.004166666666666667,0.0007872622809372842,0.0014903716510161757,-0.004951763898134232,0.004950292408466339,0.3645833333333333,0.004166666666666667,0.001985322218388319,0.00337966438382864,-0.008609533309936523,0.004373595118522644,0.3,0.03333333333333333,0.0007670501945540309,0.001662376569584012,-0.02660077065229416,0.0036725029349327087,1.0,1.0,0.0,0.0,0.0,0.0,0.99375,0.99375,0.00018749998707789928,0.0023733635898679495,-0.029999999329447746,0.029999999329447746
/root/repo/cdpr_synth_10hz/libero_spatial_no_noops/tfrecords_human_control_fixed/libero_spatial_no_noops-train-HUMAN_CONTROL_desk__ycb_peach_wrapper__localpatched_teleop_2026-01-13_11-38-49.tfrecord,1222,0.22340425531914893,0.0008183306055646482,0.005030068568885326,0.0008273427374660969,0.00855107670649886,0.0010864645009860396,0.46399345335515546,0.0016366612111292963,0.00043274424388073385,0.0007810216629877687,-0.003729715943336487,0.0026255398988723755,0.4877250409165303,0.0024549918166939444,0.0008099662372842431,0.0018747737631201744,-0.008547753095626831,0.0028604641556739807,0.4451718494271686,0.01309328968903437,0.0004962219973094761,0.0011813329765573144,-0.02660077065229416,0.004128247499465942,0.9590834697217676,0.9590834697217676,0.0035706404596567154,0.017659347504377365,-0.08726668357849121,0.08726668357849121,0.9959083469721768,0.9959083469721768,0.00012274958135094494,0.0019196084467694163,-0.029999999329447746,0.029999999329447746
/root/repo/cdpr_synth_10hz/libero_spatial_no_noops/tfrecords_human_control_fixed/libero_spatial_no_noops-train-HUMAN_CONTROL_desk__ycb_peach_wrapper__localpatched_teleop_2026-01-13_11-48-03.tfrecord,704,0.3096590909090909,0.0014204545454545455,0.0017170290229842067,0.0009288485161960125,0.0057396988617256315,0.00045915713417343795,0.5213068181818182,0.002840909090909091,0.0007249362533912063,0.001393705140799284,-0.006570607423782349,0.0015859603881835938,0.3963068181818182,0.002840909090909091,0.0007953408639878035,0.0013086759718135,-0.005414105951786041,0.0013099461793899536,0.44176136363636365,0.022727272727272728,0.0005624406621791422,0.0013477198081091046,-0.02660077065229416,0.0031596124172210693,1.0,1.0,0.0,0.0,0.0,0.0,0.9928977272727273,0.9928977272727273,0.00021306816779542714,0.0025296935345977545,-0.029999999329447746,0.029999999329447746
/root/repo/cdpr_synth_10hz/libero_spatial_no_noops/tfrecords_human_control_fixed/libero_spatial_no_noops-train-HUMAN_CONTROL_desk__ycb_peach_wrapper__localpatched_teleop_2026-01-13_11-48-54.tfrecord,1478,0.17050067658998647,0.0006765899864682003,0.004357502330094576,0.0010995109332725406,0.009594489680603144,0.0010179257951676846,0.37686062246278756,0.0013531799729364006,0.0010416372679173946,0.0021242438815534115,-0.008678287267684937,0.005702368915081024,0.3301759133964817,0.0013531799729364006,0.001019953517243266,0.0019512624712660909,-0.0077793896198272705,0.006359528750181198,0.37483085250338294,0.010825439783491205,0.0006017018458805978,0.0012336972868070006,-0.02660077065229416,0.004571005702018738,0.9742895805142084,0.9742895805142084,0.0022436571307480335,0.013996799476444721,-0.08726668357849121,0.08726668357849121,0.9939106901217862,0.9939106901217862,0.00018267928680870682,0.0023417288903146982,-0.029999999329447746,0.029999999329447746
/root/repo/cdpr_synth_10hz/libero_spatial_no_noops/tfrecords_human_control_fixed/libero_spatial_no_noops-train-HUMAN_CONTROL_desk__ycb_peach_wrapper__localpatched_teleop_2026-01-13_11-55-44.tfrecord,1211,0.14781172584640792,0.0008257638315441783,0.003622892079874873,0.0012119152816012502,0.008479469455778599,0.0008585403556935489,0.3831544178364988,0.0016515276630883566,0.0008610660443082452,0.0015167208621278405,-0.006377369165420532,0.005734935402870178,0.5284888521882741,0.0016515276630883566,0.0012144114589318633,0.00244486634619534,-0.008498311042785645,0.005212616175413132,0.3014037985136251,0.013212221304706853,0.0006251001614145935,0.0012296128552407026,-0.02660077065229416,0.004351168870925903,0.9843104872006606,0.9843104872006606,0.001369168167002499,0.010849302634596825,-0.08726668357849121,0.0,0.9925681255161024,0.9925681255161024,0.00022295622329693288,0.0025871943216770887,-0.029999999329447746,0.029999999329447746
/root/repo/cdpr_synth_10hz/libero_spatial_no_noops/tfrecords_human_control_fixed/libero_spatial_no_noops-train-HUMAN_CONTROL_desk__ycb_pear_wrapper__localpatched_teleop_2026-01-12_14-30-18.tfrecord,699,0.28183118741058655,0.001430615164520744,0.003451579250395298,0.0006663337117061019,0.007566504459828138,0.0007304004393517971,0.5164520743919886,0.002861230329041488,0.000954403483774513,0.0021501125302165747,-0.007923111319541931,0.0018189186230301857,0.7253218884120172,0.002861230329041488,0.00012743148545268923,0.0002608912473078817,-0.0012162909843027592,0.000699533149600029,0.4978540772532189,0.020028612303290415,0.000568741059396416,0.0013989335857331753,-0.02660077065229416,0.0033942610025405884,0.9785407725321889,0.9785407725321889,0.0018726704875007272,0.012777470983564854,-0.08726644515991211,0.08726644515991211,0.9957081545064378,0.9957081545064378,0.00012875536049250513,0.001966307405382395,-0.029999999329447746,0.029999999329447746
/root/repo/cdpr_synth_10hz/libero_spatial_no_noops/tfrecords_human_control_fixed/libero_spatial_no_noops-train-HUMAN_CONTROL_desk__ycb_pear_wrapper__localpatched_teleop_2026-01-12_14-31-24.tfrecord,499,0.3226452905811623,0.002004008016032064,0.0019687223248183727,0.0008251989493146539,0.007322073774412272,0.0004747346683871001,0.5531062124248497,0.004008016032064128,0.0009231804870069027,0.0020506398286670446,-0.008033424615859985,0.0003981590270996094,0.7755511022044088,0.004008016032064128,0.0003173549775965512,0.0008595021208748221,-0.004371844232082367,0.0007829964160919189,0.2965931863727455,0.03206412825651302,0.0009527772199362516,0.0018804233986884356,-0.02660077065229416,0.005556166172027588,1.0,1.0,0.0,0.0,0.0,0.0,0.9939879759519038,0.9939879759519038,0.0001803607156034559,0.0023276773281395435,-0.029999999329447746,0.029999999329447746
/root/repo/cdpr_synth_10hz/libero_spatial_no_noops/tfrecords_human_control_fixed/libero_spatial_no_noops-train-HUMAN_CONTROL_desk__ycb_pear_wrapper__localpatched_teleop_2026-01-12_14-41-45.tfrecord,492,0.30691056910569103,0.0020325203252032522,0.0030449817422777414,0.0012574857100844383,0.011456162296235561,0.0008634417317807674,0.42886178861788615,0.0040650406504065045,0.0016701091080904007,0.0029796098824590445,-0.008583396673202515,0.0059113577008247375,0.47560975609756095,0.0040650406504065045,0.0015860773855820298,0.0029334696009755135,-0.006193399429321289,0.008465230464935303,0.3252032520325203,0.032520325203252036,0.0008780945790931582,0.0018139007734134793,-0.02660077065229416,0.0052165985107421875,1.0,1.0,0.0,0.0,0.0,0.0,0.9939024390243902,0.9939024390243902,0.00018292681488674134,0.0023441973607987165,-0.029999999329447746,0.029999999329447746
/root/repo/cdpr_synth_10hz/libero_spatial_no_noops/tfrecords_human_control_fixed/libero_spatial_no_noops-train-HUMAN_CONTROL_desk__ycb_pear_wrapper__localpatched_teleop_2026-01-12_14-42-32.tfrecord,820,0.18902439024390244,0.0012195121951219512,0.005571259651333094,0.0010480808559805155,0.01144669367931783,0.0012675162870436907,0.45,0.0012195121951219512,0.000896516430657357,0.0018949550576508045,-0.008220553398132324,0.0015325695276260376,0.3329268292682927,0.0012195121951219512,0.0010150725720450282,0.0020865050610154867,-0.0023349132388830185,0.00831681489944458,0.3902439024390244,0.0012195121951219512,0.000697870971634984,0.001461176318116486,-0.025647789239883423,0.004311397671699524,0.9585365853658536,0.9585365853658536,0.0036183653865009546,0.017408126965165138,-0.08726668357849121,0.0,0.9963414634146341,0.9963414634146341,0.00010975609620800242,0.0018153133569285274,-0.029999999329447746,0.029999999329447746
/root/repo/cdpr_synth_10hz/libero_spatial_no_noops/tfrecords_human_control_fixed/libero_spatial_no_noops-train-HUMAN_CONTROL_desk__ycb_pear_wrapper__localpatched_teleop_2026-01-12_14-45-36.tfrecord,461,0.1735357917570499,0.0021691973969631237,0.003492082701995969,0.002004167065024376,0.01125353667885065,0.0009867658372968435,0.34273318872017355,0.004338394793926247,0.0016455815639346838,0.0027285662945359945,-0.0027129948139190674,0.008401647210121155,0.26247288503253796,0.004338394793926247,0.002180142095312476,0.003504714695736766,-0.006337672472000122,0.008758962154388428,0.28199566160520606,0.03470715835140998,0.000912877731025219,0.0018296802882105112,-0.02660077065229416,0.004538238048553467,1.0,1.0,0.0,0.0,0.0,0.0,0.9934924078091106,0.9934924078091106,0.00019522775255609304,0.0024218386970460415,-0.029999999329447746,0.029999999329447746
/root/repo/cdpr_synth_10hz/libero_spatial_no_noops/tfrecords_human_control_fixed/libero_spatial_no_noops-train-HUMAN_CONTROL_desk__ycb_pear_wrapper__localpatched_teleop_2026-01-12_14-46-28.tfrecord,1054,0.13282732447817835,0.0009487666034155598,0.004153339192271233,0.0013846864458173513,0.009848400857299556,0.0010212723864242435,0.31214421252371916,0.0018975332068311196,0.0011933346977457404,0.0022483309730887413,-0.005785658955574036,0.008253544569015503,0.27419354838709675,0.0018975332068311196,0.0009864646708592772,0.0016189039452001452,-0.004364281892776489,0.007118433713912964,0.27609108159392787,0.015180265654648957,0.0009058197028934956,0.0016592658357694745,-0.02660077065229416,0.006203442811965942,0.9791271347248577,0.9791271347248577,0.0018215007148683071,0.01261274516582489,-0.08726644515991211,0.08726644515991211,0.9933586337760911,0.9933586337760911,0.00019924098160117865,0.002445830963551998,-0.029999999329447746,0.029999999329447746
/root/repo/cdpr_synth_10hz/libero_spatial_no_noops/tfrecords_human_control_fixed/libero_spatial_no_noops-train-HUMAN_CONTROL_desk__ycb_pear_wrapper__localpatched_teleop_2026-01-12_14-47-29.tfrecord,422,0.2772511848341232,0.002369668246445498,0.002455123234540224,0.0011720648035407066,0.00828934614546597,0.0006986777298152447,0.5355450236966824,0.004739336492890996,0.0009860462741926312,0.0017371855210512877,-0.00024440884590148926,0.006614029407501221,0.38388625592417064,0.004739336492890996,0.001266051665879786,0.0019537624903023243,-0.00033408403396606445,0.007466048002243042,0.24881516587677724,0.037914691943127965,0.0010280200513079762,0.0019579611252993345,-0.02660077065229416,0.004511415958404541,1.0,1.0,0.0,0.0,0.0,0.0,0.9928909952606635,0.9928909952606635,0.00021327013382688165,0.0025314500089734793,-0.029999999329447746,0.029999999329447746
/root/repo/cdpr_synth_10hz/libero_spatial_no_noops/tfrecords_human_control_fixed/libero_spatial_no_noops-train-HUMAN_CONTROL_desk__ycb_pear_wrapper__localpatched_teleop_2026-01-12_14-48-05.tfrecord,1100,0.19,0.0009090909090909091,0.0070992992259562016,0.0013381883036345243,0.08726681247353554,0.0015608796384185553,0.31636363636363635,0.0018181818181818182,0.0010339526925235987,0.0019033366115763783,-0.005753129720687866,0.007658466696739197,0.3109090909090909,0.0027272727272727275,0.0009122536284849048,0.0013944635866209865,-0.004200398921966553,0.004605717957019806,0.36818181818181817,0.014545454545454545,0.0005651748506352305,0.0012706693960353732,-0.02660077065229416,0.004136249423027039,0.9409090909090909,0.9409090909090909,0.005156653467565775,0.02122163586318493,-0.08726644515991211,0.08726644515991211,0.9954545454545455,0.9954545454545455,0.00013636362564284354,0.002023333916440606,-0.029999999329447746,0.029999999329447746
/root/repo/cdpr_synth_10hz/libero_spatial_no_noops/tfrecords_human_control_fixed/libero_spatial_no_noops-train-HUMAN_CONTROL_desk__ycb_pear_wrapper__localpatched_teleop_2026-01-12_14-49-34.tfrecord,502,0.18725099601593626,0.00199203187250996,0.0027938263956457376,0.00114348903298378,0.008603049907833338,0.0007569837616756558,0.39243027888446214,0.00398406374501992,0.0009741588728502393,0.0017190027283504605,-0.005593590438365936,0.0053733885288238525,0.34860557768924305,0.00398406374501992,0.0018272304441779852,0.0032055750489234924,-0.006315119564533234,0.008619546890258789,0.1852589641434263,0.03187250996015936,0.0008042464614845812,0.0016707731410861015,-0.02660077065229416,0.00468561053276062,1.0,1.0,0.0,0.0,0.0,0.0,0.9940239043824701,0.9940239043824701,0.00017928285524249077,0.002320697531104088,-0.029999999329447746,0.029999999329447746
/root/repo/cdpr_synth_10hz/libero_spatial_no_noops/tfrecords_human_control_fixed/libero_spatial_no_noops-train-HUMAN_CONTROL_desk__ycb_pear_wrapper__localpatched_teleop_2026-01-12_14-51-31.tfrecord,540,0.25,0.001851851851851852,0.0037509649991989136,0.0010433073621243238,0.008918214123696089,0.0009578573517501354,0.34814814814814815,0.003703703703703704,0.0011700688628479838,0.002026455942541361,-0.006414100527763367,0.005707353353500366,0.4425925925925926,0.003703703703703704,0.0016373166581615806,0.0030510113574564457,-0.006410188972949982,0.008575439453125,0.3,0.02962962962962963,0.0006840037531219423,0.0015473290113732219,-0.02660077065229416,0.0034041404724121094,0.987037037037037,0.987037037037037,0.001131231663748622,0.009880326688289642,0.0,0.08726644515991211,0.9944444444444445,0.9944444444444445,0.00016666666488163173,0.0022374524269253016,-0.029999999329447746,0.029999999329447746
/root/repo/cdpr_synth_10hz/libero_spatial_no_noops/tfrecords_human_control_fixed/libero_spatial_no_noops-train-HUMAN_CONTROL_desk__ycb_pear_wrapper__localpatched_teleop_2026-01-12_14-52-22.tfrecord,525,0.21714285714285714,0.0019047619047619048,0.0024785413406789303,0.0013153066392987967,0.008322338946163655,0.0006893539102748036,0.3980952380952381,0.0038095238095238095,0.0008374051540158689,0.0015957142459228635,-0.006345614790916443,0.0031748712062835693,0.2895238095238095,0.0038095238095238095,0.0014217519201338291,0.0025044602807611227,-0.004291612654924393,0.008311569690704346,0.28,0.030476190476190476,0.00101618398912251,0.0018888115882873535,-0.02660077065229416,0.004583314061164856,1.0,1.0,0.0,0.0,0.0,0.0,0.9942857142857143,0.9942857142857143,0.00017142856086138636,0.0022692279890179634,-0.029999999329447746,0.029999999329447746
/root/repo/cdpr_synth_10hz/libero_spatial_no_noops/tfrecords_human_control_fixed/libero_spatial_no_noops-train-HUMAN_CONTROL_desk__ycb_pear_wrapper__localpatched_teleop_2026-01-12_14-53-03.tfrecord,610,0.14262295081967213,0.001639344262295082,0.004967985209077597,0.0010153045877814293,0.00855542798526585,0.0011807779083028436,0.20491803278688525,0.003278688524590164,0.0007214235374704003,0.0012557131703943014,-0.0059761833399534225,0.0024242503568530083,0.2786885245901639,0.003278688524590164,0.0012561300536617637,0.0024649999104440212,-0.004857011139392853,0.008433237671852112,0.34098360655737703,0.02622950819672131,0.0008237193687818944,0.001671299454756081,-0.02660077065229416,0.004488199949264526,0.9655737704918033,0.9655737704918033,0.003004254773259163,0.0162043459713459,-0.08726644515991211,0.08726644515991211,0.9967213114754099,0.9967213114754099,9.836065146373585e-05,0.0017192047089338303,-0.029999999329447746,0.029999999329447746
/root/repo/cdpr_synth_10hz/libero_spatial_no_noops/tfrecords_human_control_fixed/libero_spatial_no_noops-train-HUMAN_CONTROL_desk__ycb_pear_wrapper__localpatched_teleop_2026-01-12_14-59-18.tfrecord,435,0.2206896551724138,0.0022988505747126436,0.002726054983213544,0.0014301396440714598,0.008271650038659572,0.0007020994089543819,0.4206896551724138,0.004597701149425287,0.0017979531548917294,0.0029877691995352507,-0.004180788993835449,0.00849926471710205,0.4298850574712644,0.004597701149425287,0.0006972221308387816,0.0011252282420173287,-0.0024659261107444763,0.0033316239714622498,0.31264367816091954,0.0367816091954023,0.0008084246655926108,0.0017818434862419963,-0.02660077065229416,0.004335179924964905,1.0,1.0,0.0,0.0,0.0,0.0,0.993103448275862,0.993103448275862,0.00020689654047600925,0.002493275562301278,-0.029999999329447746,0.029999999329447746
/root/repo/cdpr_synth_10hz/libero_spatial_no_noops/tfrecords_human_control_fixed/libero_spatial_no_noops-train-HUMAN_CONTROL_desk__ycb_pear_wrapper__localpatched_teleop_2026-01-12_15-00-14.tfrecord,923,0.24918743228602383,0.0010834236186348862,0.005681449081748724,0.0011532724602147937,0.01000228887423873,0.0012808977626264095,0.3781148429035753,0.0021668472372697724,0.0011748032411560416,0.0022308926563709974,-0.005375459790229797,0.008236795663833618,0.48645720476706394,0.0021668472372697724,0.0005606287159025669,0.0011528108734637499,-0.005714379251003265,0.0034188516438007355,0.31094257854821233,0.01733477789815818,0.0007246816530823708,0.0014235122362151742,-0.02660077065229416,0.004161626100540161,0.9566630552546046,0.9566630552546046,0.0037818611599504948,0.018175508826971054,-0.08726644515991211,0.08726644515991211,0.9945828819068255,0.9945828819068255,0.0001625135337235406,0.0022089944686740637,-0.029999999329447746,0.029999999329447746
/root/repo/cdpr_synth_10hz/libero_spatial_no_noops/tfrecords_human_control_fixed/libero_spatial_no_noops-train-HUMAN_CONTROL_desk__ycb_pear_wrapper__localpatched_teleop_2026-01-12_15-01-14.tfrecord,392,0.2729591836734694,0.002551020408163265,0.0023354750592261553,0.0013118304777890444,0.006919951480813324,0.0005977314431220293,0.3673469387755102,0.00510204081632653,0.00146214768756181,0.0022590940352529287,-0.0004928112030029297,0.007313817739486694,0.48214285714285715,0.00510204081632653,0.00044423301005735993,0.0007846736116334796,-0.001848910003900528,0.002771615982055664,0.29081632653061223,0.04081632653061224,0.0008526841411367059,0.001803089282475412,-0.02660077065229416,0.0036675557494163513,1.0,1.0,0.0,0.0,0.0,0.0,0.9923469387755102,0.9923469387755102,0.00022959182388149202,0.002626687753945589,-0.029999999329447746,0.029999999329447746
/root/repo/cdpr_synth_10hz/libero_spatial_no_noops/tfrecords_human_control_fixed/libero_spatial_no_noops-train-HUMAN_CONTROL_desk__ycb_pear_wrapper__localpatched_teleop_2026-01-12_15-01-50.tfrecord,598,0.23076923076923078,0.0016722408026755853,0.005397141445428133,0.0009431401849724352,0.009640573197975753,0.00125692889560014,0.540133779264214,0.0033444816053511705,0.0013770436635240912,0.0027851194608956575,-0.006562739610671997,0.008541405200958252,0.31605351170568563,0.0033444816053511705,0.0010766315972432494,0.0018226391403004527,-0.006380200386047363,0.005028925836086273,0.36454849498327757,0.026755852842809364,0.0006159269833005965,0.0014642936876043677,-0.02660077065229416,0.0036722198128700256,0.9648829431438127,0.9648829431438127,0.0030645406804978848,0.016366351395845413,-0.08726644515991211,0.08726644515991211,0.9949832775919732,0.9949832775919732,0.00015050166985020041,0.0021260541398078203,-0.029999999329447746,0.029999999329447746
/root/repo/cdpr_synth_10hz/libero_spatial_no_noops/tfrecords_human_control_fixed/libero_spatial_no_noops-train-HUMAN_CONTROL_desk__ycb_pear_wrapper__localpatched_teleop_2026-01-12_15-11-29.tfrecord,472,0.2669491525423729,0.00211864406779661,0.0052012307569384575,0.0009645626414567232,0.011546302819624543,0.0012535667046904564,0.5338983050847458,0.006355932203389831,0.0015368377789855003,0.0029299643356353045,-0.004824291914701462,0.008668571710586548,0.5572033898305084,0.00423728813559322,0.001314753433689475,0.002522035501897335,-0.008251667022705078,0.003393251448869705,0.3156779661016949,0.03389830508474576,0.0008220391464419663,0.0017867394490167499,-0.02660077065229416,0.004538357257843018,0.972457627118644,0.972457627118644,0.002403524937108159,0.014468495734035969,-0.08726644515991211,0.08726644515991211,0.9936440677966102,0.9936440677966102,0.00019067795074079186,0.002393412869423628,-0.029999999329447746,0.029999999329447746
/root/repo/cdpr_synth_10hz/libero_spatial_no_noops/tfrecords_human_control_fixed/libero_spatial_no_noops-train-HUMAN_CONTROL_desk__ycb_pear_wrapper__localpatched_teleop_2026-01-12_15-12-48.tfrecord,526,0.23954372623574144,0.0019011406844106464,0.002951296977698803,0.0012787915766239166,0.009921816177666187,0.0008057059021666646,0.3669201520912547,0.0038022813688212928,0.0016496791504323483,0.0029079646337777376,-0.00665457546710968,0.008450329303741455,0.3650190114068441,0.0038022813688212928,0.0015429484192281961,0.0025005002971738577,-0.007896125316619873,0.0025548189878463745,0.435361216730038,0.030418250950570342,0.0006647990667261183,0.0015833235811442137,-0.02660077065229416,0.0040668100118637085,1.0,1.0,0.0,0.0,0.0,0.0,0.9942965779467681,0.9942965779467681,0.00017110265616793185,0.0022670694161206484,-0.029999999329447746,0.029999999329447746
/root/repo/cdpr_synth_10hz/libero_spatial_no_noops/tfrecords_human_control_fixed/libero_spatial_no_noops-train-HUMAN_CONTROL_desk__ycb_pear_wrapper__localpatched_teleop_2026-01-12_15-13-33.tfrecord,842,0.1876484560570071,0.0011876484560570072,0.004590914119035006,0.0011476129293441772,0.009691909234970802,0.0010541337542235851,0.4002375296912114,0.0023752969121140144,0.0009520508465357125,0.002076440956443548,-0.0020753126591444016,0.008579164743423462,0.35985748218527314,0.0023752969121140144,0.0008655937854200602,0.001428744988515973,-0.006699413061141968,0.0027352720499038696,0.43942992874109266,0.019002375296912115,0.0006838308763690293,0.0015297369100153446,-0.02660077065229416,0.0048558712005615234,0.9703087885985748,0.9703087885985748,0.002591046504676342,0.015045526437461376,-0.08726644515991211,0.08726644515991211,0.994061757719715,0.994061757719715,0.00017814725288189948,0.0023128974717110395,-0.029999999329447746,0.029999999329447746
/root/repo/cdpr_synth_10hz/libero_spatial_no_noops/tfrecords_human_control_fixed/libero_spatial_no_noops-train-HUMAN_CONTROL_desk__ycb_pear_wrapper__localpatched_teleop_2026-01-12_15-14-30.tfrecord,420,0.3119047619047619,0.002380952380952381,0.0025702856946736574,0.0012552132830023766,0.009203919768333435,0.0006943122716620564,0.49523809523809526,0.004761904761904762,0.0011614009272307158,0.00199023331515491,-0.00043333321809768677,0.0075736939907073975,0.5047619047619047,0.004761904761904762,0.001328483922407031,0.0024442500434815884,-0.008171916007995605,0.001783730462193489,0.37142857142857144,0.0380952380952381,0.0007673912914469838,0.0017582416767254472,-0.02660077065229416,0.0036740824580192566,1.0,1.0,0.0,0.0,0.0,0.0,0.9928571428571429,0.9928571428571429,0.00021428571199066937,0.00253748195245862,-0.029999999329447746,0.029999999329447746
/root/repo/cdpr_synth_10hz/libero_spatial_no_noops/tfrecords_human_control_fixed/libero_spatial_no_noops-train-HUMAN_CONTROL_desk__ycb_pear_wrapper__localpatched_teleop_2026-01-12_15-15-48.tfrecord,426,0.2981220657276995,0.002347417840375587,0.0027850139886140823,0.000982134137302637,0.008569046389311552,0.0007261637365445495,0.5023474178403756,0.004694835680751174,0.0008321332279592752,0.0015490043442696333,-0.005633369088172913,0.0032551810145378113,0.4014084507042254,0.004694835680751174,0.001812017522752285,0.0030692405998706818,-0.008538782596588135,0.003139875829219818,0.3544600938967136,0.03755868544600939,0.0007754008984193206,0.0017639233265072107,-0.02660077065229416,0.003695756196975708,1.0,1.0,0.0,0.0,0.0,0.0,0.9929577464788732,0.9929577464788732,0.0002112676011165604,0.002519517205655575,-0.029999999329447746,0.029999999329447746
/root/repo/cdpr_synth_10hz/libero_spatial_no_noops/tfrecords_human_control_fixed/libero_spatial_no_noops-train-HUMAN_CONTROL_desk__ycb_pear_wrapper__localpatched_teleop_2026-01-12_15-16-58.tfrecord,481,0.2182952182952183,0.002079002079002079,0.007639558985829353,0.0015350952744483948,0.08726700395345688,0.0016801530728116632,0.47401247401247404,0.004158004158004158,0.0006205902900546789,0.001218999968841672,-0.004595711827278137,0.004434607923030853,0.31185031185031187,0.004158004158004158,0.0014499375829473138,0.0024037703406065702,-0.008176982402801514,0.0012077093124389648,0.3367983367983368,0.033264033264033266,0.000881740590557456,0.0018605019431561232,-0.02660077065229416,0.004918694496154785,0.9397089397089398,0.9397089397089398,0.005261386279016733,0.021449103951454163,-0.08726644515991211,0.08726644515991211,0.9937629937629938,0.9937629937629938,0.00018711018492467701,0.002370887203142047,-0.029999999329447746,0.029999999329447746
/root/repo/cdpr_synth_10hz/libero_spatial_no_noops/tfrecords_human_control_fixed/libero_spatial_no_noops-train-HUMAN_CONTROL_desk__ycb_pear_wrapper__localpatched_teleop_2026-01-12_15-17-53.tfrecord,489,0.3231083844580777,0.002044989775051125,0.002558242529630661,0.0008793845190666616,0.008956880308687685,0.0006779914838261902,0.5787321063394683,0.00408997955010225,0.0010276103857904673,0.002168166683986783,-0.006474755704402924,0.006948873400688171,0.49079754601226994,0.00408997955010225,0.0014296078588813543,0.002622033469378948,-0.008339077234268188,0.002998076379299164,0.3394683026584867,0.032719836400818,0.000748691032640636,0.0017043304396793246,-0.02660077065229416,0.004350066184997559,1.0,1.0,0.0,0.0,0.0,0.0,0.9938650306748467,0.9938650306748467,0.00018404907314106822,0.0023513834457844496,-0.029999999329447746,0.029999999329447746
/root/repo/cdpr_synth_10hz/libero_spatial_no_noops/tfrecords_human_control_fixed/libero_spatial_no_noops-train-HUMAN_CONTROL_desk__ycb_pear_wrapper__localpatched_teleop_2026-01-12_15-19-02.tfrecord,495,0.2727272727272727,0.00202020202020202,0.004388676956295967,0.0009124316857196391,0.008199496567249297,0.000994109665043652,0.6343434343434343,0.00404040404040404,0.00024796591605991125,0.0004900630447082222,-0.0017838436178863049,0.00150282122194767,0.45454545454545453,0.00404040404040404,0.0013766264310106635,0.002494380110874772,-0.008286356925964355,0.0016118288040161133,0.32525252525252524,0.03232323232323232,0.0008722919155843556,0.001769211725331843,-0.02660077065229416,0.004134282469749451,0.9737373737373738,0.9737373737373738,0.002291846089065075,0.014155355282127857,-0.08726644515991211,0.08726644515991211,0.9939393939393939,0.9939393939393939,0.0001818181772250682,0.0023370771668851376,-0.029999999329447746,0.029999999329447746
/root/repo/cdpr_synth_10hz/libero_spatial_no_noops/tfrecords_human_control_fixed/libero_spatial_no_noops-train-HUMAN_CONTROL_desk__ycb_pear_wrapper__localpatched_teleop_2026-01-12_15-26-04.tfrecord,472,0.3093220338983051,0.00211864406779661,0.002846529008820653,0.0008001161040738225,0.010231884662061928,0.0007776948041282594,0.4703389830508475,0.00423728813559322,0.0012820785632357001,0.0021514587569981813,-0.007319614291191101,0.004774771630764008,0.3855932203389831,0.00423728813559322,0.0016698569525033236,0.0029997192323207855,-0.008603304624557495,0.004515320062637329,0.4385593220338983,0.03389830508474576,0.0007458595791831613,0.0017592849908396602,-0.02660077065229416,0.004068896174430847,1.0,1.0,0.0,0.0,0.0,0.0,0.9936440677966102,0.9936440677966102,0.00019067795074079186,0.0023934144992381334,-0.029999999329447746,0.029999999329447746
/root/repo/cdpr_synth_10hz/libero_spatial_no_noops/tfrecords_human_control_fixed/libero_spatial_no_noops-train-HUMAN_CONTROL_desk__ycb_pear_wrapper__localpatched_teleop_2026-01-12_15-26-59.tfrecord,429,0.13752913752913754,0.002331002331002331,0.004144991282373667,0.0018779098754748702,0.010585786774754524,0.0010836673900485039,0.5198135198135199,0.004662004662004662,0.0013939901255071163,0.0023054659832268953,-0.007015496492385864,0.0024154754355549812,0.289044289044289,0.004662004662004662,0.002128698630258441,0.00338586769066751,-0.008672475814819336,0.004759378731250763,0.2540792540792541,0.037296037296037296,0.0008721854537725449,0.00173980463296175,-0.02660077065229416,0.0029461532831192017,0.9906759906759907,0.9906759906759907,0.0008136731339618564,0.008396911434829235,0.0,0.08726644515991211,0.993006993006993,0.993006993006993,0.00020979020337108523,0.002510678954422474,-0.029999999329447746,0.029999999329447746
/root/repo/cdpr_synth_10hz/libero_spatial_no_noops/tfrecords_human_control_fixed/libero_spatial_no_noops-train-HUMAN_CONTROL_desk__ycb_pear_wrapper__localpatched_teleop_2026-01-12_15-27-57.tfrecord,388,0.211340206185567,0.002577319587628866,0.002973151160404086,0.0015365250874310732,0.009395093051716685,0.0008009272860363126,0.30927835051546393,0.005154639175257732,0.0012176049640402198,0.001812393544241786,-0.006832718849182129,0.0007106363773345947,0.43556701030927836,0.005154639175257732,0.0018021176801994443,0.0028513602446764708,-0.008456110954284668,0.002818259410560131,0.3479381443298969,0.041237113402061855,0.0007529545109719038,0.0017893787007778883,-0.02660077065229416,0.003909483551979065,1.0,1.0,0.0,0.0,0.0,0.0,0.9922680412371134,0.9922680412371134,0.0002319587511010468,0.0026402194052934647,-0.029999999329447746,0.029999999329447746
/root/repo/cdpr_synth_10hz/libero_spatial_no_noops/tfrecords_human_control_fixed/libero_spatial_no_noops-train-HUMAN_CONTROL_desk__ycb_pear_wrapper__localpatched_teleop_2026-01-12_15-28-31.tfrecord,537,0.24022346368715083,0.00186219739292365,0.005265063140541315,0.0015496127307415009,0.011240481957793235,0.0012545801000669599,0.3407821229050279,0.0037243947858473,0.0016510506393387914,0.0028923924546688795,-0.008590757846832275,0.003891594707965851,0.44878957169459965,0.0037243947858473,0.0011929655447602272,0.0022004800848662853,-0.00804300606250763,0.002147708088159561,0.3817504655493482,0.0297951582867784,0.000661168887745589,0.0015535401180386543,-0.02660077065229416,0.003626912832260132,0.9702048417132216,0.9702048417132216,0.0026001175865530968,0.015077346004545689,-0.08726644515991211,0.08726644515991211,0.994413407821229,0.994413407821229,0.00016759775462560356,0.002243697177618742,-0.029999999329447746,0.029999999329447746
