{
  "key": "cdpr_synth",
  "dim": 5,
  "mean": [
    0.0006616443279199302,
    0.0005874599446542561,
    0.00037419318687170744,
    0.0,
    0.0
  ],
  "std": [
    0.001492764102295041,
    0.0013125068508088589,
    0.00264419405721128,
    9.999999974752427e-07,
    9.999999974752427e-07
  ],
  "min": [
    -0.0005418506916612387,
    -4.507057019509375e-05,
    -0.026600763201713562,
    0.0,
    0.0
  ],
  "max": [
    0.005460575222969055,
    0.004765406250953674,
    0.005836687982082367,
    0.0,
    0.0
  ],
  "description": "\u0394[x,y,z,roll,pitch,yaw,gripper] for CDPR synthetic dataset"
}