episode,npz,status,steps,zero_norm_frac,near0_norm_frac,mean_norm,p50_norm,p95_norm,max_norm,xyz_key,ctrl_shape,xyz_shape,x_exact0_frac,x_near0_frac,x_min,x_max,x_std,y_exact0_frac,y_near0_frac,y_min,y_max,y_std,z_exact0_frac,z_near0_frac,z_min,z_max,z_std,w_exact0_frac,w_near0_frac,w_min,w_max,w_std,g_exact0_frac,g_near0_frac,g_min,g_max,g_std
HUMAN_CONTROL_desk__ketchup-plate_wrapper__localpatched_teleop_2025-12-14_17-55-20,/root/repo/cdpr_synth_10hz/videos/HUMAN_CONTROL_desk__ketchup-plate_wrapper__localpatched_teleop_2025-12-14_17-55-20/trajectory_data.npz,ok,939,0.0010649627263045794,0.03301384451544196,0.0022244586143642664,0.001754237338900566,0.006491426425054668,0.03002002090215683,ee_position,"(939, 6)","(939, 3)",0.002129925452609159,0.13738019169329074,-0.007058396935462952,0.0047293901443481445,0.0015557663282379508,0.002129925452609159,0.16187433439829607,-0.004782415926456451,0.0053217411041259766,0.0012381580891087651,0.01703940362087327,0.03514376996805112,-0.02660077065229416,0.006733834743499756,0.0021114905830472708,1.0,1.0,0.0,0.0,0.0,0.9968051118210862,0.9968051118210862,-0.029999999329447746,0.029999999329447746,0.0016953992890194058
HUMAN_CONTROL_desk__ketchup-plate_wrapper__localpatched_teleop_2025-12-14_17-57-23,/root/repo/cdpr_synth_10hz/videos/HUMAN_CONTROL_desk__ketchup-plate_wrapper__localpatched_teleop_2025-12-14_17-57-23/trajectory_data.npz,ok,983,0.001017293997965412,0.059003051881993895,0.0018830235349014401,0.0010632345220074058,0.00674234232865274,0.03001716360449791,ee_position,"(983, 6)","(983, 3)",0.002034587995930824,0.24109867751780265,-0.007397577166557312,0.003392629325389862,0.0014266734942793846,0.002034587995930824,0.17497456765005087,-0.004168480634689331,0.001855805516242981,0.0008182870806194842,0.029501525940996948,0.06002034587995931,-0.02660077065229416,0.007307112216949463,0.0022064964286983013,1.0,1.0,0.0,0.0,0.0,0.9969481180061037,0.9969481180061037,-0.029999999329447746,0.029999999329447746,0.0016570341540500522
HUMAN_CONTROL_desk__ketchup-plate_wrapper__localpatched_teleop_2025-12-14_17-59-08,/root/repo/cdpr_synth_10hz/videos/HUMAN_CONTROL_desk__ketchup-plate_wrapper__localpatched_teleop_2025-12-14_17-59-08/trajectory_data.npz,ok,756,0.0013227513227513227,0.041005291005291,0.0021938777063041925,0.0014729100512340665,0.006921531283296645,0.030047927051782608,ee_position,"(756, 6)","(756, 3)",0.0026455026455026454,0.21428571428571427,-0.005658671259880066,0.00246642529964447,0.0011925578583031893,0.0026455026455026454,0.12566137566137567,-0.0006445050239562988,0.0061132460832595825,0.0011995774693787098,0.021164021164021163,0.04365079365079365,-0.02660077065229416,0.007198631763458252,0.0023166846949607134,1.0,1.0,0.0,0.0,0.0,0.9947089947089947,0.9947089947089947,-0.029999999329447746,0.029999999329447746,0.00218217889778316
HUMAN_CONTROL_desk__ketchup-plate_wrapper__localpatched_teleop_2025-12-14_18-00-08,/root/repo/cdpr_synth_10hz/videos/HUMAN_CONTROL_desk__ketchup-plate_wrapper__localpatched_teleop_2025-12-14_18-00-08/trajectory_data.npz,ok,1079,0.0009267840593141798,0.028730305838739572,0.001838515279814601,0.0009377739042975008,0.006662802444770932,0.030050743371248245,ee_position,"(1079, 6)","(1079, 3)",0.0018535681186283596,0.19184430027803523,-0.005692783743143082,0.00359383225440979,0.001019837218336761,0.0018535681186283596,0.09916589434661724,-0.0021383222192525864,0.007560528814792633,0.0013208757154643536,0.014828544949026877,0.028730305838739572,-0.02660077065229416,0.0075463056564331055,0.002129794331267476,1.0,1.0,0.0,0.0,0.0,0.9944392956441149,0.9944392956441149,-0.029999999329447746,0.029999999329447746,0.0022371038794517517
HUMAN_CONTROL_desk__ketchup-plate_wrapper__localpatched_teleop_2025-12-14_18-01-38,/root/repo/cdpr_synth_10hz/videos/HUMAN_CONTROL_desk__ketchup-plate_wrapper__localpatched_teleop_2025-12-14_18-01-38/trajectory_data.npz,ok,1087,0.0009199632014719411,0.028518859245630176,0.004993882495909929,0.0007855244912207127,0.008353159576654437,0.08726898580789566,ee_position,"(1087, 6)","(1087, 3)",0.0027598896044158236,0.16927322907083717,-0.004457429051399231,0.005901560187339783,0.0011239098384976387,0.0018399264029438822,0.28334866605335784,-0.0012303730472922325,0.0034105200320482254,0.0006593393045477569,0.017479300827966882,0.09659613615455381,-0.02660077065229416,0.007085561752319336,0.0017989238258451223,0.9586016559337627,0.9586016559337627,-0.08726668357849121,0.08726668357849121,0.01775556057691574,0.9972401103955841,0.9972401103955841,-0.029999999329447746,0.029999999329447746,0.0015757977962493896
HUMAN_CONTROL_desk__ketchup-plate_wrapper__localpatched_teleop_2026-01-09_15-13-08,/root/repo/cdpr_synth_10hz/videos/HUMAN_CONTROL_desk__ketchup-plate_wrapper__localpatched_teleop_2026-01-09_15-13-08/trajectory_data.npz,ok,1077,0.0009285051067780873,0.017641597028783658,0.004662549123167992,0.0008283080533146858,0.007838650606572628,0.08727013319730759,ee_position,"(1077, 6)","(1077, 3)",0.0018570102135561746,0.08542246982358404,-0.004916330333799124,0.002974027767777443,0.0009253329480998218,0.0018570102135561746,0.036211699164345405,-0.007932091131806374,0.006977155804634094,0.0021722614765167236,0.0064995357474466105,0.0872794800371402,-0.02660077065229416,0.004390694200992584,0.00127125671133399,0.9656453110492108,0.9656453110492108,0.0,0.08726668357849121,0.015894586220383644,0.9972144846796658,0.9972144846796658,-0.029999999329447746,0.029999999329447746,0.0015830943593755364
HUMAN_CONTROL_desk__ketchup-plate_wrapper__localpatched_teleop_2026-01-09_15-15-14,/root/repo/cdpr_synth_10hz/videos/HUMAN_CONTROL_desk__ketchup-plate_wrapper__localpatched_teleop_2026-01-09_15-15-14/trajectory_data.npz,ok,1189,0.0008410428931875525,0.0159798149705635,0.003465888323262334,0.0009571427362971008,0.006857525091618293,0.08728809654712677,ee_position,"(1189, 6)","(1189, 3)",0.001682085786375105,0.0815811606391926,-0.006156593095511198,0.006199412047863007,0.001248398213647306,0.001682085786375105,0.08578637510513036,-0.007479846477508545,0.005806624889373779,0.0016032526036724448,0.004205214465937763,0.021026072329688814,-0.02660077065229416,0.006516635417938232,0.0017221583984792233,0.9806560134566863,0.9806560134566863,-0.08726668357849121,0.08726668357849121,0.012056877836585045,0.9974768713204374,0.9974768713204374,-0.029999999329447746,0.029999999329447746,0.0015067113563418388
HUMAN_CONTROL_desk__ketchup-plate_wrapper__localpatched_teleop_2026-01-09_15-16-23,/root/repo/cdpr_synth_10hz/videos/HUMAN_CONTROL_desk__ketchup-plate_wrapper__localpatched_teleop_2026-01-09_15-16-23/trajectory_data.npz,ok,1046,0.0009560229445506692,0.029636711281070746,0.005058775655925274,0.001382099639158696,0.007027900428511202,0.08729410171508789,ee_position,"(1046, 6)","(1046, 3)",0.0019120458891013384,0.08986615678776291,-0.005675472319126129,0.004820931702852249,0.0012917992426082492,0.0019120458891013384,0.07839388145315487,-0.006120465695858002,0.005959963425993919,0.0017460185335949063,0.015296367112810707,0.029636711281070746,-0.02660077065229416,0.00498548150062561,0.001764212385751307,0.9646271510516252,0.9646271510516252,-0.08726668357849121,0.08726668357849121,0.016412576660513878,0.997131931166348,0.997131931166348,-0.029999999329447746,0.029999999329447746,0.0016063745133578777
HUMAN_CONTROL_desk__ketchup-plate_wrapper__localpatched_teleop_2026-01-09_15-17-34,/root/repo/cdpr_synth_10hz/videos/HUMAN_CONTROL_desk__ketchup-plate_wrapper__localpatched_teleop_2026-01-09_15-17-34/trajectory_data.npz,ok,1037,0.0009643201542912247,0.01639344262295082,0.005579532589763403,0.0016385976923629642,0.008042951487004757,0.0873517096042633,ee_position,"(1037, 6)","(1037, 3)",0.0019286403085824494,0.14657666345226616,-0.007618173956871033,0.007048606872558594,0.002077433280646801,0.0019286403085824494,0.06460945033751206,-0.008226413279771805,0.0046098604798316956,0.001973507460206747,0.013500482160077145,0.03085824493731919,-0.02660077065229416,0.007441043853759766,0.0019491411512717605,0.9633558341369335,0.9633558341369335,-0.08726668357849121,0.08726668357849121,0.01670512557029724,0.9971070395371263,0.9971070395371263,-0.029999999329447746,0.029999999329447746,0.0016133278841152787
HUMAN_CONTROL_desk__ketchup-plate_wrapper__localpatched_teleop_2026-01-09_15-18-36,/root/repo/cdpr_synth_10hz/videos/HUMAN_CONTROL_desk__ketchup-plate_wrapper__localpatched_teleop_2026-01-09_15-18-36/trajectory_data.npz,ok,1165,0.0008583690987124463,0.026609442060085836,0.007732387166470289,0.0009188249823637307,0.0872664526104927,0.08727124333381653,ee_position,"(1165, 6)","(1165, 3)",0.002575107296137339,0.15107296137339055,-0.0026865126565098763,0.001933148130774498,0.0005578905693255365,0.002575107296137339,0.19399141630901287,-0.0054509639739990234,0.0036085257306694984,0.0010427478700876236,0.013733905579399141,0.04034334763948498,-0.02660077065229416,0.00543193519115448,0.001350316102616489,0.9244635193133047,0.9244635193133047,-0.08726668357849121,0.08726668357849121,0.02397673949599266,0.9974248927038627,0.9974248927038627,-0.029999999329447746,0.029999999329447746,0.0015221474459394813
HUMAN_CONTROL_desk__milk-orange_juice-plate_wrapper__localpatched_teleop_2025-12-14_16-46-20,/root/repo/cdpr_synth_10hz/videos/HUMAN_CONTROL_desk__milk-orange_juice-plate_wrapper__localpatched_teleop_2025-12-14_16-46-20/trajectory_data.npz,ok,1077,0.0009285051067780873,0.036211699164345405,0.0017021817620843649,0.001416055136360228,0.004542909003794193,0.030002547428011894,ee_position,"(1077, 6)","(1077, 3)",0.0018570102135561746,0.2181987000928505,-0.006546348333358765,0.004408739507198334,0.0013847838854417205,0.0018570102135561746,0.3398328690807799,-0.0009154132567346096,0.002122640609741211,0.00030174036510288715,0.014856081708449397,0.03806870937790158,-0.02660077065229416,0.005677163600921631,0.0017306867521256208,1.0,1.0,0.0,0.0,0.0,0.9972144846796658,0.9972144846796658,-0.029999999329447746,0.029999999329447746,0.0015830943593755364
HUMAN_CONTROL_desk__milk-orange_juice-plate_wrapper__localpatched_teleop_2025-12-14_16-57-28,/root/repo/cdpr_synth_10hz/videos/HUMAN_CONTROL_desk__milk-orange_juice-plate_wrapper__localpatched_teleop_2025-12-14_16-57-28/trajectory_data.npz,ok,1112,0.0008992805755395684,0.0008992805755395684,0.004358397331088781,0.0009393415530212224,0.004076587897725403,0.08728136867284775,ee_position,"(1112, 6)","(1112, 3)",0.0017985611510791368,0.05485611510791367,-0.003914432600140572,0.0012359768152236938,0.000680102501064539,0.0017985611510791368,0.1843525179856115,-0.0027174949645996094,0.0006536543369293213,0.0005212568212300539,0.0008992805755395684,0.03147482014388489,-0.02660077065229416,0.004377692937850952,0.001447509159334004,0.9640287769784173,0.9640287769784173,-0.08726668357849121,0.08726668357849121,0.016550282016396523,0.9973021582733813,0.9973021582733813,-0.029999999329447746,0.029999999329447746,0.0015579890459775925
HUMAN_CONTROL_desk__milk-orange_juice-plate_wrapper__localpatched_teleop_2025-12-14_17-03-01,/root/repo/cdpr_synth_10hz/videos/HUMAN_CONTROL_desk__milk-orange_juice-plate_wrapper__localpatched_teleop_2025-12-14_17-03-01/trajectory_data.npz,ok,1040,0.0009615384615384616,0.02980769230769231,0.0024145503994077444,0.000750281848013401,0.0038426652550697326,0.08728394657373428,ee_position,"(1040, 6)","(1040, 3)",0.0019230769230769232,0.27884615384615385,-0.0013696197420358658,0.002403923310339451,0.00036868700408376753,0.0038461538461538464,0.24711538461538463,-0.004738513380289078,0.00023749470710754395,0.0006864353781566024,0.015384615384615385,0.08076923076923077,-0.02660077065229416,0.004526853561401367,0.0015068229986354709,0.9855769230769231,0.9855769230769231,-0.08726644515991211,0.08726644515991211,0.010480024851858616,0.9971153846153846,0.9971153846153846,-0.029999999329447746,0.029999999329447746,0.0016110001597553492
HUMAN_CONTROL_desk__milk-orange_juice-plate_wrapper__localpatched_teleop_2025-12-14_17-06-56,/root/repo/cdpr_synth_10hz/videos/HUMAN_CONTROL_desk__milk-orange_juice-plate_wrapper__localpatched_teleop_2025-12-14_17-06-56/trajectory_data.npz,ok,975,0.0010256410256410256,0.0010256410256410256,0.0017018539365381002,0.001403388800099492,0.004096133913844823,0.030020661652088165,ee_position,"(975, 6)","(975, 3)",0.0020512820512820513,0.021538461538461538,-0.0034442676696926355,0.0040548741817474365,0.0009215101599693298,0.0010256410256410256,0.010256410256410256,-0.003927372395992279,0.004417151212692261,0.0010078599443659186,0.0010256410256410256,0.0020512820512820513,-0.01528099924325943,0.0058477818965911865,0.0016154380282387137,1.0,1.0,0.0,0.0,0.0,0.9969230769230769,0.9969230769230769,-0.029999999329447746,0.029999999329447746,0.001663816045038402
HUMAN_CONTROL_desk__milk-orange_juice-plate_wrapper__localpatched_teleop_2025-12-14_17-10-23,/root/repo/cdpr_synth_10hz/videos/HUMAN_CONTROL_desk__milk-orange_juice-plate_wrapper__localpatched_teleop_2025-12-14_17-10-23/trajectory_data.npz,ok,1074,0.000931098696461825,0.028864059590316574,0.0043653943575918674,0.0011696411529555917,0.0048309956677257985,0.08727040886878967,ee_position,"(1074, 6)","(1074, 3)",0.002793296089385475,0.18156424581005587,-0.004438415169715881,0.0033614635467529297,0.0010159625671803951,0.00186219739292365,0.15456238361266295,-0.0015682578086853027,0.004208113998174667,0.0006598770269192755,0.0148975791433892,0.054003724394785846,-0.02660077065229416,0.004911080002784729,0.0017366947140544653,0.9674115456238361,0.9674115456238361,-0.08726668357849121,0.08726668357849121,0.0157533697783947,0.9972067039106145,0.9972067039106145,-0.029999999329447746,0.029999999329447746,0.001585302990861237
HUMAN_CONTROL_desk__milk-orange_juice-plate_wrapper__localpatched_teleop_2025-12-14_17-13-43,/root/repo/cdpr_synth_10hz/videos/HUMAN_CONTROL_desk__milk-orange_juice-plate_wrapper__localpatched_teleop_2025-12-14_17-13-43/trajectory_data.npz,ok,935,0.0010695187165775401,0.020320855614973262,0.0019309651106595993,0.0013958471827208996,0.00527007132768631,0.030040061101317406,ee_position,"(935, 6)","(935, 3)",0.0021390374331550803,0.15294117647058825,-0.0041799396276474,0.0032375305891036987,0.0009315775823779404,0.0021390374331550803,0.16042780748663102,-0.004351295530796051,0.002450212836265564,0.0007868577376939356,0.0053475935828877,0.020320855614973262,-0.02660077065229416,0.006682693958282471,0.0021702293306589127,1.0,1.0,0.0,0.0,0.0,0.9967914438502674,0.9967914438502674,-0.029999999329447746,0.029999999329447746,0.0016990206204354763
HUMAN_CONTROL_desk__milk-orange_juice-plate_wrapper__localpatched_teleop_2025-12-14_17-41-38,/root/repo/cdpr_synth_10hz/videos/HUMAN_CONTROL_desk__milk-orange_juice-plate_wrapper__localpatched_teleop_2025-12-14_17-41-38/trajectory_data.npz,ok,828,0.0012077294685990338,0.06038647342995169,0.002660511527210474,0.0021774533670395613,0.006243312009610235,0.03009294904768467,ee_position,"(828, 6)","(828, 3)",0.0024154589371980675,0.1932367149758454,-0.005377389490604401,0.0036247223615646362,0.0011409891303628683,0.0024154589371980675,0.19202898550724637,-0.006301881745457649,0.0021793395280838013,0.0012606335803866386,0.020531400966183576,0.06038647342995169,-0.02660077065229416,0.007243931293487549,0.00276597635820508,1.0,1.0,0.0,0.0,0.0,0.9951690821256038,0.9951690821256038,-0.029999999329447746,0.029999999329447746,0.00208514416590333
HUMAN_CONTROL_desk__milk-orange_juice-plate_wrapper__localpatched_teleop_2025-12-14_17-44-41,/root/repo/cdpr_synth_10hz/videos/HUMAN_CONTROL_desk__milk-orange_juice-plate_wrapper__localpatched_teleop_2025-12-14_17-44-41/trajectory_data.npz,ok,1411,0.0007087172218284905,0.01842664776754075,0.00783326756209135,0.0016136638587340713,0.08726653084158897,0.08733375370502472,ee_position,"(1411, 6)","(1411, 3)",0.001417434443656981,0.23954642097802978,-0.006072565913200378,0.0024458765983581543,0.0011180678848177195,0.001417434443656981,0.1254429482636428,-0.0029853153973817825,0.005852729082107544,0.0011031427420675755,0.007795889440113395,0.022678951098511695,-0.02660077065229416,0.006604820489883423,0.001871720189228654,0.930545712260808,0.930545712260808,-0.08726668357849121,0.08726668357849121,0.02299836277961731,0.9978738483345145,0.9978738483345145,-0.029999999329447746,0.029999999329447746,0.001383142895065248
HUMAN_CONTROL_desk__milk-orange_juice-plate_wrapper__localpatched_teleop_2025-12-14_17-46-35,/root/repo/cdpr_synth_10hz/videos/HUMAN_CONTROL_desk__milk-orange_juice-plate_wrapper__localpatched_teleop_2025-12-14_17-46-35/trajectory_data.npz,ok,1103,0.0009066183136899365,0.028105167724388033,0.005796188022941351,0.001553107867948711,0.02473020330071194,0.08730395138263702,ee_position,"(1103, 6)","(1103, 3)",0.001813236627379873,0.15503173164097914,-0.0008756592869758606,0.002696029841899872,0.0004849388205911964,0.001813236627379873,0.22212148685403446,-0.002930194139480591,0.0044685713946819305,0.0008245094213634729,0.014505893019038985,0.02901178603807797,-0.02660077065229416,0.007427841424942017,0.002228132216259837,0.9537624660018132,0.9537624660018132,-0.08726668357849121,0.08726668357849121,0.018764665350317955,0.9963735267452403,0.9963735267452403,-0.029999999329447746,0.029999999329447746,0.0018066061893478036
HUMAN_CONTROL_desk__milk-orange_juice-plate_wrapper__localpatched_teleop_2025-12-14_17-49-06,/root/repo/cdpr_synth_10hz/videos/HUMAN_CONTROL_desk__milk-orange_juice-plate_wrapper__localpatched_teleop_2025-12-14_17-49-06/trajectory_data.npz,ok,1373,0.0007283321194464676,0.02986161689730517,0.00511261448264122,0.0014009337173774838,0.0076983077451586715,0.0872693732380867,ee_position,"(1373, 6)","(1373, 3)",0.0021849963583394027,0.15003641660597233,-0.006861932575702667,0.006624527275562286,0.0019355288241058588,0.0014566642388929353,0.1529497450837582,-0.0009364187717437744,0.0049881599843502045,0.0006377003737725317,0.011653313911143482,0.03058994901675164,-0.02660077065229416,0.007699877023696899,0.002116037532687187,0.9650400582665696,0.9650400582665696,-0.08726668357849121,0.08726668357849121,0.016316713765263557,0.9978150036416606,0.9978150036416606,-0.029999999329447746,0.029999999329447746,0.0014021480455994606
HUMAN_CONTROL_desk__milk-orange_juice-plate_wrapper__localpatched_teleop_2025-12-14_17-51-23,/root/repo/cdpr_synth_10hz/videos/HUMAN_CONTROL_desk__milk-orange_juice-plate_wrapper__localpatched_teleop_2025-12-14_17-51-23/trajectory_data.npz,ok,792,0.0012626262626262627,0.039141414141414144,0.002697667106986046,0.0021212820429354906,0.007016724185086779,0.030202561989426613,ee_position,"(792, 6)","(792, 3)",0.0025252525252525255,0.19570707070707072,-0.006950318813323975,0.004382088780403137,0.0016580084338784218,0.0025252525252525255,0.19696969696969696,-0.0024460293352603912,0.0009312990587204695,0.0004917682381346822,0.020202020202020204,0.041666666666666664,-0.02660077065229416,0.007129400968551636,0.002899137558415532,1.0,1.0,0.0,0.0,0.0,0.9949494949494949,0.9949494949494949,-0.029999999329447746,0.029999999329447746,0.0021320071537047625
HUMAN_CONTROL_desk__milk-orange_juice-plate_wrapper__localpatched_teleop_2026-01-09_14-40-22,/root/repo/cdpr_synth_10hz/videos/HUMAN_CONTROL_desk__milk-orange_juice-plate_wrapper__localpatched_teleop_2026-01-09_14-40-22/trajectory_data.npz,ok,1035,0.000966183574879227,0.030917874396135265,0.004913012962788343,0.0012954948469996452,0.0072268380317837,0.0874018594622612,ee_position,"(1035, 6)","(1035, 3)",0.001932367149758454,0.11980676328502415,-0.002496853470802307,0.0035629384219646454,0.0006672360468655825,0.001932367149758454,0.10821256038647344,-0.007547587156295776,0.003362506628036499,0.001605352619662881,0.015458937198067632,0.03188405797101449,-0.02660077065229416,0.0068541765213012695,0.002215881599113345,0.966183574879227,0.966183574879227,-0.08726644515991211,0.08726644515991211,0.016047416254878044,0.9971014492753624,0.9971014492753624,-0.029999999329447746,0.029999999329447746,0.0016148855211213231
HUMAN_CONTROL_desk__milk-orange_juice-plate_wrapper__localpatched_teleop_2026-01-09_14-41-51,/root/repo/cdpr_synth_10hz/videos/HUMAN_CONTROL_desk__milk-orange_juice-plate_wrapper__localpatched_teleop_2026-01-09_14-41-51/trajectory_data.npz,ok,1074,0.000931098696461825,0.030726256983240222,0.009105611592531204,0.0016846952494233847,0.08726907670497894,0.08741916716098785,ee_position,"(1074, 6)","(1074, 3)",0.002793296089385475,0.15363128491620112,-0.004208803176879883,0.0047416090965271,0.0010337743442505598,0.00186219739292365,0.1527001862197393,-0.004583366215229034,0.0031038224697113037,0.0008870429592207074,0.0148975791433892,0.03165735567970205,-0.02660077065229416,0.006486058235168457,0.00209997221827507,0.9162011173184358,0.9162011173184358,-0.08726668357849121,0.08726668357849121,0.025261925533413887,0.9972067039106145,0.9972067039106145,-0.029999999329447746,0.029999999329447746,0.001585302990861237
HUMAN_CONTROL_desk__milk-orange_juice-plate_wrapper__localpatched_teleop_2026-01-09_14-43-02,/root/repo/cdpr_synth_10hz/videos/HUMAN_CONTROL_desk__milk-orange_juice-plate_wrapper__localpatched_teleop_2026-01-09_14-43-02/trajectory_data.npz,ok,1036,0.0009652509652509653,0.029922779922779922,0.005609930492937565,0.001548851898405701,0.007980919675901532,0.08736822009086609,ee_position,"(1036, 6)","(1036, 3)",0.0019305019305019305,0.15637065637065636,-0.0019363071769475937,0.001917184330523014,0.00047665013698861003,0.0019305019305019305,0.16216216216216217,-0.004311032593250275,0.0045999810099601746,0.0011169211938977242,0.015444015444015444,0.029922779922779922,-0.02660077065229416,0.007211416959762573,0.002380094723775983,0.9575289575289575,0.9575289575289575,-0.08726668357849121,0.08726668357849121,0.017984313890337944,0.997104247104247,0.997104247104247,-0.029999999329447746,0.029999999329447746,0.00161410600412637
HUMAN_CONTROL_desk__milk-orange_juice-plate_wrapper__localpatched_teleop_2026-01-09_14-44-15,/root/repo/cdpr_synth_10hz/videos/HUMAN_CONTROL_desk__milk-orange_juice-plate_wrapper__localpatched_teleop_2026-01-09_14-44-15/trajectory_data.npz,ok,942,0.0010615711252653928,0.032908704883227176,0.005180224310606718,0.001373636128846556,0.007501173461787397,0.08732762187719345,ee_position,"(942, 6)","(942, 3)",0.0021231422505307855,0.1316348195329087,-0.005930967628955841,0.0038374625146389008,0.001352085149846971,0.0021231422505307855,0.11146496815286625,-0.0030207745730876923,0.002499663271009922,0.0007817251025699079,0.016985138004246284,0.03397027600849257,-0.02660077065229416,0.007345378398895264,0.0022163197863847017,0.9628450106157113,0.9628450106157113,-0.08726668357849121,0.08726668357849121,0.01682090573012829,0.9968152866242038,0.9968152866242038,-0.029999999329447746,0.029999999329447746,0.0016926983371376991
HUMAN_CONTROL_desk__milk-orange_juice-plate_wrapper__localpatched_teleop_2026-01-09_14-45-49,/root/repo/cdpr_synth_10hz/videos/HUMAN_CONTROL_desk__milk-orange_juice-plate_wrapper__localpatched_teleop_2026-01-09_14-45-49/trajectory_data.npz,ok,854,0.00117096018735363,0.03629976580796253,0.003488343907520175,0.0022798284189775586,0.008031415753066531,0.08736073970794678,ee_position,"(854, 6)","(854, 3)",0.00234192037470726,0.09250585480093677,-0.005066823214292526,0.006238430738449097,0.0015897483099251986,0.00234192037470726,0.10187353629976581,-0.01472046971321106,0.005508065223693848,0.002427070401608944,0.01873536299765808,0.03629976580796253,-0.02660077065229416,0.007479816675186157,0.002578246407210827,0.9941451990632318,0.9941451990632318,-0.08726644515991211,0.08726644515991211,0.00667655561119318,0.9964871194379391,0.9964871194379391,-0.029999999329447746,0.029999999329447746,0.0017777396133169532
HUMAN_CONTROL_desk__milk-orange_juice-plate_wrapper__localpatched_teleop_2026-01-09_15-02-32,/root/repo/cdpr_synth_10hz/videos/HUMAN_CONTROL_desk__milk-orange_juice-plate_wrapper__localpatched_teleop_2026-01-09_15-02-32/trajectory_data.npz,ok,929,0.001076426264800861,0.024757804090419805,0.002345919143408537,0.0012641609646379948,0.008487768098711967,0.030018409714102745,ee_position,"(929, 6)","(929, 3)",0.002152852529601722,0.06458557588805167,-0.003274574875831604,0.00553642213344574,0.0012696940684691072,0.002152852529601722,0.0527448869752422,-0.009895019233226776,0.005637228488922119,0.0026440774090588093,0.008611410118406888,0.02798708288482239,-0.02660077065229416,0.006894618272781372,0.0017468222649767995,1.0,1.0,0.0,0.0,0.0,0.9967707212055974,0.9967707212055974,-0.029999999329447746,0.029999999329447746,0.0017044964479282498
HUMAN_CONTROL_desk__milk-orange_juice-plate_wrapper__localpatched_teleop_2026-01-09_15-03-54,/root/repo/cdpr_synth_10hz/videos/HUMAN_CONTROL_desk__milk-orange_juice-plate_wrapper__localpatched_teleop_2026-01-09_15-03-54/trajectory_data.npz,ok,1068,0.0009363295880149813,0.026217228464419477,0.006059227045625448,0.000982632307568565,0.08726647235453129,0.08732235431671143,ee_position,"(1068, 6)","(1068, 3)",0.0018726591760299626,0.07303370786516854,-0.004294693470001221,0.005903266370296478,0.0013155224733054638,0.0018726591760299626,0.05711610486891386,-0.00316803902387619,0.006190769374370575,0.0010738407727330923,0.012172284644194757,0.027153558052434457,-0.02660077065229416,0.0073850154876708984,0.0017663046019151807,0.9485018726591761,0.9485018726591761,-0.08726644515991211,0.08726644515991211,0.019803380593657494,0.9971910112359551,0.9971910112359551,-0.029999999329447746,0.029999999329447746,0.0015897487755864859
HUMAN_CONTROL_desk__milk-orange_juice-plate_wrapper__localpatched_teleop_2026-01-09_15-05-07,/root/repo/cdpr_synth_10hz/videos/HUMAN_CONTROL_desk__milk-orange_juice-plate_wrapper__localpatched_teleop_2026-01-09_15-05-07/trajectory_data.npz,ok,1079,0.0009267840593141798,0.026876737720111215,0.005042383912950754,0.0011887259315699339,0.008371111564338202,0.08731096982955933,ee_position,"(1079, 6)","(1079, 3)",0.0018535681186283596,0.07136237256719184,-0.007188484072685242,0.0073522478342056274,0.0017569963820278645,0.0018535681186283596,0.1010194624652456,-0.008206874132156372,0.006204485893249512,0.0024205597583204508,0.012974976830398516,0.07043558850787766,-0.02660077065229416,0.005176961421966553,0.0016058903420343995,0.9684893419833179,0.9684893419833179,-0.08726644515991211,0.08726644515991211,0.015490878373384476,0.9972196478220574,0.9972196478220574,-0.029999999329447746,0.029999999329447746,0.001581626827828586
HUMAN_CONTROL_desk__milk-orange_juice-plate_wrapper__localpatched_teleop_2026-01-09_15-06-27,/root/repo/cdpr_synth_10hz/videos/HUMAN_CONTROL_desk__milk-orange_juice-plate_wrapper__localpatched_teleop_2026-01-09_15-06-27/trajectory_data.npz,ok,1131,0.0008841732979664014,0.013262599469496022,0.0069558448158204556,0.0015427162870764732,0.08726677298545837,0.08730948716402054,ee_position,"(1131, 6)","(1131, 3)",0.0017683465959328027,0.06631299734748011,-0.008178621530532837,0.007321178913116455,0.0023694776464253664,0.0017683465959328027,0.08311229000884174,-0.007214486598968506,0.008131295442581177,0.0022444948554039,0.0017683465959328027,0.015030946065428824,-0.02660077065229416,0.007341235876083374,0.0019655851647257805,0.9487179487179487,0.9487179487179487,-0.08726668357849121,0.08726668357849121,0.019761962816119194,0.9973474801061007,0.9973474801061007,-0.029999999329447746,0.029999999329447746,0.001544850878417492
HUMAN_CONTROL_desk__milk-orange_juice-plate_wrapper__localpatched_teleop_2026-01-09_15-08-12,/root/repo/cdpr_synth_10hz/videos/HUMAN_CONTROL_desk__milk-orange_juice-plate_wrapper__localpatched_teleop_2026-01-09_15-08-12/trajectory_data.npz,ok,859,0.0011641443538998836,0.03608847497089639,0.0017829268472269177,0.0008008152362890542,0.006365313893184057,0.030009914189577103,ee_position,"(859, 6)","(859, 3)",0.002328288707799767,0.10942956926658906,-0.005312606692314148,0.00625813752412796,0.0018781351391226053,0.002328288707799767,0.11059371362048893,-0.004528746008872986,0.004189196974039078,0.0010893939761444926,0.018626309662398137,0.037252619324796274,-0.02660077065229416,0.007308214902877808,0.0018028171034529805,1.0,1.0,0.0,0.0,0.0,0.9965075669383003,0.9965075669383003,-0.029999999329447746,0.029999999329447746,0.0017725602956488729
HUMAN_CONTROL_desk__milk-plate_wrapper__localpatched_teleop_2025-12-12_14-41-20,/root/repo/cdpr_synth_10hz/videos/HUMAN_CONTROL_desk__milk-plate_wrapper__localpatched_teleop_2025-12-12_14-41-20/trajectory_data.npz,ok,1523,0.0006565988181221273,0.0006565988181221273,0.0038055474869906902,0.001469799899496138,0.005920271249487994,0.08727049082517624,ee_position,"(1523, 6)","(1523, 3)",0.0013131976362442547,0.10636900853578464,-0.00655510276556015,0.004967436194419861,0.0013981565134599805,0.0013131976362442547,0.05384110308601445,-0.004367932677268982,0.008181512355804443,0.0014414539327844977,0.009192383453709783,0.034143138542350626,-0.02660077065229416,0.006146281957626343,0.0017486684955656528,0.9783322390019698,0.9783322390019698,-0.08726644515991211,0.08726644515991211,0.012845468707382679,0.9980302035456337,0.9980302035456337,-0.029999999329447746,0.029999999329447746,0.001331325969658792
HUMAN_CONTROL_desk__milk-plate_wrapper__localpatched_teleop_2025-12-14_15-35-05,/root/repo/cdpr_synth_10hz/videos/HUMAN_CONTROL_desk__milk-plate_wrapper__localpatched_teleop_2025-12-14_15-35-05/trajectory_data.npz,ok,1277,0.0007830853563038371,0.02192638997650744,0.001096478314138949,0.0006439473945647478,0.003661891631782055,0.030004287138581276,ee_position,"(1277, 6)","(1277, 3)",0.0015661707126076742,0.19107282693813626,-0.0038813799619674683,0.003722578287124634,0.0007129294681362808,0.0015661707126076742,0.1096319498825372,-0.004383698105812073,0.0031196344643831253,0.0007815245189704001,0.028191072826938137,0.09631949882537197,-0.024713143706321716,0.005343720316886902,0.001267608837224543,1.0,1.0,0.0,0.0,0.0,0.9976507439310884,0.9976507439310884,-0.029999999329447746,0.029999999329447746,0.001453883945941925
HUMAN_CONTROL_desk__milk-plate_wrapper__localpatched_teleop_2025-12-14_16-38-12,/root/repo/cdpr_synth_10hz/videos/HUMAN_CONTROL_desk__milk-plate_wrapper__localpatched_teleop_2025-12-14_16-38-12/trajectory_data.npz,ok,1348,0.000741839762611276,0.05192878338278932,0.004132350906729698,0.0011568500194698572,0.004728117585182189,0.08727262914180756,ee_position,"(1348, 6)","(1348, 3)",0.002225519287833828,0.17136498516320475,-0.004877418279647827,0.0033852756023406982,0.0010837770532816648,0.001483679525222552,0.2559347181008902,-0.005667690187692642,0.0024787597358226776,0.0008952725329436362,0.012611275964391691,0.08753709198813056,-0.02660077065229416,0.004757493734359741,0.0014069895260035992,0.9688427299703264,0.9688427299703264,-0.08726668357849121,0.08726668357849121,0.01540322694927454,0.9977744807121661,0.9977744807121661,-0.029999999329447746,0.029999999329447746,0.0014150874922052026
HUMAN_CONTROL_desk__milk-plate_wrapper__localpatched_teleop_2025-12-14_16-40-27,/root/repo/cdpr_synth_10hz/videos/HUMAN_CONTROL_desk__milk-plate_wrapper__localpatched_teleop_2025-12-14_16-40-27/trajectory_data.npz,ok,1306,0.0007656967840735069,0.023736600306278714,0.003598931012675166,0.0008916594961192459,0.004127128049731255,0.08727046102285385,ee_position,"(1306, 6)","(1306, 3)",0.0015313935681470138,0.1324655436447167,-0.0015391148626804352,0.0016698092222213745,0.00040668234578333795,0.0015313935681470138,0.17304747320061256,-0.002759583294391632,0.0024085547775030136,0.0005569089553318918,0.013016845329249618,0.06508422664624809,-0.02660077065229416,0.005343303084373474,0.0014407343696802855,0.9716692189892803,0.9716692189892803,-0.08726668357849121,0.0,0.014478910714387894,0.9977029096477795,0.9977029096477795,-0.029999999329447746,0.029999999329447746,0.0014376555336639285
HUMAN_CONTROL_desk__milk-plate_wrapper__localpatched_teleop_2025-12-14_16-43-09,/root/repo/cdpr_synth_10hz/videos/HUMAN_CONTROL_desk__milk-plate_wrapper__localpatched_teleop_2025-12-14_16-43-09/trajectory_data.npz,ok,1178,0.0008488964346349745,0.016129032258064516,0.004409696441143751,0.0012149107060395181,0.005527102085761713,0.0872991532087326,ee_position,"(1178, 6)","(1178, 3)",0.0025466893039049238,0.14516129032258066,-0.006547302007675171,0.00314919650554657,0.0012597801396623254,0.0025466893039049238,0.13582342954159593,-0.0020235925912857056,0.00517098605632782,0.0008271683473140001,0.0050933786078098476,0.02631578947368421,-0.02660077065229416,0.0056181401014328,0.0014055208303034306,0.966893039049236,0.966893039049236,-0.08726668357849121,0.08726668357849121,0.015878237783908844,0.9974533106960951,0.9974533106960951,-0.029999999329447746,0.029999999329447746,0.0015137277077883482
HUMAN_CONTROL_desk__milk-plate_wrapper__localpatched_teleop_2026-01-09_14-16-47,/root/repo/cdpr_synth_10hz/videos/HUMAN_CONTROL_desk__milk-plate_wrapper__localpatched_teleop_2026-01-09_14-16-47/trajectory_data.npz,ok,896,0.0011160714285714285,0.044642857142857144,0.0018068259814754128,0.0012144222273491323,0.005671623395755887,0.03007124923169613,ee_position,"(896, 6)","(896, 3)",0.002232142857142857,0.14397321428571427,-0.000993095338344574,0.0040392279624938965,0.0007102510426193476,0.0033482142857142855,0.16964285714285715,-0.00648634135723114,0.004401758313179016,0.0013096107868477702,0.017857142857142856,0.044642857142857144,-0.02660077065229416,0.006371974945068359,0.0020294978749006987,1.0,1.0,0.0,0.0,0.0,0.9966517857142857,0.9966517857142857,-0.029999999329447746,0.029999999329447746,0.001735589699819684
HUMAN_CONTROL_desk__milk-plate_wrapper__localpatched_teleop_2026-01-09_14-19-15,/root/repo/cdpr_synth_10hz/videos/HUMAN_CONTROL_desk__milk-plate_wrapper__localpatched_teleop_2026-01-09_14-19-15/trajectory_data.npz,ok,1026,0.0009746588693957114,0.030214424951267055,0.0045389821752905846,0.0008998874109238386,0.00543100037612021,0.087288498878479,ee_position,"(1026, 6)","(1026, 3)",0.001949317738791423,0.16374269005847952,-0.004629828035831451,0.002285182476043701,0.000883964414242655,0.001949317738791423,0.19103313840155944,-0.0009063850156962872,0.0028874557465314865,0.0005367780686356127,0.015594541910331383,0.03898635477582846,-0.02660077065229416,0.006117701530456543,0.00169881631154567,0.9639376218323586,0.9639376218323586,-0.08726668357849121,0.08726668357849121,0.0165717676281929,0.9970760233918129,0.9970760233918129,-0.029999999329447746,0.029999999329447746,0.0016219507670029998
HUMAN_CONTROL_desk__milk-plate_wrapper__localpatched_teleop_2026-01-09_14-20-43,/root/repo/cdpr_synth_10hz/videos/HUMAN_CONTROL_desk__milk-plate_wrapper__localpatched_teleop_2026-01-09_14-20-43/trajectory_data.npz,ok,1001,0.000999000999000999,0.061938061938061936,0.0053442432545125484,0.001139424042776227,0.006244230549782515,0.0873318687081337,ee_position,"(1001, 6)","(1001, 3)",0.001998001998001998,0.21578421578421578,-0.001255672425031662,0.001995459198951721,0.0003991503035649657,0.001998001998001998,0.2007992007992008,-0.004816018044948578,0.004396744072437286,0.0010735391406342387,0.027972027972027972,0.07492507492507493,-0.02660077065229416,0.006368815898895264,0.0020163722801953554,0.957042957042957,0.957042957042957,-0.08726668357849121,0.08726668357849121,0.01808670535683632,0.997002997002997,0.997002997002997,-0.029999999329447746,0.029999999329447746,0.0016420731553807855
HUMAN_CONTROL_desk__milk-plate_wrapper__localpatched_teleop_2026-01-09_14-22-02,/root/repo/cdpr_synth_10hz/videos/HUMAN_CONTROL_desk__milk-plate_wrapper__localpatched_teleop_2026-01-09_14-22-02/trajectory_data.npz,ok,1099,0.0009099181073703367,0.042766151046405826,0.009292371571063995,0.001482669496908784,0.08727585300803184,0.08738456666469574,ee_position,"(1099, 6)","(1099, 3)",0.0018198362147406734,0.2329390354868062,-0.0003856811672449112,0.006081938743591309,0.0008872044272720814,0.00272975432211101,0.25113739763421294,-0.004271376878023148,0.005432292819023132,0.0010205176658928394,0.014558689717925387,0.04367606915377616,-0.02660077065229416,0.007032185792922974,0.0023143175058066845,0.9144676979071884,0.9144676979071884,-0.08726644515991211,0.08726692199707031,0.024873269721865654,0.997270245677889,0.997270245677889,-0.029999999329447746,0.029999999329447746,0.0015671737492084503
HUMAN_CONTROL_desk__milk-plate_wrapper__localpatched_teleop_2026-01-09_14-24-36,/root/repo/cdpr_synth_10hz/videos/HUMAN_CONTROL_desk__milk-plate_wrapper__localpatched_teleop_2026-01-09_14-24-36/trajectory_data.npz,ok,1162,0.0008605851979345956,0.06196213425129088,0.005248802714049816,0.0011092578643001616,0.008465523878112438,0.08729501813650131,ee_position,"(1162, 6)","(1162, 3)",0.0017211703958691911,0.18760757314974183,-0.006009012460708618,0.005858391523361206,0.0013001261977478862,0.0017211703958691911,0.17814113597246128,-0.0068138837814331055,0.0014582574367523193,0.0013761058216914535,0.03270223752151463,0.06196213425129088,-0.02660077065229416,0.00719761848449707,0.0021906031761318445,0.9621342512908778,0.9621342512908778,-0.08726668357849121,0.08726668357849121,0.01698128692805767,0.9974182444061962,0.9974182444061962,-0.029999999329447746,0.029999999329447746,0.0015241105575114489
HUMAN_CONTROL_desk__orange_juice-plate_wrapper__localpatched_teleop_2025-12-14_17-17-24,/root/repo/cdpr_synth_10hz/videos/HUMAN_CONTROL_desk__orange_juice-plate_wrapper__localpatched_teleop_2025-12-14_17-17-24/trajectory_data.npz,ok,919,0.001088139281828074,0.03373231773667029,0.002323844702914357,0.001792391063645482,0.005994986603036519,0.0300873015075922,ee_position,"(919, 6)","(919, 3)",0.002176278563656148,0.1088139281828074,-0.006403080187737942,0.003850877285003662,0.0013171992031857371,0.002176278563656148,0.11207834602829161,-0.005918256938457489,0.0031359614804387093,0.0011555030941963196,0.017410228509249184,0.03373231773667029,-0.02660077065229416,0.007493048906326294,0.002379569225013256,1.0,1.0,0.0,0.0,0.0,0.9967355821545157,0.9967355821545157,-0.029999999329447746,0.029999999329447746,0.0017137415707111359
HUMAN_CONTROL_desk__orange_juice-plate_wrapper__localpatched_teleop_2025-12-14_17-33-34,/root/repo/cdpr_synth_10hz/videos/HUMAN_CONTROL_desk__orange_juice-plate_wrapper__localpatched_teleop_2025-12-14_17-33-34/trajectory_data.npz,ok,1199,0.0008340283569641367,0.027522935779816515,0.004950943402945995,0.001469835638999939,0.0056639372371137045,0.08729836344718933,ee_position,"(1199, 6)","(1199, 3)",0.003336113427856547,0.23102585487906588,-0.004214942455291748,0.0024351030588150024,0.0007990428130142391,0.0016680567139282735,0.29357798165137616,-0.00011648237705230713,0.0030447766184806824,0.0005497688543982804,0.014178482068390326,0.040033361134278564,-0.02660077065229416,0.006058096885681152,0.0020435682963579893,0.9624687239366139,0.9624687239366139,-0.08726668357849121,0.08726668357849121,0.01690596528351307,0.9974979149291076,0.9974979149291076,-0.029999999329447746,0.029999999329447746,0.0015004167798906565
HUMAN_CONTROL_desk__orange_juice-plate_wrapper__localpatched_teleop_2025-12-14_17-35-00,/root/repo/cdpr_synth_10hz/videos/HUMAN_CONTROL_desk__orange_juice-plate_wrapper__localpatched_teleop_2025-12-14_17-35-00/trajectory_data.npz,ok,1630,0.0006134969325153375,0.01901840490797546,0.003949434030801058,0.0009542084007989615,0.006678794184699655,0.08732400089502335,ee_position,"(1630, 6)","(1630, 3)",0.001226993865030675,0.1263803680981595,-0.004631422460079193,0.0040976256132125854,0.0009787967428565025,0.001226993865030675,0.18159509202453988,-0.003500424325466156,0.0034054331481456757,0.0007146759307943285,0.0098159509202454,0.03558282208588957,-0.02660077065229416,0.0074007511138916016,0.0020807187538594007,0.9736196319018405,0.9736196319018405,-0.08726668357849121,0.08726668357849121,0.014173747040331364,0.998159509202454,0.998159509202454,-0.029999999329447746,0.029999999329447746,0.0012868966441601515
HUMAN_CONTROL_desk__orange_juice-plate_wrapper__localpatched_teleop_2025-12-14_17-38-44,/root/repo/cdpr_synth_10hz/videos/HUMAN_CONTROL_desk__orange_juice-plate_wrapper__localpatched_teleop_2025-12-14_17-38-44/trajectory_data.npz,ok,1109,0.0009017132551848512,0.05320108205590622,0.004612180404365063,0.0009473474929109216,0.005878472328186022,0.0873168557882309,ee_position,"(1109, 6)","(1109, 3)",0.0018034265103697023,0.2200180342651037,-0.0006869662320241332,0.002926282584667206,0.0005169559735804796,0.0018034265103697023,0.2073940486925158,-0.0015254095196723938,0.002450467087328434,0.0004961902159266174,0.023444544634806132,0.07664562669071236,-0.02660077065229416,0.00648091733455658,0.0017895348137244582,0.9621280432822362,0.9621280432822362,-0.08726644515991211,0.08726668357849121,0.01671736128628254,0.9972948602344455,0.9972948602344455,-0.029999999329447746,0.029999999329447746,0.0015600944170728326
HUMAN_CONTROL_desk__orange_juice-plate_wrapper__localpatched_teleop_2025-12-14_17-40-01,/root/repo/cdpr_synth_10hz/videos/HUMAN_CONTROL_desk__orange_juice-plate_wrapper__localpatched_teleop_2025-12-14_17-40-01/trajectory_data.npz,ok,762,0.0013123359580052493,0.04068241469816273,0.002871190430596471,0.0020910550374537706,0.007636176445521414,0.03013768419623375,ee_position,"(762, 6)","(762, 3)",0.0026246719160104987,0.15879265091863518,-0.007398586720228195,0.0058631375432014465,0.0019812907557934523,0.0026246719160104987,0.20603674540682415,-0.0018280623480677605,0.0044267019256949425,0.0007707106415182352,0.02099737532808399,0.04068241469816273,-0.02660077065229416,0.007032334804534912,0.002771049737930298,1.0,1.0,0.0,0.0,0.0,0.9921259842519685,0.9921259842519685,-0.029999999329447746,0.029999999329447746,0.0026620696298778057
HUMAN_CONTROL_desk__orange_juice-plate_wrapper__localpatched_teleop_2026-01-09_14-47-56,/root/repo/cdpr_synth_10hz/videos/HUMAN_CONTROL_desk__orange_juice-plate_wrapper__localpatched_teleop_2026-01-09_14-47-56/trajectory_data.npz,ok,778,0.0012853470437017994,0.02442159383033419,0.003450827905908227,0.0024525101762264967,0.008600443555042147,0.03013870306313038,ee_position,"(778, 6)","(778, 3)",0.002570694087403599,0.06298200514138817,-0.006858661770820618,0.004232786595821381,0.0016990905860438943,0.002570694087403599,0.05912596401028278,-0.011714786291122437,0.008042603731155396,0.0032365128863602877,0.006426735218508998,0.028277634961439587,-0.02660077065229416,0.007148653268814087,0.002448768587782979,1.0,1.0,0.0,0.0,0.0,0.9961439588688946,0.9961439588688946,-0.029999999329447746,0.029999999329447746,0.0018625118536874652
HUMAN_CONTROL_desk__orange_juice-plate_wrapper__localpatched_teleop_2026-01-09_14-49-28,/root/repo/cdpr_synth_10hz/videos/HUMAN_CONTROL_desk__orange_juice-plate_wrapper__localpatched_teleop_2026-01-09_14-49-28/trajectory_data.npz,ok,1065,0.0009389671361502347,0.005633802816901409,0.005672901403158903,0.0018791879992932081,0.007880182564258575,0.08730868995189667,ee_position,"(1065, 6)","(1065, 3)",0.0018779342723004694,0.14460093896713616,-0.004464045166969299,0.005419611930847168,0.0010635018115863204,0.0018779342723004694,0.09201877934272301,-0.006652534008026123,0.007655397057533264,0.0024258785415440798,0.0009389671361502347,0.005633802816901409,-0.02660077065229416,0.007055342197418213,0.002190019702538848,0.964319248826291,0.964319248826291,-0.08726668357849121,0.08726668357849121,0.016484064981341362,0.9971830985915493,0.9971830985915493,-0.029999999329447746,0.029999999329447746,0.0015919854631647468
HUMAN_CONTROL_desk__orange_juice-plate_wrapper__localpatched_teleop_2026-01-09_14-50-35,/root/repo/cdpr_synth_10hz/videos/HUMAN_CONTROL_desk__orange_juice-plate_wrapper__localpatched_teleop_2026-01-09_14-50-35/trajectory_data.npz,ok,991,0.0010090817356205853,0.018163471241170535,0.005993898957967758,0.0018673520535230637,0.008307975251227617,0.0873575359582901,ee_position,"(991, 6)","(991, 3)",0.0020181634712411706,0.11200807265388496,-0.0029268786311149597,0.004497438669204712,0.000940995174460113,0.0020181634712411706,0.050454086781029264,-0.008067578077316284,0.008065208792686462,0.0029029608704149723,0.004036326942482341,0.020181634712411706,-0.02660077065229416,0.006959021091461182,0.002035497920587659,0.9616548940464178,0.9616548940464178,-0.08726668357849121,0.08726668357849121,0.01708843559026718,0.9969727547931383,0.9969727547931383,-0.029999999329447746,0.029999999329447746,0.0016503346851095557
HUMAN_CONTROL_desk__orange_juice-plate_wrapper__localpatched_teleop_2026-01-09_14-51-40,/root/repo/cdpr_synth_10hz/videos/HUMAN_CONTROL_desk__orange_juice-plate_wrapper__localpatched_teleop_2026-01-09_14-51-40/trajectory_data.npz,ok,1060,0.0009433962264150943,0.0009433962264150943,0.005839965771883726,0.0018155769794248044,0.010297012748196721,0.08739185333251953,ee_position,"(1060, 6)","(1060, 3)",0.0018867924528301887,0.009433962264150943,-0.004644960165023804,0.0078083835542202,0.0014747375389561057,0.0018867924528301887,0.03490566037735849,-0.007218405604362488,0.00817696750164032,0.0028666616417467594,0.0009433962264150943,0.006603773584905661,-0.02660077065229416,0.007803112268447876,0.00247024605050683,0.9660377358490566,0.9660377358490566,-0.08726668357849121,0.08726668357849121,0.01608220860362053,0.9971698113207547,0.9971698113207547,-0.029999999329447746,0.029999999329447746,0.0015957346186041832
HUMAN_CONTROL_desk__orange_juice-plate_wrapper__localpatched_teleop_2026-01-09_14-53-18,/root/repo/cdpr_synth_10hz/videos/HUMAN_CONTROL_desk__orange_juice-plate_wrapper__localpatched_teleop_2026-01-09_14-53-18/trajectory_data.npz,ok,821,0.001218026796589525,0.01705237515225335,0.003885171841830015,0.0025412512477487326,0.00919320061802864,0.03029678575694561,ee_position,"(821, 6)","(821, 3)",0.00243605359317905,0.06211936662606577,-0.0074349865317344666,0.006545618176460266,0.002753566950559616,0.00243605359317905,0.0682095006090134,-0.008597731590270996,0.008281886577606201,0.0034150260034948587,0.001218026796589525,0.01705237515225335,-0.02660077065229416,0.0072336941957473755,0.002123924670740962,1.0,1.0,0.0,0.0,0.0,0.9963459196102314,0.9963459196102314,-0.029999999329447746,0.029999999329447746,0.0018131014658138156
HUMAN_CONTROL_desk__plate-ycb_apple-ycb_banana_wrapper__localpatched_teleop_2025-12-15_11-24-53,/root/repo/cdpr_synth_10hz/videos/HUMAN_CONTROL_desk__plate-ycb_apple-ycb_banana_wrapper__localpatched_teleop_2025-12-15_11-24-53/trajectory_data.npz,ok,995,0.0010050251256281408,0.031155778894472363,0.0020023465622216463,0.001244173152372241,0.006003115978091951,0.03009815886616707,ee_position,"(995, 6)","(995, 3)",0.0020100502512562816,0.15879396984924624,-0.00656823068857193,0.004591584205627441,0.0012060472508892417,0.003015075376884422,0.14371859296482412,-0.005448818206787109,0.0025921761989593506,0.0010612824698910117,0.016080402010050253,0.031155778894472363,-0.02660077065229416,0.007960081100463867,0.002301936037838459,1.0,1.0,0.0,0.0,0.0,0.9959798994974874,0.9959798994974874,-0.029999999329447746,0.029999999329447746,0.0019021278712898493
HUMAN_CONTROL_desk__plate-ycb_apple-ycb_banana_wrapper__localpatched_teleop_2025-12-15_11-27-06,/root/repo/cdpr_synth_10hz/videos/HUMAN_CONTROL_desk__plate-ycb_apple-ycb_banana_wrapper__localpatched_teleop_2025-12-15_11-27-06/trajectory_data.npz,ok,991,0.0010090817356205853,0.03128153380423814,0.0057257115840911865,0.0008684309432283044,0.030015915632247925,0.08726737648248672,ee_position,"(991, 6)","(991, 3)",0.0020181634712411706,0.11604439959636731,-0.006555669009685516,0.0015231072902679443,0.0010476820170879364,0.0020181634712411706,0.08678102926337034,-0.004788577556610107,0.005083717405796051,0.0011187122436240315,0.016145307769929364,0.10898082744702321,-0.02660077065229416,0.0065802037715911865,0.0017218285938724875,0.9505549949545913,0.9505549949545913,-0.08726668357849121,0.08726668357849121,0.019404571503400803,0.9969727547931383,0.9969727547931383,-0.029999999329447746,0.029999999329447746,0.0016503346851095557
HUMAN_CONTROL_desk__plate-ycb_apple-ycb_banana_wrapper__localpatched_teleop_2025-12-15_11-29-43,/root/repo/cdpr_synth_10hz/videos/HUMAN_CONTROL_desk__plate-ycb_apple-ycb_banana_wrapper__localpatched_teleop_2025-12-15_11-29-43/trajectory_data.npz,ok,1033,0.000968054211035818,0.030009680542110357,0.007951888255774975,0.0010152467293664813,0.08726644515991211,0.08730337768793106,ee_position,"(1033, 6)","(1033, 3)",0.002904162633107454,0.1403678606001936,-0.0036669671535491943,0.005856074392795563,0.000976747483946383,0.001936108422071636,0.20135527589545016,-0.0012756269425153732,0.001863286830484867,0.0003169393166899681,0.016456921587608905,0.06389157792836399,-0.02660077065229416,0.007321953773498535,0.0021163304336369038,0.9264278799612778,0.9264278799612778,-0.08726668357849121,0.08726668357849121,0.023667901754379272,0.9961277831558567,0.9961277831558567,-0.029999999329447746,0.029999999329447746,0.0018668142147362232
HUMAN_CONTROL_desk__plate-ycb_apple-ycb_banana_wrapper__localpatched_teleop_2025-12-15_11-31-05,/root/repo/cdpr_synth_10hz/videos/HUMAN_CONTROL_desk__plate-ycb_apple-ycb_banana_wrapper__localpatched_teleop_2025-12-15_11-31-05/trajectory_data.npz,ok,1124,0.0008896797153024911,0.04893238434163701,0.005063880700618029,0.001056067121680826,0.006473744730465109,0.08736059814691544,ee_position,"(1124, 6)","(1124, 3)",0.0017793594306049821,0.19217081850533807,-0.001406550407409668,0.002343125641345978,0.0005193339311517775,0.0017793594306049821,0.251779359430605,-0.001314900815486908,0.003213144838809967,0.0005713113932870328,0.018683274021352312,0.07028469750889679,-0.02660077065229416,0.0066016316413879395,0.001975300023332238,0.958185053380783,0.958185053380783,-0.08726668357849121,0.08726668357849121,0.01784469187259674,0.9973309608540926,0.9973309608540926,-0.029999999329447746,0.029999999329447746,0.0015496524283662438
HUMAN_CONTROL_desk__plate-ycb_apple-ycb_banana_wrapper__localpatched_teleop_2025-12-15_11-32-49,/root/repo/cdpr_synth_10hz/videos/HUMAN_CONTROL_desk__plate-ycb_apple-ycb_banana_wrapper__localpatched_teleop_2025-12-15_11-32-49/trajectory_data.npz,ok,1052,0.0009505703422053232,0.029467680608365018,0.006011476274579763,0.0008821272058412433,0.08726644515991211,0.0873793438076973,ee_position,"(1052, 6)","(1052, 3)",0.0019011406844106464,0.22433460076045628,-0.0020815320312976837,0.0019122660160064697,0.00038912781747058034,0.0019011406844106464,0.1720532319391635,-0.002146366983652115,0.0056272149085998535,0.0009363370481878519,0.015209125475285171,0.04657794676806084,-0.02660077065229416,0.007153749465942383,0.0019389311783015728,0.9477186311787072,0.9477186311787072,-0.08726668357849121,0.08726668357849121,0.0199534110724926,0.9961977186311787,0.9961977186311787,-0.029999999329447746,0.029999999329447746,0.001849879277870059
HUMAN_CONTROL_desk__plate-ycb_apple-ycb_banana_wrapper__localpatched_teleop_2026-01-09_15-33-11,/root/repo/cdpr_synth_10hz/videos/HUMAN_CONTROL_desk__plate-ycb_apple-ycb_banana_wrapper__localpatched_teleop_2026-01-09_15-33-11/trajectory_data.npz,ok,753,0.0013280212483399733,0.017264276228419653,0.006570626050233841,0.0013955013127997518,0.027960512042045516,0.0872684121131897,ee_position,"(753, 6)","(753, 3)",0.0026560424966799467,0.06772908366533864,-0.008057832717895508,0.002559281885623932,0.0019262287532910705,0.0026560424966799467,0.055776892430278883,-0.007505662739276886,0.006972566246986389,0.00272000627592206,0.0013280212483399733,0.0199203187250996,-0.02660077065229416,0.007341504096984863,0.0016920517664402723,0.953519256308101,0.953519256308101,-0.08726668357849121,0.08726668357849121,0.018813762813806534,0.9960159362549801,0.9960159362549801,-0.029999999329447746,0.029999999329447746,0.0018931638915091753
HUMAN_CONTROL_desk__plate-ycb_apple-ycb_banana_wrapper__localpatched_teleop_2026-01-09_15-36-37,/root/repo/cdpr_synth_10hz/videos/HUMAN_CONTROL_desk__plate-ycb_apple-ycb_banana_wrapper__localpatched_teleop_2026-01-09_15-36-37/trajectory_data.npz,ok,734,0.0013623978201634877,0.010899182561307902,0.002042738487944007,0.0013073908048681915,0.005545110208913686,0.030027570202946663,ee_position,"(734, 6)","(734, 3)",0.0027247956403269754,0.047683923705722074,-0.006005793809890747,0.002031475305557251,0.0016059012850746512,0.0027247956403269754,0.05858310626702997,-0.0045042335987091064,0.00427670031785965,0.0015043598832562566,0.0013623978201634877,0.017711171662125342,-0.02660077065229416,0.005055218935012817,0.0014726977096870542,1.0,1.0,0.0,0.0,0.0,0.9959128065395095,0.9959128065395095,-0.029999999329447746,0.029999999329447746,0.0019174993503838778
HUMAN_CONTROL_desk__plate-ycb_apple-ycb_banana_wrapper__localpatched_teleop_2026-01-09_15-39-01,/root/repo/cdpr_synth_10hz/videos/HUMAN_CONTROL_desk__plate-ycb_apple-ycb_banana_wrapper__localpatched_teleop_2026-01-09_15-39-01/trajectory_data.npz,ok,679,0.0014727540500736377,0.042709867452135494,0.007427381817251444,0.0013182894326746464,0.08726882860064507,0.08728283643722534,ee_position,"(679, 6)","(679, 3)",0.0029455081001472753,0.0898379970544919,-0.008205756545066833,0.007214009761810303,0.002734003821387887,0.0029455081001472753,0.09278350515463918,-0.006318725645542145,0.0046164654195308685,0.0015639308840036392,0.020618556701030927,0.042709867452135494,-0.02660077065229416,0.005448952317237854,0.001722598448395729,0.9425625920471281,0.9425625920471281,-0.08726668357849121,0.08726668357849121,0.020913975313305855,0.9955817378497791,0.9955817378497791,-0.029999999329447746,0.029999999329447746,0.0019936109893023968
HUMAN_CONTROL_desk__plate-ycb_apple-ycb_banana_wrapper__localpatched_teleop_2026-01-09_15-39-51,/root/repo/cdpr_synth_10hz/videos/HUMAN_CONTROL_desk__plate-ycb_apple-ycb_banana_wrapper__localpatched_teleop_2026-01-09_15-39-51/trajectory_data.npz,ok,1157,0.000864304235090752,0.000864304235090752,0.006632207427173853,0.0008643705514259636,0.08726644515991211,0.08726824074983597,ee_position,"(1157, 6)","(1157, 3)",0.001728608470181504,0.052722558340535866,-0.0057927630841732025,0.0026028119027614594,0.0009644439560361207,0.001728608470181504,0.011235955056179775,-0.008463174104690552,0.0033885836601257324,0.00208120234310627,0.010371650821089023,0.06568712186689715,-0.02660077065229416,0.004857972264289856,0.001346409204415977,0.9429559204840103,0.9429559204840103,-0.08726668357849121,0.08726668357849121,0.020842639729380608,0.9974070872947277,0.9974070872947277,-0.029999999329447746,0.029999999329447746,0.0015273995231837034
HUMAN_CONTROL_desk__plate-ycb_apple-ycb_banana_wrapper__localpatched_teleop_2026-01-09_15-41-06,/root/repo/cdpr_synth_10hz/videos/HUMAN_CONTROL_desk__plate-ycb_apple-ycb_banana_wrapper__localpatched_teleop_2026-01-09_15-41-06/trajectory_data.npz,ok,929,0.001076426264800861,0.02798708288482239,0.0018426661845296621,0.0010476665338501334,0.006155758257955308,0.030012812465429306,ee_position,"(929, 6)","(929, 3)",0.002152852529601722,0.0688912809472551,-0.004592299461364746,0.0051691047847270966,0.001301054609939456,0.002152852529601722,0.09041980624327234,-0.007669513579457998,0.0065611377358436584,0.0018471558578312397,0.011840688912809472,0.038751345532831,-0.02660077065229416,0.00441625714302063,0.001469513401389122,1.0,1.0,0.0,0.0,0.0,0.9967707212055974,0.9967707212055974,-0.029999999329447746,0.029999999329447746,0.001704496331512928
HUMAN_CONTROL_desk__plate-ycb_apple_wrapper__localpatched_teleop_2025-12-15_11-16-00,/root/repo/cdpr_synth_10hz/videos/HUMAN_CONTROL_desk__plate-ycb_apple_wrapper__localpatched_teleop_2025-12-15_11-16-00/trajectory_data.npz,ok,1112,0.0008992805755395684,0.02787769784172662,0.002149654785171151,0.0015817066305316985,0.005985265015624465,0.03013300523161888,ee_position,"(1112, 6)","(1112, 3)",0.0017985611510791368,0.11600719424460432,-0.0057077109813690186,0.007511075586080551,0.0016574091278016567,0.0017985611510791368,0.13219424460431656,-0.0034796521067619324,0.0002873465418815613,0.00048528501065447927,0.014388489208633094,0.02787769784172662,-0.02660077065229416,0.006876856088638306,0.002221532864496112,1.0,1.0,0.0,0.0,0.0,0.9973021582733813,0.9973021582733813,-0.029999999329447746,0.029999999329447746,0.0015579890459775925
HUMAN_CONTROL_desk__plate-ycb_apple_wrapper__localpatched_teleop_2025-12-15_11-17-33,/root/repo/cdpr_synth_10hz/videos/HUMAN_CONTROL_desk__plate-ycb_apple_wrapper__localpatched_teleop_2025-12-15_11-17-33/trajectory_data.npz,ok,1046,0.0009560229445506692,0.08508604206500955,0.005817587487399578,0.001044929667841643,0.02915261033922434,0.08736031502485275,ee_position,"(1046, 6)","(1046, 3)",0.0019120458891013384,0.1864244741873805,-0.0037340745329856873,0.0027243494987487793,0.0009601843194104731,0.0028680688336520078,0.2676864244741874,-0.005716487765312195,0.0008924603462219238,0.000821291352622211,0.052581261950286805,0.08508604206500955,-0.02660077065229416,0.00656542181968689,0.002166459569707513,0.9521988527724665,0.9521988527724665,-0.08726668357849121,0.08726668357849121,0.019078748300671577,0.997131931166348,0.997131931166348,-0.029999999329447746,0.029999999329447746,0.001606374396942556
HUMAN_CONTROL_desk__plate-ycb_apple_wrapper__localpatched_teleop_2025-12-15_11-20-29,/root/repo/cdpr_synth_10hz/videos/HUMAN_CONTROL_desk__plate-ycb_apple_wrapper__localpatched_teleop_2025-12-15_11-20-29/trajectory_data.npz,ok,759,0.0013175230566534915,0.04084321475625823,0.002373721683397889,0.0014449752634391189,0.007225313410162927,0.03007560409605503,ee_position,"(759, 6)","(759, 3)",0.002635046113306983,0.13965744400527008,-0.007821358740329742,0.005098104476928711,0.0020101522095501423,0.002635046113306983,0.155467720685112,-0.0042714886367321014,0.0021539777517318726,0.000763252261094749,0.021080368906455864,0.04084321475625823,-0.02660077065229416,0.006831496953964233,0.0023505419958382845,1.0,1.0,0.0,0.0,0.0,0.994729907773386,0.994729907773386,-0.029999999329447746,0.029999999329447746,0.002177861984819174
HUMAN_CONTROL_desk__plate-ycb_apple_wrapper__localpatched_teleop_2025-12-15_11-21-49,/root/repo/cdpr_synth_10hz/videos/HUMAN_CONTROL_desk__plate-ycb_apple_wrapper__localpatched_teleop_2025-12-15_11-21-49/trajectory_data.npz,ok,946,0.0010570824524312897,0.0010570824524312897,0.00347136496566236,0.0006932686956133693,0.004806806216947734,0.08727160841226578,ee_position,"(946, 6)","(946, 3)",0.0010570824524312897,0.1109936575052854,-0.001853201538324356,0.0009015835821628571,0.0003134413855150342,0.0010570824524312897,0.12896405919661733,-0.0024276580661535263,0.0023543983697891235,0.0004861287015955895,0.0010570824524312897,0.0021141649048625794,-0.026103317737579346,0.006326943635940552,0.0018217333126813173,0.9746300211416491,0.9746300211416491,-0.08726644515991211,0.08726668357849121,0.013800226151943207,0.9968287526427061,0.9968287526427061,-0.029999999329447746,0.029999999329447746,0.0016891170525923371
HUMAN_CONTROL_desk__plate-ycb_apple_wrapper__localpatched_teleop_2026-01-09_15-26-31,/root/repo/cdpr_synth_10hz/videos/HUMAN_CONTROL_desk__plate-ycb_apple_wrapper__localpatched_teleop_2026-01-09_15-26-31/trajectory_data.npz,ok,966,0.0010351966873706005,0.028985507246376812,0.003307082923129201,0.0014061424881219864,0.008092776406556368,0.08731891959905624,ee_position,"(966, 6)","(966, 3)",0.002070393374741201,0.057971014492753624,-0.004761114716529846,0.003544691950082779,0.001102130045183003,0.002070393374741201,0.07453416149068323,-0.008490294218063354,0.0035856962203979492,0.0021580844186246395,0.013457556935817806,0.028985507246376812,-0.02660077065229416,0.005643218755722046,0.0016784330364316702,0.9865424430641822,0.9865424430641822,-0.08726644515991211,0.08726644515991211,0.010119865648448467,0.9968944099378882,0.9968944099378882,-0.029999999329447746,0.029999999329447746,0.001671546371653676
HUMAN_CONTROL_desk__plate-ycb_apple_wrapper__localpatched_teleop_2026-01-09_15-28-17,/root/repo/cdpr_synth_10hz/videos/HUMAN_CONTROL_desk__plate-ycb_apple_wrapper__localpatched_teleop_2026-01-09_15-28-17/trajectory_data.npz,ok,906,0.0011037527593818985,0.03863134657836645,0.0050975787453353405,0.0009515986894257367,0.009555401746183634,0.08726967126131058,ee_position,"(906, 6)","(906, 3)",0.002207505518763797,0.1280353200883002,-0.008166871964931488,0.007197186350822449,0.0021827591117471457,0.002207505518763797,0.1346578366445916,-0.006886795163154602,0.004004552960395813,0.0018079773290082812,0.017660044150110375,0.03863134657836645,-0.02660077065229416,0.00608411431312561,0.0015612535644322634,0.9657836644591612,0.9657836644591612,-0.08726644515991211,0.08726668357849121,0.01603817380964756,0.9966887417218543,0.9966887417218543,-0.029999999329447746,0.029999999329447746,0.0017259885789826512
HUMAN_CONTROL_desk__plate-ycb_apple_wrapper__localpatched_teleop_2026-01-09_15-29-29,/root/repo/cdpr_synth_10hz/videos/HUMAN_CONTROL_desk__plate-ycb_apple_wrapper__localpatched_teleop_2026-01-09_15-29-29/trajectory_data.npz,ok,775,0.0012903225806451613,0.03612903225806452,0.006536813452839851,0.0016809190856292844,0.027620653249323213,0.08739087730646133,ee_position,"(775, 6)","(775, 3)",0.0025806451612903226,0.07354838709677419,-0.007967399433255196,0.008941225707530975,0.002511973027139902,0.0025806451612903226,0.12645161290322582,-0.006133668124675751,0.005280628800392151,0.00190117082092911,0.016774193548387096,0.03870967741935484,-0.02660077065229416,0.004379749298095703,0.001501847174949944,0.9535483870967741,0.9535483870967741,-0.08726668357849121,0.08726668357849121,0.01880822330713272,0.9961290322580645,0.9961290322580645,-0.029999999329447746,0.029999999329447746,0.0018661115318536758
HUMAN_CONTROL_desk__plate-ycb_apple_wrapper__localpatched_teleop_2026-01-09_15-30-36,/root/repo/cdpr_synth_10hz/videos/HUMAN_CONTROL_desk__plate-ycb_apple_wrapper__localpatched_teleop_2026-01-09_15-30-36/trajectory_data.npz,ok,980,0.0010204081632653062,0.03163265306122449,0.00593770295381546,0.0007051335996948183,0.08726644515991211,0.08726987987756729,ee_position,"(980, 6)","(980, 3)",0.0020408163265306124,0.15714285714285714,-0.0006572464480996132,0.0021586641669273376,0.00038044352550059557,0.0020408163265306124,0.10102040816326531,-0.005875416100025177,0.0009160637855529785,0.0010594272753223777,0.0163265306122449,0.03163265306122449,-0.02660077065229416,0.00514550507068634,0.0016298651462420821,0.9469387755102041,0.9469387755102041,-0.08726644515991211,0.08726644515991211,0.02010105550289154,0.9948979591836735,0.9948979591836735,-0.029999999329447746,0.029999999329447746,0.002142638433724642
HUMAN_CONTROL_desk__plate-ycb_apple_wrapper__localpatched_teleop_2026-01-09_15-31-46,/root/repo/cdpr_synth_10hz/videos/HUMAN_CONTROL_desk__plate-ycb_apple_wrapper__localpatched_teleop_2026-01-09_15-31-46/trajectory_data.npz,ok,484,0.002066115702479339,0.0640495867768595,0.00198460859246552,0.0010284314630553126,0.005919874692335721,0.030049821361899376,ee_position,"(484, 6)","(484, 3)",0.004132231404958678,0.17768595041322313,-0.0023541636765003204,0.0017497288063168526,0.0005646540666930377,0.004132231404958678,0.1921487603305785,-0.004300106316804886,0.0063510313630104065,0.002061854349449277,0.03305785123966942,0.06818181818181818,-0.02660077065229416,0.0055441707372665405,0.0017541814595460892,1.0,1.0,0.0,0.0,0.0,0.993801652892562,0.993801652892562,-0.029999999329447746,0.029999999329447746,0.0023610740900039673
HUMAN_CONTROL_desk__ycb_a_colored_wood_blocks_wrapper__localpatched_teleop_2025-12-26_11-59-29,/root/repo/cdpr_synth_10hz/videos/HUMAN_CONTROL_desk__ycb_a_colored_wood_blocks_wrapper__localpatched_teleop_2025-12-26_11-59-29/trajectory_data.npz,ok,663,0.0015082956259426848,0.0693815987933635,0.0018764163833111525,0.001142023247666657,0.006057840958237648,0.03003293089568615,ee_position,"(663, 6)","(663, 3)",0.0030165912518853697,0.2473604826546003,-0.0028172284364700317,0.0028798282146453857,0.0009245773544535041,0.0030165912518853697,0.1794871794871795,-0.0026712194085121155,0.0025709867477416992,0.0007156646461226046,0.024132730015082957,0.0693815987933635,-0.02660077065229416,0.007209330797195435,0.0024364350829273462,1.0,1.0,0.0,0.0,0.0,0.9969834087481146,0.9969834087481146,-0.029999999329447746,0.029999999329447746,0.001647705095820129
HUMAN_CONTROL_desk__ycb_a_cups-ycb_apple-ycb_banana-ycb_fork_wrapper__localpatched_teleop_2026-01-13_12-32-10,/root/repo/cdpr_synth_10hz/videos/HUMAN_CONTROL_desk__ycb_a_cups-ycb_apple-ycb_banana-ycb_fork_wrapper__localpatched_teleop_2026-01-13_12-32-10/trajectory_data.npz,ok,641,0.0015600624024961,0.0483619344773791,0.0015704905381426215,0.0010036390740424395,0.004605178255587816,0.030128492042422295,ee_position,"(641, 6)","(641, 3)",0.0031201248049922,0.3042121684867395,-0.001537521369755268,0.0010700356215238571,0.0003117763844784349,0.0031201248049922,0.1684867394695788,-0.004498504102230072,0.006273277103900909,0.0015035372925922275,0.0249609984399376,0.0499219968798752,-0.02660077065229416,0.004091978073120117,0.0016262046992778778,1.0,1.0,0.0,0.0,0.0,0.9953198127925117,0.9953198127925117,-0.029999999329447746,0.029999999329447746,0.0020518230739980936
HUMAN_CONTROL_desk__ycb_a_cups-ycb_apple-ycb_banana-ycb_fork_wrapper__localpatched_teleop_2026-01-13_12-34-16,/root/repo/cdpr_synth_10hz/videos/HUMAN_CONTROL_desk__ycb_a_cups-ycb_apple-ycb_banana-ycb_fork_wrapper__localpatched_teleop_2026-01-13_12-34-16/trajectory_data.npz,ok,607,0.0016474464579901153,0.051070840197693576,0.003926985431462526,0.0007909030537120998,0.004771525971591471,0.08728856593370438,ee_position,"(607, 6)","(607, 3)",0.004942339373970346,0.20593080724876442,-0.004147127270698547,0.0043608397245407104,0.0012799670221284032,0.0032948929159802307,0.17957166392092258,-0.0036676586605608463,0.002410324290394783,0.000788527075201273,0.026359143327841845,0.051070840197693576,-0.02660077065229416,0.0029461532831192017,0.0014290697872638702,0.9703459637561779,0.9703459637561779,-0.08726668357849121,0.0,0.014803096652030945,0.9967051070840197,0.9967051070840197,-0.029999999329447746,0.029999999329447746,0.001722034765407443
HUMAN_CONTROL_desk__ycb_a_cups-ycb_hammer-ycb_medium_clamp_wrapper__localpatched_teleop_2026-01-13_12-51-27,/root/repo/cdpr_synth_10hz/videos/HUMAN_CONTROL_desk__ycb_a_cups-ycb_hammer-ycb_medium_clamp_wrapper__localpatched_teleop_2026-01-13_12-51-27/trajectory_data.npz,ok,714,0.0014005602240896359,0.04341736694677871,0.001246509957127273,0.0006969626701902598,0.0034552768804132945,0.030121570453047752,ee_position,"(714, 6)","(714, 3)",0.0028011204481792717,0.14565826330532214,-0.0024371352046728134,0.0007427148520946503,0.0004361434548627585,0.0028011204481792717,0.15826330532212884,-0.003971867263317108,0.003646537661552429,0.001091448008082807,0.022408963585434174,0.046218487394957986,-0.02660077065229416,0.0033543482422828674,0.001389827230013907,1.0,1.0,0.0,0.0,0.0,0.9957983193277311,0.9957983193277311,-0.029999999329447746,0.029999999329447746,0.001944157062098384
HUMAN_CONTROL_desk__ycb_a_cups-ycb_hammer-ycb_medium_clamp_wrapper__localpatched_teleop_2026-01-13_12-52-32,/root/repo/cdpr_synth_10hz/videos/HUMAN_CONTROL_desk__ycb_a_cups-ycb_hammer-ycb_medium_clamp_wrapper__localpatched_teleop_2026-01-13_12-52-32/trajectory_data.npz,ok,850,0.001176470588235294,0.05411764705882353,0.005558203440159559,0.0010166724678128958,0.030000784806907176,0.08727092295885086,ee_position,"(850, 6)","(850, 3)",0.002352941176470588,0.25882352941176473,-0.0067940354347229,0.0024777166545391083,0.001263749203644693,0.01764705882352941,0.2988235294117647,-0.0020253099501132965,0.0006553009152412415,0.0003240293590351939,0.018823529411764704,0.05647058823529412,-0.02660077065229416,0.004514902830123901,0.0015971960965543985,0.951764705882353,0.951764705882353,-0.08726644515991211,0.08726668357849121,0.019066400825977325,0.9964705882352941,0.9964705882352941,-0.029999999329447746,0.029999999329447746,0.0017819158965721726
HUMAN_CONTROL_desk__ycb_a_cups_wrapper__localpatched_teleop_2025-12-26_12-02-54,/root/repo/cdpr_synth_10hz/videos/HUMAN_CONTROL_desk__ycb_a_cups_wrapper__localpatched_teleop_2025-12-26_12-02-54/trajectory_data.npz,ok,417,0.002398081534772182,0.07434052757793765,0.0027482984587550163,0.0013885891530662775,0.00876214653253555,0.030006587505340576,ee_position,"(417, 6)","(417, 3)",0.004796163069544364,0.1774580335731415,-0.005522690713405609,0.006301321089267731,0.0020367735996842384,0.004796163069544364,0.1750599520383693,-0.003229200839996338,0.005709230899810791,0.001383177936077118,0.03836930455635491,0.07434052757793765,-0.02660077065229416,0.007858812808990479,0.003027664963155985,1.0,1.0,0.0,0.0,0.0,0.9952038369304557,0.9952038369304557,-0.029999999329447746,0.029999999329447746,0.0020776300225406885
HUMAN_CONTROL_desk__ycb_a_toy_airplane_wrapper__localpatched_teleop_2025-12-26_12-06-14,/root/repo/cdpr_synth_10hz/videos/HUMAN_CONTROL_desk__ycb_a_toy_airplane_wrapper__localpatched_teleop_2025-12-26_12-06-14/trajectory_data.npz,ok,1197,0.000835421888053467,0.03258145363408521,0.004549864679574966,0.0006514667184092104,0.00747495098039508,0.08727272599935532,ee_position,"(1197, 6)","(1197, 3)",0.007518796992481203,0.16040100250626566,-0.00757257267832756,0.004138005897402763,0.0012867817422375083,0.003341687552213868,0.17126148705096073,-0.002832910045981407,0.004888374358415604,0.0007978341891430318,0.013366750208855471,0.03341687552213868,-0.02660077065229416,0.0075269341468811035,0.0018754652701318264,0.9640768588137009,0.9640768588137009,-0.08726644515991211,0.08726668357849121,0.016384826973080635,0.9983291562238931,0.9983291562238931,-0.029999999329447746,0.029999999329447746,0.0012262786040082574
HUMAN_CONTROL_desk__ycb_apple-ycb_b_cups-ycb_banana-ycb_fork_wrapper__localpatched_teleop_2026-01-13_12-07-07,/root/repo/cdpr_synth_10hz/videos/HUMAN_CONTROL_desk__ycb_apple-ycb_b_cups-ycb_banana-ycb_fork_wrapper__localpatched_teleop_2026-01-13_12-07-07/trajectory_data.npz,ok,465,0.002150537634408602,0.07526881720430108,0.0015297633362933993,0.0006993492715992033,0.004057940375059843,0.030253365635871887,ee_position,"(465, 6)","(465, 3)",0.004301075268817204,0.22795698924731184,-0.003171561285853386,0.0041448697447776794,0.0010911304270848632,0.004301075268817204,0.24946236559139784,-0.003473937511444092,0.0023143887519836426,0.0009677169728092849,0.034408602150537634,0.07526881720430108,-0.02660077065229416,0.003907196223735809,0.0016960047651082277,1.0,1.0,0.0,0.0,0.0,0.9935483870967742,0.9935483870967742,-0.029999999329447746,0.029999999329447746,0.00240879412740469
HUMAN_CONTROL_desk__ycb_apple-ycb_b_cups-ycb_banana-ycb_fork_wrapper__localpatched_teleop_2026-01-13_12-10-25,/root/repo/cdpr_synth_10hz/videos/HUMAN_CONTROL_desk__ycb_apple-ycb_b_cups-ycb_banana-ycb_fork_wrapper__localpatched_teleop_2026-01-13_12-10-25/trajectory_data.npz,ok,741,0.001349527665317139,0.043184885290148446,0.0035607258323580027,0.0008924063295125961,0.0051874155178666115,0.08726806938648224,ee_position,"(741, 6)","(741, 3)",0.002699055330634278,0.18893387314439947,-0.003187625203281641,0.005849365144968033,0.0011686235666275024,0.002699055330634278,0.203778677462888,-0.0030695179011672735,0.0031578429043293,0.0009360476979054511,0.021592442645074223,0.043184885290148446,-0.02660077065229416,0.0043570250272750854,0.0015117059228941798,0.9757085020242915,0.9757085020242915,0.0,0.08726668357849121,0.013434902764856815,0.9959514170040485,0.9959514170040485,-0.029999999329447746,0.029999999329447746,0.0019084247760474682
HUMAN_CONTROL_desk__ycb_apple-ycb_b_cups-ycb_banana-ycb_fork_wrapper__localpatched_teleop_2026-01-13_12-12-12,/root/repo/cdpr_synth_10hz/videos/HUMAN_CONTROL_desk__ycb_apple-ycb_b_cups-ycb_banana-ycb_fork_wrapper__localpatched_teleop_2026-01-13_12-12-12/trajectory_data.npz,ok,477,0.0020964360587002098,0.0649895178197065,0.0012968563241884112,0.0005697552696801722,0.005537010543048379,0.030111975967884064,ee_position,"(477, 6)","(477, 3)",0.0041928721174004195,0.3689727463312369,-0.004576101899147034,9.913957910612226e-05,0.000857338891364634,0.0041928721174004195,0.22851153039832284,-0.006309758871793747,0.00124388188123703,0.0013634271454066038,0.033542976939203356,0.0649895178197065,-0.02660077065229416,0.0029461532831192017,0.0015556211583316326,1.0,1.0,0.0,0.0,0.0,0.9958071278825996,0.9958071278825996,-0.029999999329447746,0.029999999329447746,0.0019425717182457447
HUMAN_CONTROL_desk__ycb_apple-ycb_banana-ycb_bowl_wrapper__localpatched_teleop_2025-12-26_09-59-07,/root/repo/cdpr_synth_10hz/videos/HUMAN_CONTROL_desk__ycb_apple-ycb_banana-ycb_bowl_wrapper__localpatched_teleop_2025-12-26_09-59-07/trajectory_data.npz,ok,835,0.0011976047904191617,0.046706586826347304,0.0015861140564084053,0.0012676947517320514,0.0040352596435695885,0.030001895502209663,ee_position,"(835, 6)","(835, 3)",0.0023952095808383233,0.2119760479041916,-0.004202201962471008,0.0026438049972057343,0.0009017340489663184,0.0023952095808383233,0.20479041916167665,-2.3767352104187012e-05,0.0037185531109571457,0.0005585605395026505,0.019161676646706587,0.05029940119760479,-0.02660077065229416,0.005469605326652527,0.0017925286665558815,1.0,1.0,0.0,0.0,0.0,0.9964071856287425,0.9964071856287425,-0.029999999329447746,0.029999999329447746,0.0017978434916585684
HUMAN_CONTROL_desk__ycb_apple-ycb_banana-ycb_bowl_wrapper__localpatched_teleop_2025-12-26_10-01-59,/root/repo/cdpr_synth_10hz/videos/HUMAN_CONTROL_desk__ycb_apple-ycb_banana-ycb_bowl_wrapper__localpatched_teleop_2025-12-26_10-01-59/trajectory_data.npz,ok,1037,0.0009643201542912247,0.06460945033751206,0.0048555852845311165,0.0011785686947405338,0.007261652499437332,0.08748407661914825,ee_position,"(1037, 6)","(1037, 3)",0.0019286403085824494,0.1909353905496625,-0.0015626936219632626,0.004245797172188759,0.0006189225823618472,0.0019286403085824494,0.18225650916104147,-0.004398435354232788,0.0070892199873924255,0.0015153927961364388,0.03182256509161042,0.11089681774349083,-0.02660077065229416,0.006183505058288574,0.0021618090104311705,0.9652844744455159,0.9652844744455159,-0.08726668357849121,0.08726668357849121,0.016259577125310898,0.9971070395371263,0.9971070395371263,-0.029999999329447746,0.029999999329447746,0.001613327767699957
HUMAN_CONTROL_desk__ycb_apple-ycb_banana-ycb_bowl_wrapper__localpatched_teleop_2025-12-26_10-03-48,/root/repo/cdpr_synth_10hz/videos/HUMAN_CONTROL_desk__ycb_apple-ycb_banana-ycb_bowl_wrapper__localpatched_teleop_2025-12-26_10-03-48/trajectory_data.npz,ok,915,0.001092896174863388,0.04262295081967213,0.005680407397449017,0.0013632704503834248,0.007559978030622005,0.08757410198450089,ee_position,"(915, 6)","(915, 3)",0.002185792349726776,0.23278688524590163,-0.0006480887532234192,0.001969132572412491,0.0003166740061715245,0.002185792349726776,0.19453551912568307,-0.007467424031347036,0.004226408898830414,0.00201492034830153,0.017486338797814208,0.04371584699453552,-0.02660077065229416,0.007491111755371094,0.002374789211899042,0.9595628415300547,0.9595628415300547,-0.08726668357849121,0.08726668357849121,0.017548147588968277,0.9967213114754099,0.9967213114754099,-0.029999999329447746,0.029999999329447746,0.0017174818785861135
HUMAN_CONTROL_desk__ycb_apple-ycb_banana-ycb_bowl_wrapper__localpatched_teleop_2025-12-26_10-05-25,/root/repo/cdpr_synth_10hz/videos/HUMAN_CONTROL_desk__ycb_apple-ycb_banana-ycb_bowl_wrapper__localpatched_teleop_2025-12-26_10-05-25/trajectory_data.npz,ok,980,0.0010204081632653062,0.07142857142857142,0.005047689191997051,0.0006973946874495596,0.006443214719183739,0.0873299390077591,ee_position,"(980, 6)","(980, 3)",0.0020408163265306124,0.3438775510204082,-0.0043589286506175995,0.0003088712692260742,0.0007158583612181246,0.0020408163265306124,0.3693877551020408,-0.004666149616241455,0.000304976012557745,0.0006792498170398176,0.036734693877551024,0.12142857142857143,-0.02660077065229416,0.006561696529388428,0.0018184790387749672,0.9571428571428572,0.9571428571428572,-0.08726668357849121,0.08726668357849121,0.01806587539613247,0.996938775510204,0.996938775510204,-0.029999999329447746,0.029999999329447746,0.00165956758428365
HUMAN_CONTROL_desk__ycb_apple-ycb_banana-ycb_bowl_wrapper__localpatched_teleop_2025-12-26_10-06-45,/root/repo/cdpr_synth_10hz/videos/HUMAN_CONTROL_desk__ycb_apple-ycb_banana-ycb_bowl_wrapper__localpatched_teleop_2025-12-26_10-06-45/trajectory_data.npz,ok,1058,0.000945179584120983,0.043478260869565216,0.005457833409309387,0.0011278865858912468,0.010253960825502872,0.08727315068244934,ee_position,"(1058, 6)","(1058, 3)",0.001890359168241966,0.17580340264650285,-0.00846526026725769,0.0060194432735443115,0.002074283082038164,0.002835538752362949,0.1899810964083176,-0.0069939494132995605,0.006780900061130524,0.0018979604355990887,0.015122873345935728,0.09924385633270322,-0.02660077065229416,0.007671862840652466,0.0021358777303248644,0.9621928166351607,0.9621928166351607,-0.08726668357849121,0.08726668357849121,0.016967348754405975,0.997164461247637,0.997164461247637,-0.029999999329447746,0.029999999329447746,0.0015972417313605547
HUMAN_CONTROL_desk__ycb_apple-ycb_banana-ycb_bowl_wrapper__localpatched_teleop_2026-01-09_15-49-23,/root/repo/cdpr_synth_10hz/videos/HUMAN_CONTROL_desk__ycb_apple-ycb_banana-ycb_bowl_wrapper__localpatched_teleop_2026-01-09_15-49-23/trajectory_data.npz,ok,664,0.0015060240963855422,0.046686746987951805,0.0023046175483614206,0.001427290088031441,0.006933812517672779,0.030046425759792328,ee_position,"(664, 6)","(664, 3)",0.0030120481927710845,0.10391566265060241,-0.007005937397480011,0.00461995042860508,0.0016129626892507076,0.0030120481927710845,0.09939759036144578,-0.004843943752348423,0.0048934221267700195,0.0015693212626501918,0.024096385542168676,0.04969879518072289,-0.02660077065229416,0.0055890679359436035,0.0021331908646970987,1.0,1.0,0.0,0.0,0.0,0.9954819277108434,0.9954819277108434,-0.029999999329447746,0.029999999329447746,0.002015991834923625
HUMAN_CONTROL_desk__ycb_apple-ycb_banana-ycb_bowl_wrapper__localpatched_teleop_2026-01-09_15-52-23,/root/repo/cdpr_synth_10hz/videos/HUMAN_CONTROL_desk__ycb_apple-ycb_banana-ycb_bowl_wrapper__localpatched_teleop_2026-01-09_15-52-23/trajectory_data.npz,ok,764,0.0013089005235602095,0.01963350785340314,0.006461310666054487,0.0014132880605757236,0.029490610584616737,0.08726856857538223,ee_position,"(764, 6)","(764, 3)",0.002617801047120419,0.07853403141361257,-0.006539329886436462,0.0018012858927249908,0.0011670783860608935,0.002617801047120419,0.07068062827225131,-0.008037358522415161,0.0068672895431518555,0.002626968314871192,0.002617801047120419,0.041884816753926704,-0.02660077065229416,0.006146952509880066,0.0016691623022779822,0.9515706806282722,0.9515706806282722,-0.08726644515991211,0.08726644515991211,0.01920137368142605,0.9973821989528796,0.9973821989528796,-0.029999999329447746,0.029999999329447746,0.0015349335735663772
HUMAN_CONTROL_desk__ycb_apple-ycb_banana-ycb_bowl_wrapper__localpatched_teleop_2026-01-09_15-54-12,/root/repo/cdpr_synth_10hz/videos/HUMAN_CONTROL_desk__ycb_apple-ycb_banana-ycb_bowl_wrapper__localpatched_teleop_2026-01-09_15-54-12/trajectory_data.npz,ok,774,0.0012919896640826874,0.021963824289405683,0.0069208526983857155,0.0023890159791335464,0.014999619126318262,0.0872800424695015,ee_position,"(774, 6)","(774, 3)",0.002583979328165375,0.07235142118863049,-0.007714569568634033,0.008546575903892517,0.003162460634484887,0.002583979328165375,0.06847545219638243,-0.006490185856819153,0.003199554979801178,0.0014109561452642083,0.003875968992248062,0.03229974160206718,-0.02660077065229416,0.0063556283712387085,0.0017614170210435987,0.9534883720930233,0.9534883720930233,-0.08726668357849121,0.08726668357849121,0.018820367753505707,0.9974160206718347,0.9974160206718347,-0.029999999329447746,0.029999999329447746,0.001524985651485622
HUMAN_CONTROL_desk__ycb_apple-ycb_banana-ycb_bowl_wrapper__localpatched_teleop_2026-01-09_15-55-16,/root/repo/cdpr_synth_10hz/videos/HUMAN_CONTROL_desk__ycb_apple-ycb_banana-ycb_bowl_wrapper__localpatched_teleop_2026-01-09_15-55-16/trajectory_data.npz,ok,726,0.0013774104683195593,0.04269972451790634,0.007669821847230196,0.0011123298318125308,0.08726648055016994,0.08726801723241806,ee_position,"(726, 6)","(726, 3)",0.0027548209366391185,0.11707988980716254,-0.0039512887597084045,0.004297778010368347,0.0011702197371050715,0.0027548209366391185,0.11570247933884298,-0.00548873096704483,0.007494769990444183,0.001950507634319365,0.02203856749311295,0.04269972451790634,-0.02660077065229416,0.0049947649240493774,0.0016791167436167598,0.9338842975206612,0.9338842975206612,-0.08726668357849121,0.08726644515991211,0.022334245964884758,0.9958677685950413,0.9958677685950413,-0.029999999329447746,0.029999999329447746,0.0019280301639810205
HUMAN_CONTROL_desk__ycb_apple-ycb_banana-ycb_bowl_wrapper__localpatched_teleop_2026-01-09_15-56-34,/root/repo/cdpr_synth_10hz/videos/HUMAN_CONTROL_desk__ycb_apple-ycb_banana-ycb_bowl_wrapper__localpatched_teleop_2026-01-09_15-56-34/trajectory_data.npz,ok,901,0.0011098779134295228,0.03440621531631521,0.007503795437514782,0.0008198381983675063,0.0872664824128151,0.08727558702230453,ee_position,"(901, 6)","(901, 3)",0.0022197558268590455,0.12874583795782463,-0.0012246295809745789,0.00476682186126709,0.0008805450052022934,0.0022197558268590455,0.19866814650388456,-0.004986383020877838,0.005926735699176788,0.0012303743278607726,0.017758046614872364,0.06881243063263041,-0.02660077065229416,0.0050138384103775024,0.0014793063746765256,0.9289678135405105,0.9289678135405105,-0.08726668357849121,0.08726644515991211,0.023075921460986137,0.9966703662597114,0.9966703662597114,-0.029999999329447746,0.029999999329447746,0.0017307690577581525
HUMAN_CONTROL_desk__ycb_apple-ycb_banana-ycb_c_cups-ycb_fork_wrapper__localpatched_teleop_2026-01-13_12-37-21,/root/repo/cdpr_synth_10hz/videos/HUMAN_CONTROL_desk__ycb_apple-ycb_banana-ycb_c_cups-ycb_fork_wrapper__localpatched_teleop_2026-01-13_12-37-21/trajectory_data.npz,ok,602,0.0016611295681063123,0.05149501661129568,0.0017711053369566798,0.0008227398502640426,0.005807629646733393,0.03010282665491104,ee_position,"(602, 6)","(602, 3)",0.0033222591362126247,0.14950166112956811,-0.004342891275882721,0.0072857290506362915,0.0019174052868038416,0.0049833887043189366,0.19601328903654486,-0.002131909132003784,0.0036820657551288605,0.0010811790125444531,0.026578073089700997,0.09634551495016612,-0.02660077065229416,0.0036046281456947327,0.0014846198027953506,1.0,1.0,0.0,0.0,0.0,0.9950166112956811,0.9950166112956811,-0.029999999329447746,0.029999999329447746,0.0021172072738409042
HUMAN_CONTROL_desk__ycb_apple-ycb_banana-ycb_c_cups-ycb_fork_wrapper__localpatched_teleop_2026-01-13_12-38-20,/root/repo/cdpr_synth_10hz/videos/HUMAN_CONTROL_desk__ycb_apple-ycb_banana-ycb_c_cups-ycb_fork_wrapper__localpatched_teleop_2026-01-13_12-38-20/trajectory_data.npz,ok,890,0.0011235955056179776,0.0348314606741573,0.002284657908603549,0.0008935178630053997,0.004115288471803069,0.08726762235164642,ee_position,"(890, 6)","(890, 3)",0.0022471910112359553,0.15168539325842698,-0.0032483749091625214,0.0018227994441986084,0.0006609162664972246,0.0022471910112359553,0.1707865168539326,-0.0030082017183303833,0.0009043216705322266,0.0006698986398987472,0.017977528089887642,0.0348314606741573,-0.02660077065229416,0.00553537905216217,0.0017373434966430068,0.9898876404494382,0.9898876404494382,0.0,0.08726644515991211,0.008731049485504627,0.996629213483146,0.996629213483146,-0.029999999329447746,0.029999999329447746,0.0017414281610399485
HUMAN_CONTROL_desk__ycb_apple-ycb_banana-ycb_d_cups-ycb_fork_wrapper__localpatched_teleop_2026-01-13_12-18-47,/root/repo/cdpr_synth_10hz/videos/HUMAN_CONTROL_desk__ycb_apple-ycb_banana-ycb_d_cups-ycb_fork_wrapper__localpatched_teleop_2026-01-13_12-18-47/trajectory_data.npz,ok,587,0.0017035775127768314,0.056218057921635436,0.0016711317002773285,0.0011197354178875685,0.0056383720133453465,0.03074716590344906,ee_position,"(587, 6)","(587, 3)",0.0034071550255536627,0.28620102214650767,-0.005060207098722458,0.003911241888999939,0.0011842234525829554,0.0034071550255536627,0.17717206132879046,-0.0023626983165740967,0.005119845271110535,0.0013426369987428188,0.027257240204429302,0.0817717206132879,-0.02660077065229416,0.005400151014328003,0.001777638215571642,1.0,1.0,0.0,0.0,0.0,0.9948892674616695,0.9948892674616695,-0.029999999329447746,0.029999999329447746,0.002144072437658906
HUMAN_CONTROL_desk__ycb_apple-ycb_banana-ycb_d_cups-ycb_fork_wrapper__localpatched_teleop_2026-01-13_12-20-06,/root/repo/cdpr_synth_10hz/videos/HUMAN_CONTROL_desk__ycb_apple-ycb_banana-ycb_d_cups-ycb_fork_wrapper__localpatched_teleop_2026-01-13_12-20-06/trajectory_data.npz,ok,594,0.0016835016835016834,0.05218855218855219,0.004182802047580481,0.0010290101636201143,0.008097229106351734,0.0872684121131897,ee_position,"(594, 6)","(594, 3)",0.003367003367003367,0.15656565656565657,-0.005531132221221924,0.002316027879714966,0.001173577387817204,0.003367003367003367,0.13468013468013468,-0.003579147160053253,0.007039763033390045,0.0018296887865290046,0.026936026936026935,0.05218855218855219,-0.02660077065229416,0.00470443069934845,0.0017816332401707768,0.9730639730639731,0.9730639730639731,-0.08726644515991211,0.08726644515991211,0.014319328591227531,0.9949494949494949,0.9949494949494949,-0.029999999329447746,0.029999999329447746,0.002131408778950572
HUMAN_CONTROL_desk__ycb_apple-ycb_banana-ycb_d_cups-ycb_fork_wrapper__localpatched_teleop_2026-01-13_12-23-43,/root/repo/cdpr_synth_10hz/videos/HUMAN_CONTROL_desk__ycb_apple-ycb_banana-ycb_d_cups-ycb_fork_wrapper__localpatched_teleop_2026-01-13_12-23-43/trajectory_data.npz,ok,728,0.0013736263736263737,0.046703296703296704,0.0011646980419754982,0.0003151346754748374,0.0045409498270601,0.030155707150697708,ee_position,"(728, 6)","(728, 3)",0.0027472527472527475,0.1510989010989011,-0.0022667795419692993,0.001842966303229332,0.0004981326637789607,0.0027472527472527475,0.24175824175824176,-0.00692487508058548,0.0021171635016798973,0.0013619248056784272,0.024725274725274724,0.2087912087912088,-0.02660077065229416,0.004134029150009155,0.0014376440085470676,1.0,1.0,0.0,0.0,0.0,0.9958791208791209,0.9958791208791209,-0.029999999329447746,0.029999999329447746,0.0019253811333328485
HUMAN_CONTROL_desk__ycb_apple-ycb_banana-ycb_d_cups-ycb_fork_wrapper__localpatched_teleop_2026-01-13_12-24-39,/root/repo/cdpr_synth_10hz/videos/HUMAN_CONTROL_desk__ycb_apple-ycb_banana-ycb_d_cups-ycb_fork_wrapper__localpatched_teleop_2026-01-13_12-24-39/trajectory_data.npz,ok,712,0.0014044943820224719,0.04353932584269663,0.004130274523049593,0.0008706816006451845,0.006924932682886719,0.08726794272661209,ee_position,"(712, 6)","(712, 3)",0.0028089887640449437,0.20646067415730338,-0.005208536982536316,0.004417791962623596,0.0012633117148652673,0.0028089887640449437,0.14325842696629212,-0.006428144872188568,0.0062285661697387695,0.0017557598184794188,0.02247191011235955,0.046348314606741575,-0.02660077065229416,0.005494788289070129,0.0017859963700175285,0.973314606741573,0.973314606741573,0.0,0.08726668357849121,0.014064062386751175,0.9957865168539326,0.9957865168539326,-0.029999999329447746,0.029999999329447746,0.0019468847895041108
HUMAN_CONTROL_desk__ycb_apple-ycb_banana-ycb_d_cups-ycb_fork_wrapper__localpatched_teleop_2026-01-13_12-26-06,/root/repo/cdpr_synth_10hz/videos/HUMAN_CONTROL_desk__ycb_apple-ycb_banana-ycb_d_cups-ycb_fork_wrapper__localpatched_teleop_2026-01-13_12-26-06/trajectory_data.npz,ok,637,0.0015698587127158557,0.04866562009419152,0.0016236228402704,0.0006037296261638403,0.006394473463296882,0.030351005494594574,ee_position,"(637, 6)","(637, 3)",0.0031397174254317113,0.16169544740973313,-0.003908265382051468,0.0078033762983977795,0.0020205939654260874,0.0031397174254317113,0.15698587127158556,-0.003254622220993042,0.0011175386607646942,0.0007138149812817574,0.02511773940345369,0.08006279434850863,-0.02660077065229416,0.003955066204071045,0.001463274355046451,1.0,1.0,0.0,0.0,0.0,0.9952904238618524,0.9952904238618524,-0.029999999329447746,0.029999999329447746,0.0020582517609000206
HUMAN_CONTROL_desk__ycb_apple-ycb_banana-ycb_d_cups-ycb_fork_wrapper__localpatched_teleop_2026-01-13_12-39-55,/root/repo/cdpr_synth_10hz/videos/HUMAN_CONTROL_desk__ycb_apple-ycb_banana-ycb_d_cups-ycb_fork_wrapper__localpatched_teleop_2026-01-13_12-39-55/trajectory_data.npz,ok,612,0.0016339869281045752,0.05065359477124183,0.001541885663755238,0.0008132994407787919,0.004247029288671909,0.030249975621700287,ee_position,"(612, 6)","(612, 3)",0.0032679738562091504,0.19444444444444445,-0.003460623323917389,0.0012592077255249023,0.0007943430100567639,0.0032679738562091504,0.25163398692810457,-0.005517050623893738,0.002202387899160385,0.0010708051268011332,0.026143790849673203,0.05065359477124183,-0.02660077065229416,0.004502087831497192,0.0017765715019777417,1.0,1.0,0.0,0.0,0.0,0.9950980392156863,0.9950980392156863,-0.029999999329447746,0.029999999329447746,0.002099847886711359
HUMAN_CONTROL_desk__ycb_apple-ycb_banana-ycb_d_cups-ycb_fork_wrapper__localpatched_teleop_2026-01-13_12-40-39,/root/repo/cdpr_synth_10hz/videos/HUMAN_CONTROL_desk__ycb_apple-ycb_banana-ycb_d_cups-ycb_fork_wrapper__localpatched_teleop_2026-01-13_12-40-39/trajectory_data.npz,ok,823,0.001215066828675577,0.053462940461725394,0.00752396322786808,0.0006922496249899268,0.08726683259010315,0.08727419376373291,ee_position,"(823, 6)","(823, 3)",0.002430133657351154,0.14580801944106925,-0.002791173756122589,0.001833692193031311,0.0007019747863523662,0.002430133657351154,0.2976913730255164,-0.003709975630044937,0.0011916384100914001,0.000611444003880024,0.019441069258809233,0.14094775212636695,-0.02660077065229416,0.00456024706363678,0.0013211529003456235,0.9246658566221142,0.9246658566221142,-0.08726668357849121,0.08726668357849121,0.02394363284111023,0.9963547995139733,0.9963547995139733,-0.029999999329447746,0.029999999329447746,0.0018108980730175972
HUMAN_CONTROL_desk__ycb_apple-ycb_banana-ycb_e_cups-ycb_fork_wrapper__localpatched_teleop_2026-01-13_12-27-30,/root/repo/cdpr_synth_10hz/videos/HUMAN_CONTROL_desk__ycb_apple-ycb_banana-ycb_e_cups-ycb_fork_wrapper__localpatched_teleop_2026-01-13_12-27-30/trajectory_data.npz,ok,527,0.0018975332068311196,0.06072106261859583,0.0023186292964965105,0.001861021970398724,0.007875370047986507,0.0300440676510334,ee_position,"(527, 6)","(527, 3)",0.003795066413662239,0.17647058823529413,-0.007601557299494743,0.0026756301522254944,0.0019823655020445585,0.003795066413662239,0.19924098671726756,-0.006922559812664986,0.004157148767262697,0.0019262920832261443,0.030360531309297913,0.06072106261859583,-0.02660077065229416,0.003717772662639618,0.001637377543374896,1.0,1.0,0.0,0.0,0.0,0.9943074003795066,0.9943074003795066,-0.029999999329447746,0.029999999329447746,0.002262763911858201
HUMAN_CONTROL_desk__ycb_apple-ycb_banana-ycb_e_cups-ycb_fork_wrapper__localpatched_teleop_2026-01-13_12-28-32,/root/repo/cdpr_synth_10hz/videos/HUMAN_CONTROL_desk__ycb_apple-ycb_banana-ycb_e_cups-ycb_fork_wrapper__localpatched_teleop_2026-01-13_12-28-32/trajectory_data.npz,ok,702,0.0014245014245014246,0.04415954415954416,0.0035094134509563446,0.0005922486598137766,0.005563981877639881,0.08727046847343445,ee_position,"(702, 6)","(702, 3)",0.002849002849002849,0.21652421652421652,-0.002700203098356724,0.0006033179815858603,0.0004737973213195801,0.002849002849002849,0.16951566951566951,-0.0059510949067771435,0.0021497728303074837,0.0011809510178864002,0.022792022792022793,0.07834757834757834,-0.02660077065229416,0.004947483539581299,0.0016080422792583704,0.9743589743589743,0.9743589743589743,-0.08726668357849121,0.0,0.013793501071631908,0.9957264957264957,0.9957264957264957,-0.029999999329447746,0.029999999329447746,0.0019606954883784056
HUMAN_CONTROL_desk__ycb_apple-ycb_banana-ycb_e_cups-ycb_fork_wrapper__localpatched_teleop_2026-01-13_12-42-00,/root/repo/cdpr_synth_10hz/videos/HUMAN_CONTROL_desk__ycb_apple-ycb_banana-ycb_e_cups-ycb_fork_wrapper__localpatched_teleop_2026-01-13_12-42-00/trajectory_data.npz,ok,741,0.001349527665317139,0.04183535762483131,0.003046169877052307,0.0007870718836784363,0.004453742876648903,0.08726772665977478,ee_position,"(741, 6)","(741, 3)",0.004048582995951417,0.16464237516869096,-0.0023736804723739624,0.0029575731605291367,0.0007037748000584543,0.002699055330634278,0.23346828609986506,-0.002139788120985031,0.003961473703384399,0.0009147340897470713,0.021592442645074223,0.0553306342780027,-0.02660077065229416,0.004633814096450806,0.0015646300744265318,0.979757085020243,0.979757085020243,0.0,0.08726644515991211,0.012289749458432198,0.9959514170040485,0.9959514170040485,-0.029999999329447746,0.029999999329447746,0.0019084247760474682
HUMAN_CONTROL_desk__ycb_apple-ycb_banana-ycb_e_cups-ycb_fork_wrapper__localpatched_teleop_2026-01-13_12-43-47,/root/repo/cdpr_synth_10hz/videos/HUMAN_CONTROL_desk__ycb_apple-ycb_banana-ycb_e_cups-ycb_fork_wrapper__localpatched_teleop_2026-01-13_12-43-47/trajectory_data.npz,ok,1338,0.0007473841554559044,0.02765321375186846,0.004233294166624546,0.0013803445035591722,0.005544016766361876,0.08727362006902695,ee_position,"(1338, 6)","(1338, 3)",0.0014947683109118087,0.08295964125560538,-0.004619065672159195,0.004322022199630737,0.001010734704323113,0.0014947683109118087,0.07847533632286996,-0.003216993063688278,0.006208166480064392,0.0012084771879017353,0.01195814648729447,0.032137518684603884,-0.02660077065229416,0.004329994320869446,0.0013654236681759357,0.9701046337817638,0.9701046337817638,-0.08726644515991211,0.08726644515991211,0.015079584904015064,0.9962630792227205,0.9962630792227205,-0.029999999329447746,0.029999999329447746,0.0018337736837565899
HUMAN_CONTROL_desk__ycb_apple-ycb_banana-ycb_f_cups-ycb_fork_wrapper__localpatched_teleop_2026-01-13_12-45-12,/root/repo/cdpr_synth_10hz/videos/HUMAN_CONTROL_desk__ycb_apple-ycb_banana-ycb_f_cups-ycb_fork_wrapper__localpatched_teleop_2026-01-13_12-45-12/trajectory_data.npz,ok,676,0.0014792899408284023,0.04585798816568047,0.001529786386527121,0.00088393414625898,0.004280218156054616,0.03024439886212349,ee_position,"(676, 6)","(676, 3)",0.0029585798816568047,0.15088757396449703,-0.0026904651895165443,0.0009443312883377075,0.0005275129806250334,0.0029585798816568047,0.14792899408284024,-0.005815476179122925,0.004153065383434296,0.0013497509062290192,0.023668639053254437,0.04585798816568047,-0.02660077065229416,0.004559844732284546,0.0016662435373291373,1.0,1.0,0.0,0.0,0.0,0.9955621301775148,0.9955621301775148,-0.029999999329447746,0.029999999329447746,0.0019980273209512234
HUMAN_CONTROL_desk__ycb_apple-ycb_banana-ycb_f_cups-ycb_fork_wrapper__localpatched_teleop_2026-01-13_12-46-07,/root/repo/cdpr_synth_10hz/videos/HUMAN_CONTROL_desk__ycb_apple-ycb_banana-ycb_f_cups-ycb_fork_wrapper__localpatched_teleop_2026-01-13_12-46-07/trajectory_data.npz,ok,662,0.0015105740181268882,0.04682779456193353,0.004500566050410271,0.001379357127007097,0.006536803441122173,0.08726802468299866,ee_position,"(662, 6)","(662, 3)",0.0030211480362537764,0.1283987915407855,-0.0020429417490959167,0.003988705575466156,0.0010187949519604445,0.0030211480362537764,0.21450151057401812,-0.006880730390548706,0.006340742111206055,0.0018900439608842134,0.02416918429003021,0.0513595166163142,-0.02660077065229416,0.004465416073799133,0.001760403043590486,0.9712990936555891,0.9712990936555891,-0.08726668357849121,0.0,0.014570407569408417,0.9954682779456193,0.9954682779456193,-0.029999999329447746,0.029999999329447746,0.0020190333016216755
HUMAN_CONTROL_desk__ycb_apple-ycb_banana-ycb_fork-ycb_g_cups_wrapper__localpatched_teleop_2026-01-13_12-13-35,/root/repo/cdpr_synth_10hz/videos/HUMAN_CONTROL_desk__ycb_apple-ycb_banana-ycb_fork-ycb_g_cups_wrapper__localpatched_teleop_2026-01-13_12-13-35/trajectory_data.npz,ok,755,0.0013245033112582781,0.04105960264900662,0.0036928902845829725,0.0008950888295657933,0.006425911653786896,0.08727078139781952,ee_position,"(755, 6)","(755, 3)",0.0026490066225165563,0.12847682119205298,-0.004590645432472229,0.002620857208967209,0.0011727124219760299,0.0026490066225165563,0.14701986754966886,-0.006262223236262798,0.0031545832753181458,0.0015721307136118412,0.02119205298013245,0.04370860927152318,-0.02660077065229416,0.0033249855041503906,0.001357388449832797,0.976158940397351,0.976158940397351,0.0,0.08726668357849121,0.01331283152103424,0.9960264900662251,0.9960264900662251,-0.029999999329447746,0.029999999329447746,0.0018906558398157358
HUMAN_CONTROL_desk__ycb_apple-ycb_banana-ycb_fork-ycb_g_cups_wrapper__localpatched_teleop_2026-01-13_12-16-08,/root/repo/cdpr_synth_10hz/videos/HUMAN_CONTROL_desk__ycb_apple-ycb_banana-ycb_fork-ycb_g_cups_wrapper__localpatched_teleop_2026-01-13_12-16-08/trajectory_data.npz,ok,572,0.0017482517482517483,0.0944055944055944,0.0019888323731720448,0.001388046599458903,0.006483692792244253,0.030534518882632256,ee_position,"(572, 6)","(572, 3)",0.0034965034965034965,0.20279720279720279,-0.0061383843421936035,0.004566077142953873,0.001563822035677731,0.005244755244755245,0.24125874125874125,-0.0051543228328228,0.005518011748790741,0.0015565805369988084,0.03496503496503497,0.0944055944055944,-0.02660077065229416,0.0051063597202301025,0.0017836041515693069,1.0,1.0,0.0,0.0,0.0,0.9947552447552448,0.9947552447552448,-0.029999999329447746,0.029999999329447746,0.0021719872020184994
HUMAN_CONTROL_desk__ycb_apple-ycb_banana-ycb_fork-ycb_g_cups_wrapper__localpatched_teleop_2026-01-13_12-17-08,/root/repo/cdpr_synth_10hz/videos/HUMAN_CONTROL_desk__ycb_apple-ycb_banana-ycb_fork-ycb_g_cups_wrapper__localpatched_teleop_2026-01-13_12-17-08/trajectory_data.npz,ok,1014,0.0009861932938856016,0.0009861932938856016,0.004515358246862888,0.0008649707597214729,0.008034998411312699,0.08728444576263428,ee_position,"(1014, 6)","(1014, 3)",0.0009861932938856016,0.007889546351084813,-0.0049718692898750305,0.007808588445186615,0.0016766320914030075,0.0009861932938856016,0.006903353057199211,-0.005410224199295044,0.002209991216659546,0.0010784616461023688,0.0019723865877712033,0.03944773175542406,-0.019801892340183258,0.004083991050720215,0.0010134169133380055,0.9644970414201184,0.9644970414201184,-0.08726644515991211,0.08726644515991211,0.016442041844129562,0.9970414201183432,0.9970414201183432,-0.029999999329447746,0.029999999329447746,0.001631516613997519
HUMAN_CONTROL_desk__ycb_apple-ycb_banana-ycb_fork-ycb_g_cups_wrapper__localpatched_teleop_2026-01-13_12-35-03,/root/repo/cdpr_synth_10hz/videos/HUMAN_CONTROL_desk__ycb_apple-ycb_banana-ycb_fork-ycb_g_cups_wrapper__localpatched_teleop_2026-01-13_12-35-03/trajectory_data.npz,ok,546,0.0018315018315018315,0.056776556776556776,0.002294152043759823,0.0013165879645384848,0.007874186732806265,0.030166635289788246,ee_position,"(546, 6)","(546, 3)",0.003663003663003663,0.1813186813186813,-0.0077778734266757965,0.004396442323923111,0.002209251746535301,0.003663003663003663,0.22893772893772893,-0.006717026233673096,0.003691505640745163,0.0018585850484669209,0.029304029304029304,0.056776556776556776,-0.02660077065229416,0.003632187843322754,0.0016592772444710135,1.0,1.0,0.0,0.0,0.0,0.9963369963369964,0.9963369963369964,-0.029999999329447746,0.029999999329447746,0.0018156826263293624
HUMAN_CONTROL_desk__ycb_apple-ycb_banana-ycb_fork-ycb_g_cups_wrapper__localpatched_teleop_2026-01-13_12-36-02,/root/repo/cdpr_synth_10hz/videos/HUMAN_CONTROL_desk__ycb_apple-ycb_banana-ycb_fork-ycb_g_cups_wrapper__localpatched_teleop_2026-01-13_12-36-02/trajectory_data.npz,ok,829,0.0012062726176115801,0.06996381182147166,0.002941759768873453,0.0007663466967642307,0.005881206598132845,0.08727393299341202,ee_position,"(829, 6)","(829, 3)",0.0024125452352231603,0.2448733413751508,-0.0071024103090167046,0.003094162791967392,0.0014208503998816013,0.0024125452352231603,0.25814234016887816,-0.0023903772234916687,0.001856297254562378,0.0006129432586021721,0.019300361881785282,0.09891435464414958,-0.02660077065229416,0.004689708352088928,0.0014952105702832341,0.9819059107358263,0.9819059107358263,-0.08726644515991211,0.0,0.01163189671933651,0.9963811821471653,0.9963811821471653,-0.029999999329447746,0.029999999329447746,0.0018043352756649256
HUMAN_CONTROL_desk__ycb_apple-ycb_banana-ycb_peach_wrapper__localpatched_teleop_2026-01-13_11-24-34,/root/repo/cdpr_synth_10hz/videos/HUMAN_CONTROL_desk__ycb_apple-ycb_banana-ycb_peach_wrapper__localpatched_teleop_2026-01-13_11-24-34/trajectory_data.npz,ok,1456,0.0006868131868131869,0.021291208791208792,0.003968583419919014,0.0010600051609799266,0.00811502430588007,0.08728780597448349,ee_position,"(1456, 6)","(1456, 3)",0.0013736263736263737,0.05425824175824176,-0.006335310637950897,0.008024416863918304,0.0021146887447685003,0.0013736263736263737,0.05563186813186813,-0.006075859069824219,0.005031391978263855,0.0015214156592264771,0.01098901098901099,0.06043956043956044,-0.02660077065229416,0.004665732383728027,0.0012476129923015833,0.9766483516483516,0.9766483516483516,-0.08726644515991211,0.08726644515991211,0.013335401192307472,0.9951923076923077,0.9951923076923077,-0.029999999329447746,0.029999999329447746,0.0020800235215574503
HUMAN_CONTROL_desk__ycb_apple-ycb_banana-ycb_peach_wrapper__localpatched_teleop_2026-01-13_11-26-04,/root/repo/cdpr_synth_10hz/videos/HUMAN_CONTROL_desk__ycb_apple-ycb_banana-ycb_peach_wrapper__localpatched_teleop_2026-01-13_11-26-04/trajectory_data.npz,ok,816,0.0012254901960784314,0.0012254901960784314,0.002475503832101822,0.0011601030710153282,0.008565627969801426,0.03080778568983078,ee_position,"(816, 6)","(816, 3)",0.0024509803921568627,0.09803921568627451,-0.006317570805549622,0.008669883012771606,0.002808009274303913,0.0024509803921568627,0.03308823529411765,-0.005685087293386459,0.004583463072776794,0.0013593360781669617,0.01838235294117647,0.05024509803921569,-0.02660077065229416,0.005001962184906006,0.0016773814568296075,1.0,1.0,0.0,0.0,0.0,0.9938725490196079,0.9938725490196079,-0.029999999329447746,0.029999999329447746,0.0023480530362576246
HUMAN_CONTROL_desk__ycb_apple-ycb_banana-ycb_peach_wrapper__localpatched_teleop_2026-01-13_11-40-24,/root/repo/cdpr_synth_10hz/videos/HUMAN_CONTROL_desk__ycb_apple-ycb_banana-ycb_peach_wrapper__localpatched_teleop_2026-01-13_11-40-24/trajectory_data.npz,ok,1444,0.0006925207756232687,0.02146814404432133,0.0017934255301952362,0.000870683608809486,0.007032163231633602,0.030142508447170258,ee_position,"(1444, 6)","(1444, 3)",0.0013850415512465374,0.0865650969529086,-0.00456894189119339,0.005119882524013519,0.0010597024811431766,0.0013850415512465374,0.0685595567867036,-0.007803916931152344,0.0044435858726501465,0.0019959514029324055,0.0110803324099723,0.0443213296398892,-0.02660077065229416,0.0032181963324546814,0.001101017347536981,1.0,1.0,0.0,0.0,0.0,0.9923822714681441,0.9923822714681441,-0.029999999329447746,0.029999999329447746,0.0026183053851127625
HUMAN_CONTROL_desk__ycb_apple-ycb_banana-ycb_peach_wrapper__localpatched_teleop_2026-01-13_11-42-44,/root/repo/cdpr_synth_10hz/videos/HUMAN_CONTROL_desk__ycb_apple-ycb_banana-ycb_peach_wrapper__localpatched_teleop_2026-01-13_11-42-44/trajectory_data.npz,ok,1079,0.0009267840593141798,0.028730305838739572,0.0030876891687512398,0.0005502402782440186,0.0075563596561551,0.08728502690792084,ee_position,"(1079, 6)","(1079, 3)",0.0018535681186283596,0.07414272474513438,-0.004613347351551056,0.0024157213047146797,0.0008086274028755724,0.0018535681186283596,0.15291936978683968,-0.008166998624801636,0.0010268092155456543,0.0016126236878335476,0.014828544949026877,0.0685820203892493,-0.02660077065229416,0.003910176455974579,0.0011805283138528466,0.9796107506950881,0.9796107506950881,-0.08726644515991211,0.08726668357849121,0.012375527061522007,0.9935125115848007,0.9935125115848007,-0.029999999329447746,0.029999999329447746,0.0024161883629858494
HUMAN_CONTROL_desk__ycb_apple-ycb_banana-ycb_peach_wrapper__localpatched_teleop_2026-01-13_11-43-51,/root/repo/cdpr_synth_10hz/videos/HUMAN_CONTROL_desk__ycb_apple-ycb_banana-ycb_peach_wrapper__localpatched_teleop_2026-01-13_11-43-51/trajectory_data.npz,ok,512,0.001953125,0.060546875,0.001705982256680727,0.0009690584556665272,0.0059819003101438265,0.03027513064444065,ee_position,"(512, 6)","(512, 3)",0.00390625,0.216796875,-0.004168784245848656,0.0012303409166634083,0.0008027305011637509,0.00390625,0.1953125,-0.006603747606277466,0.000788375735282898,0.0015225375536829233,0.03125,0.087890625,-0.02660077065229416,0.004134088754653931,0.0015664648963138461,1.0,1.0,0.0,0.0,0.0,0.994140625,0.994140625,-0.029999999329447746,0.029999999329447746,0.0022956489119678736
HUMAN_CONTROL_desk__ycb_apple-ycb_banana-ycb_peach_wrapper__localpatched_teleop_2026-01-13_11-45-05,/root/repo/cdpr_synth_10hz/videos/HUMAN_CONTROL_desk__ycb_apple-ycb_banana-ycb_peach_wrapper__localpatched_teleop_2026-01-13_11-45-05/trajectory_data.npz,ok,1432,0.0006983240223463687,0.024441340782122904,0.0042757573537528515,0.0010109866852872074,0.00845387629233301,0.08727138489484787,ee_position,"(1432, 6)","(1432, 3)",0.0013966480446927375,0.1403631284916201,-0.00346321240067482,0.005401939153671265,0.0011546030873432755,0.0013966480446927375,0.1403631284916201,-0.008458852767944336,0.003159826621413231,0.00196630391292274,0.011871508379888268,0.039804469273743016,-0.02660077065229416,0.004197761416435242,0.0012569716200232506,0.9706703910614525,0.9706703910614525,-0.08726668357849121,0.08726668357849121,0.014943170361220837,0.9951117318435754,0.9951117318435754,-0.029999999329447746,0.029999999329447746,0.0020973801147192717
HUMAN_CONTROL_desk__ycb_apple-ycb_banana-ycb_pear_wrapper__localpatched_teleop_2026-01-12_14-34-36,/root/repo/cdpr_synth_10hz/videos/HUMAN_CONTROL_desk__ycb_apple-ycb_banana-ycb_pear_wrapper__localpatched_teleop_2026-01-12_14-34-36/trajectory_data.npz,ok,703,0.001422475106685633,0.005689900426742532,0.005362142808735371,0.000779380789026618,0.010018880479037762,0.08728381246328354,ee_position,"(703, 6)","(703, 3)",0.001422475106685633,0.031294452347083924,-0.007118493318557739,0.0009091943502426147,0.0015360054094344378,0.001422475106685633,0.029871977240398292,-0.007750153541564941,0.004501014947891235,0.0018683822127059102,0.001422475106685633,0.05689900426742532,-0.024737633764743805,0.005441218614578247,0.0016507869586348534,0.9587482219061166,0.9587482219061166,-0.08726644515991211,0.08726644515991211,0.017723847180604935,0.9957325746799431,0.9957325746799431,-0.029999999329447746,0.029999999329447746,0.001959301298484206
HUMAN_CONTROL_desk__ycb_apple-ycb_banana-ycb_pear_wrapper__localpatched_teleop_2026-01-12_14-35-54,/root/repo/cdpr_synth_10hz/videos/HUMAN_CONTROL_desk__ycb_apple-ycb_banana-ycb_pear_wrapper__localpatched_teleop_2026-01-12_14-35-54/trajectory_data.npz,ok,752,0.0013297872340425532,0.05053191489361702,0.004164868500083685,0.0004842332564294338,0.00958758359774947,0.08727755397558212,ee_position,"(752, 6)","(752, 3)",0.0026595744680851063,0.1502659574468085,-0.008403956890106201,0.0024819206446409225,0.0024061952717602253,0.0026595744680851063,0.1422872340425532,-0.006442498415708542,0.004672572016716003,0.001350052421912551,0.02127659574468085,0.07446808510638298,-0.02660077065229416,0.005071908235549927,0.0016111868899315596,0.973404255319149,0.973404255319149,-0.08726644515991211,0.08726644515991211,0.014231588691473007,0.9960106382978723,0.9960106382978723,-0.029999999329447746,0.029999999329447746,0.0018944216426461935
HUMAN_CONTROL_desk__ycb_apple-ycb_banana-ycb_pear_wrapper__localpatched_teleop_2026-01-12_14-54-13,/root/repo/cdpr_synth_10hz/videos/HUMAN_CONTROL_desk__ycb_apple-ycb_banana-ycb_pear_wrapper__localpatched_teleop_2026-01-12_14-54-13/trajectory_data.npz,ok,466,0.002145922746781116,0.06652360515021459,0.002551581244915724,0.0012258049682714045,0.008395383134484291,0.03017810545861721,ee_position,"(466, 6)","(466, 3)",0.004291845493562232,0.20815450643776823,-0.0021395916119217873,0.0018951594829559326,0.0005993763916194439,0.004291845493562232,0.19957081545064378,-0.004163049161434174,0.008558332920074463,0.003108202712610364,0.034334763948497854,0.06866952789699571,-0.02660077065229416,0.004725739359855652,0.0018263956299051642,1.0,1.0,0.0,0.0,0.0,0.9935622317596566,0.9935622317596566,-0.029999999329447746,0.029999999329447746,0.002406209707260132
HUMAN_CONTROL_desk__ycb_apple-ycb_banana-ycb_pear_wrapper__localpatched_teleop_2026-01-12_15-02-52,/root/repo/cdpr_synth_10hz/videos/HUMAN_CONTROL_desk__ycb_apple-ycb_banana-ycb_pear_wrapper__localpatched_teleop_2026-01-12_15-02-52/trajectory_data.npz,ok,387,0.002583979328165375,0.08010335917312661,0.002229077508673072,0.0008708851528353989,0.007626186171546578,0.03030787967145443,ee_position,"(387, 6)","(387, 3)",0.00516795865633075,0.24806201550387597,-0.0003927499055862427,0.008061587810516357,0.002327254507690668,0.00516795865633075,0.2661498708010336,-0.002628641203045845,0.0005027987062931061,0.0005247373483143747,0.041343669250646,0.08010335917312661,-0.02660077065229416,0.0036695897579193115,0.0018480120925232768,1.0,1.0,0.0,0.0,0.0,0.9922480620155039,0.9922480620155039,-0.029999999329447746,0.029999999329447746,0.002640214515849948
HUMAN_CONTROL_desk__ycb_apple-ycb_banana-ycb_pear_wrapper__localpatched_teleop_2026-01-12_15-03-38,/root/repo/cdpr_synth_10hz/videos/HUMAN_CONTROL_desk__ycb_apple-ycb_banana-ycb_pear_wrapper__localpatched_teleop_2026-01-12_15-03-38/trajectory_data.npz,ok,465,0.002150537634408602,0.06881720430107527,0.0037711309269070625,0.0013177660293877125,0.008230376057326788,0.08726727217435837,ee_position,"(465, 6)","(465, 3)",0.004301075268817204,0.2064516129032258,-0.0013766884803771973,0.007919102907180786,0.0021277207415550947,0.004301075268817204,0.2021505376344086,-0.004363067448139191,0.004402756690979004,0.0012948730727657676,0.034408602150537634,0.06881720430107527,-0.02660077065229416,0.004071414470672607,0.0016770093934610486,0.9806451612903225,0.9806451612903225,-0.08726644515991211,0.08726644515991211,0.012104337103664875,0.9956989247311828,0.9956989247311828,-0.029999999329447746,0.029999999329447746,0.001967477612197399
HUMAN_CONTROL_desk__ycb_apple-ycb_banana-ycb_pear_wrapper__localpatched_teleop_2026-01-12_15-04-16,/root/repo/cdpr_synth_10hz/videos/HUMAN_CONTROL_desk__ycb_apple-ycb_banana-ycb_pear_wrapper__localpatched_teleop_2026-01-12_15-04-16/trajectory_data.npz,ok,387,0.002583979328165375,0.08010335917312661,0.002591145457699895,0.0019551634322851896,0.0068064153660088765,0.030411534011363983,ee_position,"(387, 6)","(387, 3)",0.00516795865633075,0.2558139534883721,-0.0005782246589660645,0.007443875074386597,0.0021731944289058447,0.00516795865633075,0.2558139534883721,-0.0037537887692451477,0.0011583417654037476,0.0008424246334470809,0.041343669250646,0.08010335917312661,-0.02660077065229416,0.004756957292556763,0.002126482781022787,1.0,1.0,0.0,0.0,0.0,0.9922480620155039,0.9922480620155039,-0.029999999329447746,0.029999999329447746,0.002640214515849948
HUMAN_CONTROL_desk__ycb_apple-ycb_banana-ycb_pear_wrapper__localpatched_teleop_2026-01-12_15-10-12,/root/repo/cdpr_synth_10hz/videos/HUMAN_CONTROL_desk__ycb_apple-ycb_banana-ycb_pear_wrapper__localpatched_teleop_2026-01-12_15-10-12/trajectory_data.npz,ok,644,0.0015527950310559005,0.04813664596273292,0.01843852922320366,0.0014886589488014579,0.08726676218211651,0.08727274090051651,ee_position,"(644, 6)","(644, 3)",0.003105590062111801,0.16459627329192547,-0.0002584680914878845,0.007805883884429932,0.001766521600075066,0.003105590062111801,0.11801242236024845,-0.005968824028968811,0.00595632940530777,0.001565331476740539,0.024844720496894408,0.14906832298136646,-0.02660077065229416,0.005435734987258911,0.001639613532461226,0.8090062111801242,0.8090062111801242,-0.08726668357849121,0.08726668357849121,0.037905868142843246,0.9953416149068323,0.9953416149068323,-0.029999999329447746,0.029999999329447746,0.002047040732577443
HUMAN_CONTROL_desk__ycb_apple-ycb_banana-ycb_pear_wrapper__localpatched_teleop_2026-01-12_15-20-05,/root/repo/cdpr_synth_10hz/videos/HUMAN_CONTROL_desk__ycb_apple-ycb_banana-ycb_pear_wrapper__localpatched_teleop_2026-01-12_15-20-05/trajectory_data.npz,ok,494,0.0020242914979757085,0.06275303643724696,0.001977229956537485,0.0004121734236832708,0.007600520411506294,0.030298840254545212,ee_position,"(494, 6)","(494, 3)",0.004048582995951417,0.33805668016194335,-0.002826102077960968,0.003608912229537964,0.0012530948733910918,0.004048582995951417,0.2125506072874494,-0.007906615734100342,0.00016673654317855835,0.002124118385836482,0.032388663967611336,0.06275303643724696,-0.02660077065229416,0.003900185227394104,0.0016193807823583484,1.0,1.0,0.0,0.0,0.0,0.9939271255060729,0.9939271255060729,-0.029999999329447746,0.029999999329447746,0.0023370704147964716
HUMAN_CONTROL_desk__ycb_apple-ycb_banana-ycb_pear_wrapper__localpatched_teleop_2026-01-12_15-20-49,/root/repo/cdpr_synth_10hz/videos/HUMAN_CONTROL_desk__ycb_apple-ycb_banana-ycb_pear_wrapper__localpatched_teleop_2026-01-12_15-20-49/trajectory_data.npz,ok,525,0.0019047619047619048,0.05904761904761905,0.001959417713806033,0.0007033132133074105,0.007245768886059519,0.030364466831088066,ee_position,"(525, 6)","(525, 3)",0.0038095238095238095,0.16952380952380952,-0.005441427230834961,0.004324018955230713,0.0013438427122309804,0.0038095238095238095,0.1676190476190476,-0.0077475011348724365,0.001018524169921875,0.00213498342782259,0.030476190476190476,0.05904761904761905,-0.02660077065229416,0.004119738936424255,0.0015425898600369692,1.0,1.0,0.0,0.0,0.0,0.9942857142857143,0.9942857142857143,-0.029999999329447746,0.029999999329447746,0.0022670666221529245
HUMAN_CONTROL_desk__ycb_apple-ycb_banana-ycb_pear_wrapper__localpatched_teleop_2026-01-12_15-21-29,/root/repo/cdpr_synth_10hz/videos/HUMAN_CONTROL_desk__ycb_apple-ycb_banana-ycb_pear_wrapper__localpatched_teleop_2026-01-12_15-21-29/trajectory_data.npz,ok,1448,0.0006906077348066298,0.021408839779005526,0.007696117274463177,0.0014242358156479895,0.08726650215685368,0.08730681240558624,ee_position,"(1448, 6)","(1448, 3)",0.0020718232044198894,0.06837016574585636,-0.008114710450172424,0.003186240792274475,0.0017518746899440885,0.0013812154696132596,0.0718232044198895,-0.008160054683685303,0.0026466399431228638,0.0015904982574284077,0.011049723756906077,0.04696132596685083,-0.02660077065229416,0.004733249545097351,0.0012525578495115042,0.9323204419889503,0.9323204419889503,-0.08726668357849121,0.08726668357849121,0.022702625021338463,0.9965469613259669,0.9965469613259669,-0.029999999329447746,0.029999999329447746,0.0017627549823373556
HUMAN_CONTROL_desk__ycb_apple-ycb_banana-ycb_pear_wrapper__localpatched_teleop_2026-01-12_15-22-57,/root/repo/cdpr_synth_10hz/videos/HUMAN_CONTROL_desk__ycb_apple-ycb_banana-ycb_pear_wrapper__localpatched_teleop_2026-01-12_15-22-57/trajectory_data.npz,ok,548,0.0018248175182481751,0.05656934306569343,0.004739136900752783,0.001722675224300474,0.007997911190614104,0.08732371032238007,ee_position,"(548, 6)","(548, 3)",0.0036496350364963502,0.16605839416058393,-0.00569567084312439,0.003712773323059082,0.0016184494597837329,0.0036496350364963502,0.16423357664233576,-0.008078902959823608,0.0008748471736907959,0.0021517134737223387,0.029197080291970802,0.060218978102189784,-0.02660077065229416,0.004713147878646851,0.0018058611312881112,0.9726277372262774,0.9726277372262774,-0.08726644515991211,0.08726644515991211,0.014436975121498108,0.9945255474452555,0.9945255474452555,-0.029999999329447746,0.029999999329447746,0.002219010842964053
HUMAN_CONTROL_desk__ycb_apple-ycb_banana_wrapper__localpatched_teleop_2026-01-09_16-20-33,/root/repo/cdpr_synth_10hz/videos/HUMAN_CONTROL_desk__ycb_apple-ycb_banana_wrapper__localpatched_teleop_2026-01-09_16-20-33/trajectory_data.npz,ok,562,0.0017793594306049821,0.05516014234875445,0.001829764572903514,0.0007842610648367554,0.006460652756504703,0.030075332149863243,ee_position,"(562, 6)","(562, 3)",0.0035587188612099642,0.1298932384341637,-0.006169550120830536,0.004631631076335907,0.0016035850858315825,0.0035587188612099642,0.1387900355871886,-0.006142802536487579,0.0034692492336034775,0.001502249506302178,0.028469750889679714,0.05693950177935943,-0.02660077065229416,0.004392996430397034,0.0017458716174587607,1.0,1.0,0.0,0.0,0.0,0.994661921708185,0.994661921708185,-0.029999999329447746,0.029999999329447746,0.002191214356571436
HUMAN_CONTROL_desk__ycb_apple-ycb_banana_wrapper__localpatched_teleop_2026-01-09_16-22-12,/root/repo/cdpr_synth_10hz/videos/HUMAN_CONTROL_desk__ycb_apple-ycb_banana_wrapper__localpatched_teleop_2026-01-09_16-22-12/trajectory_data.npz,ok,718,0.001392757660167131,0.04317548746518106,0.0016512525035068393,0.001132357690948993,0.0038599681458435925,0.030081255361437798,ee_position,"(718, 6)","(718, 3)",0.002785515320334262,0.14066852367688024,-0.0065079182386398315,0.0009740293025970459,0.0012550692772492766,0.002785515320334262,0.18384401114206128,-0.0018328586593270302,0.000622795894742012,0.0002746527025010437,0.022284122562674095,0.04317548746518106,-0.02660077065229416,0.0036725103855133057,0.0017869044095277786,1.0,1.0,0.0,0.0,0.0,0.9958217270194986,0.9958217270194986,-0.029999999329447746,0.029999999329447746,0.0019387366482988
HUMAN_CONTROL_desk__ycb_apple-ycb_banana_wrapper__localpatched_teleop_2026-01-09_16-24-07,/root/repo/cdpr_synth_10hz/videos/HUMAN_CONTROL_desk__ycb_apple-ycb_banana_wrapper__localpatched_teleop_2026-01-09_16-24-07/trajectory_data.npz,ok,437,0.002288329519450801,0.002288329519450801,0.002222642069682479,0.0013667900348082185,0.006637075264006852,0.030055299401283264,ee_position,"(437, 6)","(437, 3)",0.002288329519450801,0.009153318077803204,-0.007563292980194092,0.0031808894127607346,0.0021318388171494007,0.002288329519450801,0.08466819221967964,-0.0039055123925209045,0.0015549957752227783,0.0010425476357340813,0.006864988558352402,0.05263157894736842,-0.02468101680278778,0.0037112534046173096,0.0016480234917253256,1.0,1.0,0.0,0.0,0.0,0.9931350114416476,0.9931350114416476,-0.029999999329447746,0.029999999329447746,0.002484708558768034
HUMAN_CONTROL_desk__ycb_apple-ycb_banana_wrapper__localpatched_teleop_2026-01-11_18-04-34,/root/repo/cdpr_synth_10hz/videos/HUMAN_CONTROL_desk__ycb_apple-ycb_banana_wrapper__localpatched_teleop_2026-01-11_18-04-34/trajectory_data.npz,ok,531,0.0018832391713747645,0.11487758945386065,0.0019473760621622205,0.0008694456773810089,0.0075892130844295025,0.03012136183679104,ee_position,"(531, 6)","(531, 3)",0.003766478342749529,0.2711864406779661,-0.0005902023985981941,0.007935255765914917,0.0020178817212581635,0.003766478342749529,0.2693032015065913,-0.003533497452735901,0.004145968705415726,0.0010394859127700329,0.05084745762711865,0.11487758945386065,-0.02660077065229416,0.0053646862506866455,0.0018587810918688774,1.0,1.0,0.0,0.0,0.0,0.9943502824858758,0.9943502824858758,-0.029999999329447746,0.029999999329447746,0.0022542302031069994
HUMAN_CONTROL_desk__ycb_apple-ycb_banana_wrapper__localpatched_teleop_2026-01-11_18-05-42,/root/repo/cdpr_synth_10hz/videos/HUMAN_CONTROL_desk__ycb_apple-ycb_banana_wrapper__localpatched_teleop_2026-01-11_18-05-42/trajectory_data.npz,ok,594,0.0016835016835016834,0.06565656565656566,0.00170147477183491,0.000986154715064913,0.006020757625810805,0.030069729313254356,ee_position,"(594, 6)","(594, 3)",0.003367003367003367,0.25925925925925924,-8.653849363327026e-05,0.007573366165161133,0.001652445294894278,0.003367003367003367,0.26262626262626265,-0.004717815667390823,0.0012585222721099854,0.0009095972054637969,0.026936026936026935,0.06734006734006734,-0.02660077065229416,0.004196092486381531,0.0015586473746225238,1.0,1.0,0.0,0.0,0.0,0.9949494949494949,0.9949494949494949,-0.029999999329447746,0.029999999329447746,0.002131408778950572
HUMAN_CONTROL_desk__ycb_apple-ycb_banana_wrapper__localpatched_teleop_2026-01-11_18-07-19,/root/repo/cdpr_synth_10hz/videos/HUMAN_CONTROL_desk__ycb_apple-ycb_banana_wrapper__localpatched_teleop_2026-01-11_18-07-19/trajectory_data.npz,ok,649,0.0015408320493066256,0.04160246533127889,0.0035048683639615774,0.001130407676100731,0.007195058465003969,0.08726856112480164,ee_position,"(649, 6)","(649, 3)",0.0030816640986132513,0.08782742681047766,-0.005105551332235336,0.007929354906082153,0.002103434642776847,0.0030816640986132513,0.12942989214175654,-0.0014787837862968445,0.003720102831721306,0.0006798524409532547,0.01848998459167951,0.04160246533127889,-0.02660077065229416,0.005267783999443054,0.0017871764721348882,0.9830508474576272,0.9830508474576272,-0.08726644515991211,0.0,0.011264431290328503,0.9953775038520801,0.9953775038520801,-0.029999999329447746,0.029999999329447746,0.002039144281297922
HUMAN_CONTROL_desk__ycb_apple-ycb_banana_wrapper__localpatched_teleop_2026-01-12_13-57-48,/root/repo/cdpr_synth_10hz/videos/HUMAN_CONTROL_desk__ycb_apple-ycb_banana_wrapper__localpatched_teleop_2026-01-12_13-57-48/trajectory_data.npz,ok,729,0.0013717421124828531,0.04252400548696845,0.004776428919285536,0.0008367821574211121,0.009018287621438503,0.08726920932531357,ee_position,"(729, 6)","(729, 3)",0.0027434842249657062,0.13031550068587106,-0.0061492919921875,0.006437487900257111,0.0020265751518309116,0.0027434842249657062,0.1906721536351166,-0.0004931613802909851,0.00785854458808899,0.0018599859904497862,0.02194787379972565,0.08367626886145405,-0.02660077065229416,0.005022525787353516,0.0014829507563263178,0.9684499314128944,0.9684499314128944,-0.08726668357849121,0.08726668357849121,0.015366398729383945,0.9958847736625515,0.9958847736625515,-0.029999999329447746,0.029999999329447746,0.0019240607507526875
HUMAN_CONTROL_desk__ycb_apple-ycb_banana_wrapper__localpatched_teleop_2026-01-12_13-58-41,/root/repo/cdpr_synth_10hz/videos/HUMAN_CONTROL_desk__ycb_apple-ycb_banana_wrapper__localpatched_teleop_2026-01-12_13-58-41/trajectory_data.npz,ok,627,0.001594896331738437,0.049441786283891544,0.007318385876715183,0.0008925199508666992,0.08726682886481285,0.08728256076574326,ee_position,"(627, 6)","(627, 3)",0.003189792663476874,0.1722488038277512,-0.0013454332947731018,0.0009023209568113089,0.0002873106568586081,0.003189792663476874,0.18819776714513556,-0.00575709342956543,0.008573770523071289,0.0027302075177431107,0.025518341307814992,0.051036682615629984,-0.02660077065229416,0.004572317004203796,0.0015670100692659616,0.9393939393939394,0.9393939393939394,-0.08726644515991211,0.08726668357849121,0.02133694291114807,0.9952153110047847,0.9952153110047847,-0.029999999329447746,0.029999999329447746,0.0020745915826410055
HUMAN_CONTROL_desk__ycb_apple-ycb_banana_wrapper__localpatched_teleop_2026-01-12_13-59-37,/root/repo/cdpr_synth_10hz/videos/HUMAN_CONTROL_desk__ycb_apple-ycb_banana_wrapper__localpatched_teleop_2026-01-12_13-59-37/trajectory_data.npz,ok,718,0.001392757660167131,0.04456824512534819,0.0021759853698313236,0.0008792784647084773,0.008492280822247266,0.03080436773598194,ee_position,"(718, 6)","(718, 3)",0.002785515320334262,0.21587743732590528,-0.005348458886146545,0.00527649000287056,0.0013752589002251625,0.002785515320334262,0.1796657381615599,-0.005771741271018982,0.008599638938903809,0.00265310425311327,0.022284122562674095,0.04456824512534819,-0.02660077065229416,0.004307985305786133,0.0015495320549234748,1.0,1.0,0.0,0.0,0.0,0.9958217270194986,0.9958217270194986,-0.029999999329447746,0.029999999329447746,0.0019387366482988
HUMAN_CONTROL_desk__ycb_apple-ycb_banana_wrapper__localpatched_teleop_2026-01-12_14-17-16,/root/repo/cdpr_synth_10hz/videos/HUMAN_CONTROL_desk__ycb_apple-ycb_banana_wrapper__localpatched_teleop_2026-01-12_14-17-16/trajectory_data.npz,ok,679,0.0014727540500736377,0.045655375552282766,0.0041041383519768715,0.0017493917839601636,0.008143626432865859,0.08743690699338913,ee_position,"(679, 6)","(679, 3)",0.0029455081001472753,0.11045655375552282,-0.0012310128659009933,0.0008830167353153229,0.00027432802016846836,0.0029455081001472753,0.10898379970544919,-0.008496135473251343,0.0050393082201480865,0.002817927161231637,0.023564064801178203,0.047128129602356406,-0.02660077065229416,0.004274338483810425,0.0017986121820285916,0.9823269513991163,0.9823269513991163,-0.08726644515991211,0.08726644515991211,0.011598355136811733,0.9926362297496318,0.9926362297496318,-0.029999999329447746,0.029999999329447746,0.0025739935226738453
HUMAN_CONTROL_desk__ycb_apple-ycb_banana_wrapper__localpatched_teleop_2026-01-12_14-18-21,/root/repo/cdpr_synth_10hz/videos/HUMAN_CONTROL_desk__ycb_apple-ycb_banana_wrapper__localpatched_teleop_2026-01-12_14-18-21/trajectory_data.npz,ok,688,0.0014534883720930232,0.04505813953488372,0.0018632755381986499,0.0005197457212489098,0.007575106038711964,0.030183838680386543,ee_position,"(688, 6)","(688, 3)",0.0029069767441860465,0.12645348837209303,-0.0030226334929466248,0.002703500911593437,0.0006340544787235558,0.0029069767441860465,0.12790697674418605,-0.008260995149612427,0.001760244369506836,0.0021505411714315414,0.023255813953488372,0.04505813953488372,-0.02660077065229416,0.004711747169494629,0.00174517254345119,1.0,1.0,0.0,0.0,0.0,0.9927325581395349,0.9927325581395349,-0.029999999329447746,0.029999999329447746,0.002557107014581561
HUMAN_CONTROL_desk__ycb_apple-ycb_banana_wrapper__localpatched_teleop_2026-01-12_14-19-21,/root/repo/cdpr_synth_10hz/videos/HUMAN_CONTROL_desk__ycb_apple-ycb_banana_wrapper__localpatched_teleop_2026-01-12_14-19-21/trajectory_data.npz,ok,776,0.001288659793814433,0.041237113402061855,0.0065321424044668674,0.0007217828533612192,0.08726649172604084,0.08726987987756729,ee_position,"(776, 6)","(776, 3)",0.002577319587628866,0.13144329896907217,-0.0024264175444841385,0.0018289461731910706,0.0006140092154964805,0.002577319587628866,0.19845360824742267,-0.006462365388870239,0.0018219351768493652,0.0015936901327222586,0.020618556701030927,0.04639175257731959,-0.02660077065229416,0.003892660140991211,0.0013507000403478742,0.9407216494845361,0.9407216494845361,-0.08726668357849121,0.08726668357849121,0.021245701238512993,0.9961340206185567,0.9961340206185567,-0.029999999329447746,0.029999999329447746,0.001864909427240491
HUMAN_CONTROL_desk__ycb_apple-ycb_peach-ycb_pear_wrapper__localpatched_teleop_2026-01-13_10-49-17,/root/repo/cdpr_synth_10hz/videos/HUMAN_CONTROL_desk__ycb_apple-ycb_peach-ycb_pear_wrapper__localpatched_teleop_2026-01-13_10-49-17/trajectory_data.npz,ok,697,0.0014347202295552368,0.04447632711621234,0.002476711291819811,0.001382501912303269,0.007474365085363376,0.030213912948966026,ee_position,"(697, 6)","(697, 3)",0.0028694404591104736,0.13916786226685796,-0.0074984729290008545,0.004380721598863602,0.0022226048167794943,0.0028694404591104736,0.14347202295552366,-0.0065031349658966064,0.004944372922182083,0.0019038987811654806,0.02295552367288379,0.04591104734576758,-0.02660077065229416,0.0036703944206237793,0.0014737558085471392,1.0,1.0,0.0,0.0,0.0,0.9928263988522238,0.9928263988522238,-0.029999999329447746,0.029999999329447746,0.002540548797696829
HUMAN_CONTROL_desk__ycb_apple-ycb_peach-ycb_pear_wrapper__localpatched_teleop_2026-01-13_10-50-29,/root/repo/cdpr_synth_10hz/videos/HUMAN_CONTROL_desk__ycb_apple-ycb_peach-ycb_pear_wrapper__localpatched_teleop_2026-01-13_10-50-29/trajectory_data.npz,ok,1204,0.0008305647840531562,0.02574750830564784,0.0037565610837191343,0.001797662756871432,0.007265096949413413,0.08728168904781342,ee_position,"(1204, 6)","(1204, 3)",0.0016611295681063123,0.07641196013289037,-0.00798875093460083,0.004365891218185425,0.0021564371418207884,0.0016611295681063123,0.07890365448504984,-0.004712238907814026,0.004844825714826584,0.001307442202232778,0.013289036544850499,0.030730897009966777,-0.02660077065229416,0.005077734589576721,0.001656396547332406,0.9850498338870431,0.9850498338870431,0.0,0.08726668357849121,0.01059008575975895,0.9925249169435216,0.9925249169435216,-0.029999999329447746,0.029999999329447746,0.0025936374440789223
HUMAN_CONTROL_desk__ycb_apple-ycb_peach-ycb_pear_wrapper__localpatched_teleop_2026-01-13_10-52-36,/root/repo/cdpr_synth_10hz/videos/HUMAN_CONTROL_desk__ycb_apple-ycb_peach-ycb_pear_wrapper__localpatched_teleop_2026-01-13_10-52-36/trajectory_data.npz,ok,763,0.001310615989515072,0.04062909567496723,0.003995233681052923,0.0011218637228012085,0.0073856280185282215,0.08728455007076263,ee_position,"(763, 6)","(763, 3)",0.002621231979030144,0.11533420707732635,-0.007834285497665405,0.0014563202857971191,0.0018559915479272604,0.002621231979030144,0.14285714285714285,-0.003954481333494186,0.0014450214803218842,0.0006152940331958234,0.020969855832241154,0.04980340760157274,-0.02660077065229416,0.003895863890647888,0.0015143017517402768,0.9750982961992136,0.9750982961992136,-0.08726668357849121,0.0,0.013598346151411533,0.9934469200524246,0.9934469200524246,-0.029999999329447746,0.029999999329447746,0.0024282147642225027
HUMAN_CONTROL_desk__ycb_apple-ycb_peach-ycb_pear_wrapper__localpatched_teleop_2026-01-13_11-04-50,/root/repo/cdpr_synth_10hz/videos/HUMAN_CONTROL_desk__ycb_apple-ycb_peach-ycb_pear_wrapper__localpatched_teleop_2026-01-13_11-04-50/trajectory_data.npz,ok,848,0.0011792452830188679,0.036556603773584904,0.002451725769788027,0.0014141230494715273,0.007506733550690113,0.03045680932700634,ee_position,"(848, 6)","(848, 3)",0.0023584905660377358,0.10023584905660378,-0.004367027431726456,0.0061658769845962524,0.0017841964727267623,0.0023584905660377358,0.09905660377358491,-0.0056729987263679504,0.006946384906768799,0.002114147413522005,0.018867924528301886,0.036556603773584904,-0.02660077065229416,0.0036801770329475403,0.0014620479196310043,1.0,1.0,0.0,0.0,0.0,0.9917452830188679,0.9917452830188679,-0.029999999329447746,0.029999999329447746,0.0027254349552094936
HUMAN_CONTROL_desk__ycb_apple-ycb_peach-ycb_pear_wrapper__localpatched_teleop_2026-01-13_11-06-29,/root/repo/cdpr_synth_10hz/videos/HUMAN_CONTROL_desk__ycb_apple-ycb_peach-ycb_pear_wrapper__localpatched_teleop_2026-01-13_11-06-29/trajectory_data.npz,ok,1300,0.0007692307692307692,0.023846153846153847,0.0062448675744235516,0.0011668441002257168,0.03311896175145844,0.08727886527776718,ee_position,"(1300, 6)","(1300, 3)",0.0015384615384615385,0.06769230769230769,-0.004667710512876511,0.004943534731864929,0.0012777260271832347,0.0015384615384615385,0.06846153846153846,-0.0033285655081272125,0.008384957909584045,0.0019285090966150165,0.012307692307692308,0.03,-0.02660077065229416,0.004136249423027039,0.001138332998380065,0.95,0.95,-0.08726668357849121,0.08726668357849121,0.019507713615894318,0.9915384615384616,0.9915384615384616,-0.029999999329447746,0.029999999329447746,0.002759502036496997
HUMAN_CONTROL_desk__ycb_apple-ycb_peach-ycb_pear_wrapper__localpatched_teleop_2026-01-13_11-07-41,/root/repo/cdpr_synth_10hz/videos/HUMAN_CONTROL_desk__ycb_apple-ycb_peach-ycb_pear_wrapper__localpatched_teleop_2026-01-13_11-07-41/trajectory_data.npz,ok,571,0.0017513134851138354,0.0542907180385289,0.00235148798674345,0.0008925199508666992,0.008212221786379814,0.030365264043211937,ee_position,"(571, 6)","(571, 3)",0.0035026269702276708,0.13660245183887915,-0.0051385462284088135,0.005407646298408508,0.0015487978234887123,0.0035026269702276708,0.13485113835376533,-0.0021335380151867867,0.008416682481765747,0.002454852219671011,0.028021015761821366,0.05604203152364273,-0.02660077065229416,0.005116775631904602,0.0016955123282968998,1.0,1.0,0.0,0.0,0.0,0.9912434325744308,0.9912434325744308,-0.029999999329447746,0.029999999329447746,0.002806803910061717
HUMAN_CONTROL_desk__ycb_apple-ycb_peach-ycb_pear_wrapper__localpatched_teleop_2026-01-13_11-10-26,/root/repo/cdpr_synth_10hz/videos/HUMAN_CONTROL_desk__ycb_apple-ycb_peach-ycb_pear_wrapper__localpatched_teleop_2026-01-13_11-10-26/trajectory_data.npz,ok,1102,0.0009074410163339383,0.028130671506352088,0.006132178008556366,0.0011028076405636966,0.03001234494149685,0.08729119598865509,ee_position,"(1102, 6)","(1102, 3)",0.0018148820326678765,0.06805807622504537,-0.004980266094207764,0.008659765124320984,0.0024515907280147076,0.0018148820326678765,0.10617059891107078,-0.002369701862335205,0.007527083158493042,0.0014399184146896005,0.016333938294010888,0.1424682395644283,-0.02660077065229416,0.005383506417274475,0.0014052994083613157,0.9528130671506352,0.9528130671506352,-0.08726668357849121,0.08726668357849121,0.01895650289952755,0.9954627949183303,0.9954627949183303,-0.029999999329447746,0.029999999329447746,0.002020580228418112
HUMAN_CONTROL_desk__ycb_apple-ycb_peach-ycb_pear_wrapper__localpatched_teleop_2026-01-13_11-23-17,/root/repo/cdpr_synth_10hz/videos/HUMAN_CONTROL_desk__ycb_apple-ycb_peach-ycb_pear_wrapper__localpatched_teleop_2026-01-13_11-23-17/trajectory_data.npz,ok,707,0.0014144271570014145,0.04384724186704385,0.0027028003241866827,0.0014564621960744262,0.008508485741913315,0.03055361658334732,ee_position,"(707, 6)","(707, 3)",0.002828854314002829,0.13295615275813297,-0.005374521017074585,0.008295238018035889,0.0026422052178531885,0.002828854314002829,0.12446958981612447,-0.007381469011306763,0.004630081355571747,0.002235019113868475,0.02263083451202263,0.04384724186704385,-0.02660077065229416,0.0031641870737075806,0.001341011025942862,1.0,1.0,0.0,0.0,0.0,0.9929278642149929,0.9929278642149929,-0.029999999329447746,0.029999999329447746,0.0025225228164345026
HUMAN_CONTROL_desk__ycb_apple-ycb_pear_wrapper__localpatched_teleop_2026-01-12_14-55-35,/root/repo/cdpr_synth_10hz/videos/HUMAN_CONTROL_desk__ycb_apple-ycb_pear_wrapper__localpatched_teleop_2026-01-12_14-55-35/trajectory_data.npz,ok,535,0.001869158878504673,0.08411214953271028,0.007664516568183899,0.001066752360202372,0.08726712837815284,0.0876716747879982,ee_position,"(535, 6)","(535, 3)",0.003738317757009346,0.2542056074766355,-0.003431888297200203,0.0029858164489269257,0.0009274552576243877,0.007476635514018692,0.2691588785046729,-0.00317392498254776,0.008481204509735107,0.0025999934878200293,0.03177570093457944,0.08411214953271028,-0.02660077065229416,0.004330635070800781,0.001609435654245317,0.9345794392523364,0.9345794392523364,-0.08726644515991211,0.08726644515991211,0.022319931536912918,0.994392523364486,0.994392523364486,-0.029999999329447746,0.029999999329447746,0.002245792420580983
HUMAN_CONTROL_desk__ycb_apple-ycb_pear_wrapper__localpatched_teleop_2026-01-12_14-56-26,/root/repo/cdpr_synth_10hz/videos/HUMAN_CONTROL_desk__ycb_apple-ycb_pear_wrapper__localpatched_teleop_2026-01-12_14-56-26/trajectory_data.npz,ok,499,0.002004008016032064,0.06212424849699399,0.00268176244571805,0.0012941276654601097,0.008547400124371052,0.030033035203814507,ee_position,"(499, 6)","(499, 3)",0.004008016032064128,0.23647294589178355,-0.006615262478590012,0.00415961816906929,0.001598962233401835,0.006012024048096192,0.20040080160320642,-0.00394834578037262,0.008577167987823486,0.0030380922835320234,0.03206412825651302,0.06212424849699399,-0.02660077065229416,0.003907464444637299,0.0017108924221247435,1.0,1.0,0.0,0.0,0.0,0.9939879759519038,0.9939879759519038,-0.029999999329447746,0.029999999329447746,0.002325340174138546
HUMAN_CONTROL_desk__ycb_apple-ycb_plate_wrapper__localpatched_teleop_2025-12-14_23-08-59,/root/repo/cdpr_synth_10hz/videos/HUMAN_CONTROL_desk__ycb_apple-ycb_plate_wrapper__localpatched_teleop_2025-12-14_23-08-59/trajectory_data.npz,ok,1197,0.000835421888053467,0.03842940685045948,0.002071844646707177,0.0012103596236556768,0.007431777939200402,0.03013588674366474,ee_position,"(1197, 6)","(1197, 3)",0.001670843776106934,0.17376775271512113,-0.003961637616157532,0.0061521977186203,0.0012130258837714791,0.001670843776106934,0.177109440267335,-0.006365031003952026,0.008352532982826233,0.002013246528804302,0.013366750208855471,0.03842940685045948,-0.02660077065229416,0.006083860993385315,0.0017375198658555746,1.0,1.0,0.0,0.0,0.0,0.9958228905597326,0.9958228905597326,-0.029999999329447746,0.029999999329447746,0.001938754809089005
HUMAN_CONTROL_desk__ycb_apple_wrapper__localpatched_teleop_2026-01-09_16-25-13,/root/repo/cdpr_synth_10hz/videos/HUMAN_CONTROL_desk__ycb_apple_wrapper__localpatched_teleop_2026-01-09_16-25-13/trajectory_data.npz,ok,617,0.0016207455429497568,0.04376012965964344,0.0021463893353939056,0.001453470904380083,0.0062584660016000255,0.030085254460573196,ee_position,"(617, 6)","(617, 3)",0.0032414910858995136,0.13614262560777957,-0.006635166704654694,0.005441397428512573,0.0017826551338657737,0.0032414910858995136,0.09076175040518639,-0.006099417805671692,0.00218161940574646,0.001541395322419703,0.019448946515397084,0.04376012965964344,-0.02660077065229416,0.004216507077217102,0.001645208802074194,1.0,1.0,0.0,0.0,0.0,0.9951377633711507,0.9951377633711507,-0.029999999329447746,0.029999999329447746,0.002091327216476202
HUMAN_CONTROL_desk__ycb_apple_wrapper__localpatched_teleop_2026-01-09_16-26-08,/root/repo/cdpr_synth_10hz/videos/HUMAN_CONTROL_desk__ycb_apple_wrapper__localpatched_teleop_2026-01-09_16-26-08/trajectory_data.npz,ok,667,0.0014992503748125937,0.046476761619190406,0.003423803485929966,0.0012327461736276746,0.005537030100822446,0.08728452771902084,ee_position,"(667, 6)","(667, 3)",0.0029985007496251873,0.13493253373313344,-0.005856603384017944,0.0015189070254564285,0.0012644558446481824,0.0029985007496251873,0.136431784107946,-0.006037332117557526,0.002974212169647217,0.001388067496009171,0.0239880059970015,0.07496251874062969,-0.02660077065229416,0.004087120294570923,0.001362232374958694,0.9805097451274363,0.9805097451274363,0.0,0.08726644515991211,0.012063739821314812,0.9955022488755623,0.9955022488755623,-0.029999999329447746,0.029999999329447746,0.002011455362662673
HUMAN_CONTROL_desk__ycb_apple_wrapper__localpatched_teleop_2026-01-09_16-27-20,/root/repo/cdpr_synth_10hz/videos/HUMAN_CONTROL_desk__ycb_apple_wrapper__localpatched_teleop_2026-01-09_16-27-20/trajectory_data.npz,ok,547,0.0018281535648994515,0.056672760511883,0.0022678631357848644,0.0013700161362066865,0.006436571385711428,0.030203670263290405,ee_position,"(547, 6)","(547, 3)",0.003656307129798903,0.15173674588665448,-0.00641593337059021,0.003633946180343628,0.0017415834590792656,0.003656307129798903,0.15173674588665448,-0.005485858768224716,0.005896016955375671,0.0019048467511311173,0.029250457038391225,0.06764168190127971,-0.02660077065229416,0.0032937228679656982,0.0014477783115580678,1.0,1.0,0.0,0.0,0.0,0.9945155393053017,0.9945155393053017,-0.029999999329447746,0.029999999329447746,0.0022210374008864164
HUMAN_CONTROL_desk__ycb_apple_wrapper__localpatched_teleop_2026-01-09_16-28-15,/root/repo/cdpr_synth_10hz/videos/HUMAN_CONTROL_desk__ycb_apple_wrapper__localpatched_teleop_2026-01-09_16-28-15/trajectory_data.npz,ok,508,0.001968503937007874,0.0610236220472441,0.004836463835090399,0.0011199887376278639,0.005793353030458091,0.08727084845304489,ee_position,"(508, 6)","(508, 3)",0.003937007874015748,0.2283464566929134,-0.0057711005210876465,3.371387720108032e-05,0.0012740794336423278,0.003937007874015748,0.297244094488189,-0.002087995409965515,0.001847652718424797,0.0005269132670946419,0.031496062992125984,0.06299212598425197,-0.02660077065229416,0.004282549023628235,0.0019333917880430818,0.9645669291338582,0.9645669291338582,-0.08726668357849121,0.0,0.016133105382323265,0.9940944881889764,0.9940944881889764,-0.029999999329447746,0.029999999329447746,0.002304663183167577
HUMAN_CONTROL_desk__ycb_apple_wrapper__localpatched_teleop_2026-01-09_16-30-18,/root/repo/cdpr_synth_10hz/videos/HUMAN_CONTROL_desk__ycb_apple_wrapper__localpatched_teleop_2026-01-09_16-30-18/trajectory_data.npz,ok,441,0.0022675736961451248,0.08163265306122448,0.0022903417702764273,0.0010513298911973834,0.009026441723108292,0.03026793710887432,ee_position,"(441, 6)","(441, 3)",0.0045351473922902496,0.25170068027210885,-0.007533609867095947,0.0006737411022186279,0.0019326620968058705,0.0045351473922902496,0.24036281179138322,-0.003432217985391617,0.007237657904624939,0.001962431473657489,0.036281179138321996,0.08163265306122448,-0.02660077065229416,0.0045637041330337524,0.0017980816774070263,1.0,1.0,0.0,0.0,0.0,0.9931972789115646,0.9931972789115646,-0.029999999329447746,0.029999999329447746,0.002473423257470131
HUMAN_CONTROL_desk__ycb_apple_wrapper__localpatched_teleop_2026-01-09_16-31-05,/root/repo/cdpr_synth_10hz/videos/HUMAN_CONTROL_desk__ycb_apple_wrapper__localpatched_teleop_2026-01-09_16-31-05/trajectory_data.npz,ok,691,0.001447178002894356,0.04486251808972504,0.004982667975127697,0.0013448428362607956,0.011061519850045443,0.08726686984300613,ee_position,"(691, 6)","(691, 3)",0.002894356005788712,0.20839363241678727,-0.007925808429718018,0.001437947154045105,0.0018536493880674243,0.002894356005788712,0.20839363241678727,-0.0061673372983932495,0.00833265483379364,0.0024363892152905464,0.023154848046309694,0.053545586107091175,-0.02660077065229416,0.0062531977891922,0.002291187411174178,0.9725036179450073,0.9725036179450073,-0.08726668357849121,0.0,0.014270222745835781,0.9956584659913169,0.9956584659913169,-0.029999999329447746,0.029999999329447746,0.0019762322772294283
HUMAN_CONTROL_desk__ycb_apple_wrapper__localpatched_teleop_2026-01-09_16-32-11,/root/repo/cdpr_synth_10hz/videos/HUMAN_CONTROL_desk__ycb_apple_wrapper__localpatched_teleop_2026-01-09_16-32-11/trajectory_data.npz,ok,478,0.0020920502092050207,0.06485355648535565,0.002883807523176074,0.0016256918315775692,0.0103740275837481,0.03039126843214035,ee_position,"(478, 6)","(478, 3)",0.0041841004184100415,0.1694560669456067,-0.008067101240158081,0.0006761699914932251,0.0024024946615099907,0.0041841004184100415,0.16736401673640167,-0.002423779107630253,0.007957428693771362,0.0022236802615225315,0.03347280334728033,0.06485355648535565,-0.02660077065229416,0.00454162061214447,0.0019368064822629094,1.0,1.0,0.0,0.0,0.0,0.9937238493723849,0.9937238493723849,-0.029999999329447746,0.029999999329447746,0.00237583601847291
HUMAN_CONTROL_desk__ycb_apple_wrapper__localpatched_teleop_2026-01-09_16-33-07,/root/repo/cdpr_synth_10hz/videos/HUMAN_CONTROL_desk__ycb_apple_wrapper__localpatched_teleop_2026-01-09_16-33-07/trajectory_data.npz,ok,777,0.001287001287001287,0.10296010296010295,0.0066579729318618774,0.0014541004784405231,0.030097725987434373,0.0872904360294342,ee_position,"(777, 6)","(777, 3)",0.002574002574002574,0.22007722007722008,-0.008570730686187744,0.002117931842803955,0.0024132532998919487,0.002574002574002574,0.15057915057915058,-0.004301726818084717,0.008391335606575012,0.0024120414163917303,0.06306306306306306,0.10810810810810811,-0.02660077065229416,0.005274444818496704,0.00161422707606107,0.9510939510939511,0.9510939510939511,-0.08726668357849121,0.08726668357849121,0.019298726692795753,0.9961389961389961,0.9961389961389961,-0.029999999329447746,0.029999999329447746,0.0018637095345184207
HUMAN_CONTROL_desk__ycb_apple_wrapper__localpatched_teleop_2026-01-11_18-17-44,/root/repo/cdpr_synth_10hz/videos/HUMAN_CONTROL_desk__ycb_apple_wrapper__localpatched_teleop_2026-01-11_18-17-44/trajectory_data.npz,ok,880,0.0011363636363636363,0.035227272727272725,0.0026831491850316525,0.001868889492470771,0.0076299413107335555,0.03012895956635475,ee_position,"(880, 6)","(880, 3)",0.0022727272727272726,0.1159090909090909,-0.00556473433971405,0.00830172747373581,0.0026758015155792236,0.0022727272727272726,0.11363636363636363,-0.0033889040350914,0.0054101720452308655,0.0016407003859058022,0.01818181818181818,0.05227272727272727,-0.02660077065229416,0.004765808582305908,0.0013838355662301183,1.0,1.0,0.0,0.0,0.0,0.9943181818181818,0.9943181818181818,-0.029999999329447746,0.029999999329447746,0.0022610779851675034
HUMAN_CONTROL_desk__ycb_apple_wrapper__localpatched_teleop_2026-01-11_18-20-39,/root/repo/cdpr_synth_10hz/videos/HUMAN_CONTROL_desk__ycb_apple_wrapper__localpatched_teleop_2026-01-11_18-20-39/trajectory_data.npz,ok,749,0.0013351134846461949,0.06141522029372497,0.0018287389539182186,0.001096867024898529,0.006374820601195097,0.030039768666028976,ee_position,"(749, 6)","(749, 3)",0.0026702269692923898,0.2336448598130841,-0.0002377927303314209,0.007644623517990112,0.0016057263128459454,0.0026702269692923898,0.19492656875834447,-0.0029600560665130615,0.006728224456310272,0.0012797826202586293,0.021361815754339118,0.06141522029372497,-0.02660077065229416,0.005099296569824219,0.0016404703492298722,1.0,1.0,0.0,0.0,0.0,0.9959946595460614,0.9959946595460614,-0.029999999329447746,0.029999999329447746,0.001898210379295051
HUMAN_CONTROL_desk__ycb_apple_wrapper__localpatched_teleop_2026-01-11_18-29-09,/root/repo/cdpr_synth_10hz/videos/HUMAN_CONTROL_desk__ycb_apple_wrapper__localpatched_teleop_2026-01-11_18-29-09/trajectory_data.npz,ok,866,0.0011547344110854503,0.04157043879907621,0.0036829861346632242,0.0005437068466562778,0.008160045137628913,0.08726710826158524,ee_position,"(866, 6)","(866, 3)",0.0023094688221709007,0.13163972286374134,-0.007191076874732971,0.008545741438865662,0.002445326652377844,0.0023094688221709007,0.1489607390300231,-0.0009128749370574951,0.0038662217557430267,0.0006054842961020768,0.018475750577367205,0.12124711316397228,-0.02660077065229416,0.00458797812461853,0.001276666298508644,0.976905311778291,0.976905311778291,-0.08726668357849121,0.08726644515991211,0.013137200847268105,0.9965357967667436,0.9965357967667436,-0.029999999329447746,0.029999999329447746,0.001765384804457426
HUMAN_CONTROL_desk__ycb_apple_wrapper__localpatched_teleop_2026-01-11_18-32-02,/root/repo/cdpr_synth_10hz/videos/HUMAN_CONTROL_desk__ycb_apple_wrapper__localpatched_teleop_2026-01-11_18-32-02/trajectory_data.npz,ok,801,0.0012484394506866417,0.09113607990012484,0.006504121236503124,0.000916358083486557,0.0872664600610733,0.08726678788661957,ee_position,"(801, 6)","(801, 3)",0.003745318352059925,0.21473158551810237,-0.0001526474952697754,0.007341325283050537,0.001432459568604827,0.0024968789013732834,0.264669163545568,-0.007260605692863464,0.002421081066131592,0.0013879414182156324,0.04868913857677903,0.11485642946317104,-0.02660077065229416,0.005842730402946472,0.0016713066725060344,0.9450686641697877,0.9450686641697877,-0.08726668357849121,0.08726668357849121,0.020453019067645073,0.9962546816479401,0.9962546816479401,-0.029999999329447746,0.029999999329447746,0.0018355880165472627
HUMAN_CONTROL_desk__ycb_apple_wrapper__localpatched_teleop_2026-01-11_18-35-09,/root/repo/cdpr_synth_10hz/videos/HUMAN_CONTROL_desk__ycb_apple_wrapper__localpatched_teleop_2026-01-11_18-35-09/trajectory_data.npz,ok,544,0.001838235294117647,0.11213235294117647,0.002313225995749235,0.0009960621246136725,0.00976335369050503,0.03058488853275776,ee_position,"(544, 6)","(544, 3)",0.003676470588235294,0.4025735294117647,-0.0019106268882751465,0.008118003606796265,0.0021716805640608072,0.003676470588235294,0.23897058823529413,-0.0006881058216094971,0.007805198431015015,0.002051136689260602,0.04963235294117647,0.11213235294117647,-0.02660077065229416,0.005696624517440796,0.0017649199580773711,1.0,1.0,0.0,0.0,0.0,0.9963235294117647,0.9963235294117647,-0.029999999329447746,0.029999999329447746,0.0018190172268077731
HUMAN_CONTROL_desk__ycb_apple_wrapper__localpatched_teleop_2026-01-11_18-36-11,/root/repo/cdpr_synth_10hz/videos/HUMAN_CONTROL_desk__ycb_apple_wrapper__localpatched_teleop_2026-01-11_18-36-11/trajectory_data.npz,ok,1508,0.000663129973474801,0.020557029177718834,0.004799215123057365,0.0014557581162080169,0.009482084587216376,0.08737357705831528,ee_position,"(1508, 6)","(1508, 3)",0.001326259946949602,0.0623342175066313,-0.004419922828674316,0.007311463356018066,0.001915227621793747,0.001326259946949602,0.0709549071618037,-0.0034758150577545166,0.00800497829914093,0.0017166207544505596,0.010610079575596816,0.025198938992042442,-0.02660077065229416,0.004762426018714905,0.0011627053609117866,0.9681697612732095,0.9681697612732095,-0.08726668357849121,0.08726668357849121,0.015565363690257072,0.996684350132626,0.996684350132626,-0.029999999329447746,0.029999999329447746,0.0017273358535021544
HUMAN_CONTROL_desk__ycb_apple_wrapper__localpatched_teleop_2026-01-11_18-38-01,/root/repo/cdpr_synth_10hz/videos/HUMAN_CONTROL_desk__ycb_apple_wrapper__localpatched_teleop_2026-01-11_18-38-01/trajectory_data.npz,ok,854,0.00117096018735363,0.06206088992974239,0.01061182003468275,0.0017219925648532808,0.08726986572146415,0.08801459521055222,ee_position,"(854, 6)","(854, 3)",0.00234192037470726,0.14754098360655737,-0.007268041372299194,0.007553994655609131,0.002241553505882621,0.00234192037470726,0.1405152224824356,-0.005630046129226685,0.008604228496551514,0.0028184789698570967,0.0234192037470726,0.07845433255269321,-0.02660077065229416,0.009276479482650757,0.0018267948180437088,0.9039812646370023,0.9039812646370023,-0.08726668357849121,0.08726668357849121,0.0270342119038105,0.9964871194379391,0.9964871194379391,-0.029999999329447746,0.029999999329447746,0.0017777396133169532
HUMAN_CONTROL_desk__ycb_apple_wrapper__localpatched_teleop_2026-01-11_18-40-13,/root/repo/cdpr_synth_10hz/videos/HUMAN_CONTROL_desk__ycb_apple_wrapper__localpatched_teleop_2026-01-11_18-40-13/trajectory_data.npz,ok,705,0.0014184397163120568,0.04397163120567376,0.007317441049963236,0.0010635703802108765,0.08726737797260284,0.08730363100767136,ee_position,"(705, 6)","(705, 3)",0.0028368794326241137,0.14893617021276595,-0.0026665329933166504,0.004469484090805054,0.001136750797741115,0.0028368794326241137,0.10212765957446808,-0.005938000977039337,0.008653700351715088,0.002670785877853632,0.02269503546099291,0.05390070921985816,-0.02660077065229416,0.004569068551063538,0.0015246616676449776,0.9404255319148936,0.9404255319148936,-0.08726644515991211,0.08726644515991211,0.021298451349139214,0.9957446808510638,0.9957446808510638,-0.029999999329447746,0.029999999329447746,0.001956521300598979
HUMAN_CONTROL_desk__ycb_apple_wrapper__localpatched_teleop_2026-01-12_13-05-13,/root/repo/cdpr_synth_10hz/videos/HUMAN_CONTROL_desk__ycb_apple_wrapper__localpatched_teleop_2026-01-12_13-05-13/trajectory_data.npz,ok,844,0.001184834123222749,0.03672985781990521,0.002197111723944545,0.0014443544787354767,0.007116467342711981,0.03044964373111725,ee_position,"(844, 6)","(844, 3)",0.002369668246445498,0.10545023696682465,-0.004417449235916138,0.004480334930121899,0.0011964953737333417,0.002369668246445498,0.10308056872037914,-0.00693105161190033,0.007860004901885986,0.002272190758958459,0.018957345971563982,0.04028436018957346,-0.02660077065229416,0.004792302846908569,0.0013817927101626992,1.0,1.0,0.0,0.0,0.0,0.9940758293838863,0.9940758293838863,-0.029999999329447746,0.029999999329447746,0.002308785682544112
HUMAN_CONTROL_desk__ycb_apple_wrapper__localpatched_teleop_2026-01-12_13-06-15,/root/repo/cdpr_synth_10hz/videos/HUMAN_CONTROL_desk__ycb_apple_wrapper__localpatched_teleop_2026-01-12_13-06-15/trajectory_data.npz,ok,499,0.002004008016032064,0.06212424849699399,0.0022181710228323936,0.0011955930385738611,0.0072947129141539314,0.030148997902870178,ee_position,"(499, 6)","(499, 3)",0.004008016032064128,0.1843687374749499,-0.004553936421871185,0.0027046576142311096,0.0010502118384465575,0.004008016032064128,0.18637274549098196,-0.00031691789627075195,0.007888197898864746,0.0020916196517646313,0.03206412825651302,0.06212424849699399,-0.02660077065229416,0.005072697997093201,0.0018773814663290977,1.0,1.0,0.0,0.0,0.0,0.9939879759519038,0.9939879759519038,-0.029999999329447746,0.029999999329447746,0.002325340174138546
HUMAN_CONTROL_desk__ycb_apple_wrapper__localpatched_teleop_2026-01-12_13-07-20,/root/repo/cdpr_synth_10hz/videos/HUMAN_CONTROL_desk__ycb_apple_wrapper__localpatched_teleop_2026-01-12_13-07-20/trajectory_data.npz,ok,719,0.0013908205841446453,0.043115438108484005,0.006186455953866243,0.001222767517901957,0.03003228288143873,0.08732729405164719,ee_position,"(719, 6)","(719, 3)",0.0027816411682892906,0.1376912378303199,-0.005763202905654907,0.0021621733903884888,0.0011814706958830357,0.0027816411682892906,0.16550764951321278,-0.002605956047773361,0.008404463529586792,0.0021980651654303074,0.022253129346314324,0.09457579972183588,-0.02660077065229416,0.004566773772239685,0.0015651085413992405,0.9513212795549374,0.9513212795549374,-0.08726668357849121,0.08726668357849121,0.019253438338637352,0.9958275382475661,0.9958275382475661,-0.029999999329447746,0.029999999329447746,0.001937388675287366
HUMAN_CONTROL_desk__ycb_apple_wrapper__localpatched_teleop_2026-01-12_13-08-25,/root/repo/cdpr_synth_10hz/videos/HUMAN_CONTROL_desk__ycb_apple_wrapper__localpatched_teleop_2026-01-12_13-08-25/trajectory_data.npz,ok,802,0.0012468827930174563,0.03865336658354115,0.005523399915546179,0.0007654009386897087,0.02983173308894015,0.08762990683317184,ee_position,"(802, 6)","(802, 3)",0.0024937655860349127,0.2057356608478803,-0.0015093889087438583,0.0018678298220038414,0.0004722173616755754,0.0024937655860349127,0.21072319201995013,-0.00025735795497894287,0.00793406367301941,0.0017900083912536502,0.0199501246882793,0.06483790523690773,-0.02660077065229416,0.004757538437843323,0.0015279960352927446,0.9526184538653366,0.9526184538653366,-0.08726668357849121,0.08726668357849121,0.018995553255081177,0.9962593516209476,0.9962593516209476,-0.029999999329447746,0.029999999329447746,0.0018344437703490257
HUMAN_CONTROL_desk__ycb_apple_wrapper__localpatched_teleop_2026-01-12_14-03-53,/root/repo/cdpr_synth_10hz/videos/HUMAN_CONTROL_desk__ycb_apple_wrapper__localpatched_teleop_2026-01-12_14-03-53/trajectory_data.npz,ok,455,0.002197802197802198,0.06813186813186813,0.0029073143377900124,0.0014658072032034397,0.010026924032717942,0.03058881312608719,ee_position,"(455, 6)","(455, 3)",0.004395604395604396,0.2087912087912088,-0.007382005453109741,0.0017587095499038696,0.002178893191739917,0.004395604395604396,0.21318681318681318,-0.008331745862960815,0.0021051522344350815,0.002581167034804821,0.035164835164835165,0.06813186813186813,-0.02660077065229416,0.004979580640792847,0.0019422925543040037,1.0,1.0,0.0,0.0,0.0,0.9934065934065934,0.9934065934065934,-0.029999999329447746,0.029999999329447746,0.0024351016618311405
HUMAN_CONTROL_desk__ycb_apple_wrapper__localpatched_teleop_2026-01-12_14-05-24,/root/repo/cdpr_synth_10hz/videos/HUMAN_CONTROL_desk__ycb_apple_wrapper__localpatched_teleop_2026-01-12_14-05-24/trajectory_data.npz,ok,728,0.0013736263736263737,0.038461538461538464,0.0026103907730430365,0.0005776817270088941,0.009311218652874228,0.08726805448532104,ee_position,"(728, 6)","(728, 3)",0.0027472527472527475,0.1978021978021978,-0.007715880870819092,0.0005928464233875275,0.0015852053184062243,0.0027472527472527475,0.19505494505494506,-0.007705330848693848,0.0009133629500865936,0.0015586202498525381,0.020604395604395604,0.04532967032967033,-0.02660077065229416,0.005134761333465576,0.0014851245796307921,0.9862637362637363,0.9862637362637363,-0.08726644515991211,0.08726644515991211,0.010182728059589863,0.9958791208791209,0.9958791208791209,-0.029999999329447746,0.029999999329447746,0.0019253811333328485
HUMAN_CONTROL_desk__ycb_apple_wrapper__localpatched_teleop_2026-01-12_14-06-15,/root/repo/cdpr_synth_10hz/videos/HUMAN_CONTROL_desk__ycb_apple_wrapper__localpatched_teleop_2026-01-12_14-06-15/trajectory_data.npz,ok,751,0.0013315579227696406,0.041278295605858856,0.00680228928104043,0.0007193580968305469,0.08726652339100838,0.08727411180734634,ee_position,"(751, 6)","(751, 3)",0.002663115845539281,0.13981358189081225,-0.00844457745552063,0.003727031871676445,0.00232138903811574,0.002663115845539281,0.170439414114514,-0.008282661437988281,0.0026863403618335724,0.001964450580999255,0.02130492676431425,0.041278295605858856,-0.02660077065229416,0.004415631294250488,0.0014827809063717723,0.9440745672436751,0.9440745672436751,-0.08726668357849121,0.08726668357849121,0.020637258887290955,0.996005326231691,0.996005326231691,-0.029999999329447746,0.029999999329447746,0.0018956817220896482
HUMAN_CONTROL_desk__ycb_apple_wrapper__localpatched_teleop_2026-01-12_14-07-43,/root/repo/cdpr_synth_10hz/videos/HUMAN_CONTROL_desk__ycb_apple_wrapper__localpatched_teleop_2026-01-12_14-07-43/trajectory_data.npz,ok,523,0.0019120458891013384,0.05927342256214149,0.0027179180178791285,0.0014568169135600328,0.009968334063887595,0.03007366880774498,ee_position,"(523, 6)","(523, 3)",0.0038240917782026767,0.15296367112810708,-0.008612245321273804,0.002719089388847351,0.0029934176709502935,0.0038240917782026767,0.15296367112810708,-0.00773128867149353,0.0016739033162593842,0.002086720196530223,0.030592734225621414,0.06692160611854685,-0.02660077065229416,0.00415077805519104,0.0015467704506590962,1.0,1.0,0.0,0.0,0.0,0.994263862332696,0.994263862332696,-0.029999999329447746,0.029999999329447746,0.0022713947109878063
HUMAN_CONTROL_desk__ycb_apple_wrapper__localpatched_teleop_2026-01-12_14-12-09,/root/repo/cdpr_synth_10hz/videos/HUMAN_CONTROL_desk__ycb_apple_wrapper__localpatched_teleop_2026-01-12_14-12-09/trajectory_data.npz,ok,459,0.002178649237472767,0.06753812636165578,0.0025198529474437237,0.0011591537622734904,0.008188255596905945,0.030136410146951675,ee_position,"(459, 6)","(459, 3)",0.004357298474945534,0.18736383442265794,-0.003251969814300537,0.0024734381586313248,0.00095109868561849,0.004357298474945534,0.1895424836601307,-0.00846138596534729,0.0029395930469036102,0.0028272392228245735,0.034858387799564274,0.06753812636165578,-0.02660077065229416,0.004428833723068237,0.0017670291708782315,1.0,1.0,0.0,0.0,0.0,0.9934640522875817,0.9934640522875817,-0.029999999329447746,0.029999999329447746,0.0024244750384241343
HUMAN_CONTROL_desk__ycb_apple_wrapper__localpatched_teleop_2026-01-12_14-14-12,/root/repo/cdpr_synth_10hz/videos/HUMAN_CONTROL_desk__ycb_apple_wrapper__localpatched_teleop_2026-01-12_14-14-12/trajectory_data.npz,ok,1274,0.0007849293563579278,0.02433281004709576,0.003981819376349449,0.000980404089204967,0.0061510681640356765,0.08740092068910599,ee_position,"(1274, 6)","(1274, 3)",0.0015698587127158557,0.06593406593406594,-0.003975436091423035,0.0035194549709558487,0.0010180507088080049,0.002354788069073783,0.07927786499215071,-0.006548278033733368,0.002411454916000366,0.0014304922660812736,0.012558869701726845,0.038461538461538464,-0.02660077065229416,0.005838543176651001,0.0013752453960478306,0.9725274725274725,0.9725274725274725,-0.08726644515991211,0.08726644515991211,0.014464110136032104,0.9960753532182104,0.9960753532182104,-0.029999999329447746,0.029999999329447746,0.0018792626215144992
HUMAN_CONTROL_desk__ycb_apple_wrapper__localpatched_teleop_2026-01-12_14-15-26,/root/repo/cdpr_synth_10hz/videos/HUMAN_CONTROL_desk__ycb_apple_wrapper__localpatched_teleop_2026-01-12_14-15-26/trajectory_data.npz,ok,601,0.0016638935108153079,0.051580698835274545,0.00731107359752059,0.0011665968922898173,0.0872664600610733,0.08768478035926819,ee_position,"(601, 6)","(601, 3)",0.0033277870216306157,0.18136439267886856,-0.0024260850623250008,0.0021138619631528854,0.0004914678866043687,0.0033277870216306157,0.16139767054908485,-0.008529365062713623,0.0024364888668060303,0.0025832359679043293,0.026622296173044926,0.051580698835274545,-0.02660077065229416,0.0058779120445251465,0.001918251859024167,0.940099833610649,0.940099833610649,-0.08726668357849121,0.08726668357849121,0.02135803923010826,0.9950083194675541,0.9950083194675541,-0.029999999329447746,0.029999999329447746,0.00211896700784564
HUMAN_CONTROL_desk__ycb_apple_wrapper__localpatched_teleop_2026-01-12_14-16-19,/root/repo/cdpr_synth_10hz/videos/HUMAN_CONTROL_desk__ycb_apple_wrapper__localpatched_teleop_2026-01-12_14-16-19/trajectory_data.npz,ok,537,0.00186219739292365,0.05772811918063315,0.003244792576879263,0.0019790055230259895,0.008274312503635884,0.03071831911802292,ee_position,"(537, 6)","(537, 3)",0.0037243947858473,0.23649906890130354,-0.005644738674163818,0.004558000713586807,0.001780998078174889,0.0037243947858473,0.23649906890130354,-0.008418828248977661,0.006750322878360748,0.0031465375795960426,0.0297951582867784,0.05772811918063315,-0.02660077065229416,0.006350919604301453,0.0022124501410871744,1.0,1.0,0.0,0.0,0.0,0.994413407821229,0.994413407821229,-0.029999999329447746,0.029999999329447746,0.0022416093852370977
HUMAN_CONTROL_desk__ycb_apple_wrapper__localpatched_teleop_2026-01-12_14-21-40,/root/repo/cdpr_synth_10hz/videos/HUMAN_CONTROL_desk__ycb_apple_wrapper__localpatched_teleop_2026-01-12_14-21-40/trajectory_data.npz,ok,402,0.0024875621890547263,0.0945273631840796,0.0026302607730031013,0.0006818257970735431,0.01038530496880412,0.030554519966244698,ee_position,"(402, 6)","(402, 3)",0.004975124378109453,0.263681592039801,-0.00038592424243688583,0.007976919412612915,0.002219234360381961,0.004975124378109453,0.26119402985074625,-0.007878720760345459,0.0006212592124938965,0.002388980705291033,0.03980099502487562,0.0945273631840796,-0.02660077065229416,0.005004808306694031,0.0018215228337794542,1.0,1.0,0.0,0.0,0.0,0.9925373134328358,0.9925373134328358,-0.029999999329447746,0.029999999329447746,0.0025905307848006487
HUMAN_CONTROL_desk__ycb_apple_wrapper__localpatched_teleop_2026-01-12_14-23-24,/root/repo/cdpr_synth_10hz/videos/HUMAN_CONTROL_desk__ycb_apple_wrapper__localpatched_teleop_2026-01-12_14-23-24/trajectory_data.npz,ok,586,0.0017064846416382253,0.052901023890784986,0.0088778892531991,0.0010341774905100465,0.0872693695127964,0.08729259669780731,ee_position,"(586, 6)","(586, 3)",0.0034129692832764505,0.20648464163822525,-0.0014773309230804443,0.007095649838447571,0.001564385718666017,0.0034129692832764505,0.15017064846416384,-0.008549690246582031,0.004767473787069321,0.002962959697470069,0.027303754266211604,0.052901023890784986,-0.02660077065229416,0.0040910691022872925,0.0015639407793059945,0.9249146757679181,0.9249146757679181,-0.08726668357849121,0.08726668357849121,0.023910637944936752,0.9948805460750854,0.9948805460750854,-0.029999999329447746,0.029999999329447746,0.002145900158211589
HUMAN_CONTROL_desk__ycb_apple_wrapper__localpatched_teleop_2026-01-12_14-24-38,/root/repo/cdpr_synth_10hz/videos/HUMAN_CONTROL_desk__ycb_apple_wrapper__localpatched_teleop_2026-01-12_14-24-38/trajectory_data.npz,ok,601,0.0016638935108153079,0.05823627287853577,0.0025320155546069145,0.0011362847872078419,0.010358409024775028,0.030283907428383827,ee_position,"(601, 6)","(601, 3)",0.0033277870216306157,0.17637271214642264,-0.002406548708677292,0.008157819509506226,0.0019946321845054626,0.0033277870216306157,0.17970049916805325,-0.008515536785125732,0.003710545599460602,0.0028748828917741776,0.026622296173044926,0.059900166389351084,-0.02660077065229416,0.005110785365104675,0.0016825416823849082,1.0,1.0,0.0,0.0,0.0,0.9950083194675541,0.9950083194675541,-0.029999999329447746,0.029999999329447746,0.00211896700784564
HUMAN_CONTROL_desk__ycb_apple_wrapper__localpatched_teleop_2026-01-12_14-25-22,/root/repo/cdpr_synth_10hz/videos/HUMAN_CONTROL_desk__ycb_apple_wrapper__localpatched_teleop_2026-01-12_14-25-22/trajectory_data.npz,ok,957,0.0010449320794148381,0.06478578892371996,0.007951328530907631,0.0009230602881871164,0.08727278411388398,0.08798541873693466,ee_position,"(957, 6)","(957, 3)",0.0020898641588296763,0.1400208986415883,-0.0012463387101888657,0.008251592516899109,0.0017253238474950194,0.0020898641588296763,0.1703239289446186,-0.007861942052841187,0.0017570853233337402,0.0017701095202937722,0.029258098223615466,0.06896551724137931,-0.02660077065229416,0.006262868642807007,0.0016775900730863214,0.928944618599791,0.928944618599791,-0.08726668357849121,0.08726668357849121,0.023261934518814087,0.9926854754440961,0.9926854754440961,-0.029999999329447746,0.029999999329447746,0.0025655580684542656
HUMAN_CONTROL_desk__ycb_b_colored_wood_blocks_wrapper__localpatched_teleop_2025-12-26_12-11-39,/root/repo/cdpr_synth_10hz/videos/HUMAN_CONTROL_desk__ycb_b_colored_wood_blocks_wrapper__localpatched_teleop_2025-12-26_12-11-39/trajectory_data.npz,ok,747,0.0013386880856760374,0.041499330655957165,0.0018604254582896829,0.0013298713602125645,0.005780561827123157,0.02660077065229416,ee_position,"(747, 6)","(747, 3)",0.002677376171352075,0.12048192771084337,-0.0059662386775016785,0.006881400942802429,0.0017809729324653745,0.002677376171352075,0.15930388219544847,-0.00564226508140564,0.004128783941268921,0.0015113694826141,0.0214190093708166,0.06157965194109773,-0.02660077065229416,0.00421268492937088,0.0013832130935043097,1.0,1.0,0.0,0.0,0.0,1.0,1.0,0.0,0.0,0.0
HUMAN_CONTROL_desk__ycb_b_cups-ycb_bowl-ycb_hammer-ycb_medium_clamp_wrapper__localpatched_teleop_2026-01-13_12-56-45,/root/repo/cdpr_synth_10hz/videos/HUMAN_CONTROL_desk__ycb_b_cups-ycb_bowl-ycb_hammer-ycb_medium_clamp_wrapper__localpatched_teleop_2026-01-13_12-56-45/trajectory_data.npz,ok,597,0.0016750418760469012,0.05360134003350084,0.0013838766608387232,0.0008754202863201499,0.004168471507728099,0.030315380543470383,ee_position,"(597, 6)","(597, 3)",0.0016750418760469012,0.1323283082077052,-0.0023961514234542847,0.0044508203864097595,0.0009814437944442034,0.0016750418760469012,0.1423785594639866,-0.002615116536617279,0.0037075430154800415,0.0007706501637585461,0.02512562814070352,0.05527638190954774,-0.026505105197429657,0.004361450672149658,0.001672831829637289,1.0,1.0,0.0,0.0,0.0,0.9966499162479062,0.9966499162479062,-0.029999999329447746,0.029999999329447746,0.0017363972729071975
HUMAN_CONTROL_desk__ycb_b_cups-ycb_bowl-ycb_hammer-ycb_medium_clamp_wrapper__localpatched_teleop_2026-01-13_12-58-11,/root/repo/cdpr_synth_10hz/videos/HUMAN_CONTROL_desk__ycb_b_cups-ycb_bowl-ycb_hammer-ycb_medium_clamp_wrapper__localpatched_teleop_2026-01-13_12-58-11/trajectory_data.npz,ok,1291,0.000774593338497289,0.034856700232378,0.0030827363952994347,0.0009820116683840752,0.005457926541566849,0.08726850152015686,ee_position,"(1291, 6)","(1291, 3)",0.001549186676994578,0.08752904725019364,-0.0036891549825668335,0.0047942399978637695,0.00108747195918113,0.001549186676994578,0.08675445391169635,-0.005452439188957214,0.005949825048446655,0.0013013946590945125,0.012393493415956624,0.05886909372579396,-0.02660077065229416,0.003021515905857086,0.001054369262419641,0.9806351665375678,0.9806351665375678,-0.08726668357849121,0.0,0.012025633826851845,0.9961270333075135,0.9961270333075135,-0.029999999329447746,0.029999999329447746,0.0018668501870706677
HUMAN_CONTROL_desk__ycb_b_cups-ycb_hammer-ycb_medium_clamp_wrapper__localpatched_teleop_2026-01-13_12-53-50,/root/repo/cdpr_synth_10hz/videos/HUMAN_CONTROL_desk__ycb_b_cups-ycb_hammer-ycb_medium_clamp_wrapper__localpatched_teleop_2026-01-13_12-53-50/trajectory_data.npz,ok,597,0.0016750418760469012,0.051926298157453935,0.0018258232157677412,0.0008873081533238292,0.006109342444688078,0.030155792832374573,ee_position,"(597, 6)","(597, 3)",0.0033500837520938024,0.2914572864321608,-0.0015488304197788239,0.0014832373708486557,0.0004643716965802014,0.005025125628140704,0.23618090452261306,-0.006271421909332275,0.007403820753097534,0.0021687308326363564,0.02680067001675042,0.051926298157453935,-0.02660077065229416,0.003433629870414734,0.001554571557790041,1.0,1.0,0.0,0.0,0.0,0.9949748743718593,0.9949748743718593,-0.029999999329447746,0.029999999329447746,0.002126049716025591
HUMAN_CONTROL_desk__ycb_b_cups-ycb_hammer-ycb_medium_clamp_wrapper__localpatched_teleop_2026-01-13_12-54-35,/root/repo/cdpr_synth_10hz/videos/HUMAN_CONTROL_desk__ycb_b_cups-ycb_hammer-ycb_medium_clamp_wrapper__localpatched_teleop_2026-01-13_12-54-35/trajectory_data.npz,ok,730,0.0013698630136986301,0.04246575342465753,0.0030677253380417824,0.0006951565737836063,0.003583741071633991,0.08727653324604034,ee_position,"(730, 6)","(730, 3)",0.0027397260273972603,0.21506849315068494,-0.0028942078351974487,0.0026004239916801453,0.0007266061729751527,0.0027397260273972603,0.17123287671232876,-0.0036930348724126816,0.0017864853143692017,0.0008206500206142664,0.021917808219178082,0.04246575342465753,-0.02660077065229416,0.003164239227771759,0.001366756041534245,0.9780821917808219,0.9780821917808219,0.0,0.08726644515991211,0.012777135707437992,0.9958904109589041,0.9958904109589041,-0.029999999329447746,0.029999999329447746,0.0019227431621402502
HUMAN_CONTROL_desk__ycb_b_cups_wrapper__localpatched_teleop_2025-12-26_12-13-36,/root/repo/cdpr_synth_10hz/videos/HUMAN_CONTROL_desk__ycb_b_cups_wrapper__localpatched_teleop_2025-12-26_12-13-36/trajectory_data.npz,ok,599,0.001669449081803005,0.0667779632721202,0.009106339886784554,0.0008885700954124331,0.08727402687072754,0.08737577497959137,ee_position,"(599, 6)","(599, 3)",0.00333889816360601,0.17028380634390652,-0.0064520463347435,0.0063698142766952515,0.001810442190617323,0.00333889816360601,0.17863105175292154,-0.002980964258313179,0.0012628864496946335,0.0007078893249854445,0.02671118530884808,0.11853088480801335,-0.02660077065229416,0.007709681987762451,0.0024278261698782444,0.9165275459098498,0.9165275459098498,-0.08726668357849121,0.0,0.02413746900856495,0.996661101836394,0.996661101836394,-0.029999999329447746,0.029999999329447746,0.0017334959702566266
HUMAN_CONTROL_desk__ycb_banana-ycb_peach_wrapper__localpatched_teleop_2026-01-13_11-28-38,/root/repo/cdpr_synth_10hz/videos/HUMAN_CONTROL_desk__ycb_banana-ycb_peach_wrapper__localpatched_teleop_2026-01-13_11-28-38/trajectory_data.npz,ok,1020,0.000980392156862745,0.030392156862745098,0.002571267308667302,0.0011823646491393447,0.008884770097211,0.030463194474577904,ee_position,"(1020, 6)","(1020, 3)",0.00196078431372549,0.09215686274509804,-0.004002995789051056,0.008001953363418579,0.001913671032525599,0.00196078431372549,0.09117647058823529,-0.008527904748916626,0.006056077778339386,0.002791154431179166,0.01568627450980392,0.059803921568627454,-0.02660077065229416,0.004288852214813232,0.0013504753587767482,1.0,1.0,0.0,0.0,0.0,0.9911764705882353,0.9911764705882353,-0.029999999329447746,0.029999999329447746,0.002817855915054679
HUMAN_CONTROL_desk__ycb_banana-ycb_peach_wrapper__localpatched_teleop_2026-01-13_11-31-04,/root/repo/cdpr_synth_10hz/videos/HUMAN_CONTROL_desk__ycb_banana-ycb_peach_wrapper__localpatched_teleop_2026-01-13_11-31-04/trajectory_data.npz,ok,1712,0.0005841121495327102,0.018107476635514017,0.0049599455669522285,0.001161780150141567,0.008629418024793266,0.0872967541217804,ee_position,"(1712, 6)","(1712, 3)",0.0011682242990654205,0.0741822429906542,-0.004958588629961014,0.008539736270904541,0.0018153947312384844,0.0011682242990654205,0.053154205607476634,-0.008187055587768555,0.004583775997161865,0.001707361196167767,0.009345794392523364,0.051985981308411214,-0.02660077065229416,0.0040480345487594604,0.001212815404869616,0.9655373831775701,0.9655373831775701,-0.08726668357849121,0.08726668357849121,0.016199517995119095,0.9935747663551402,0.9935747663551402,-0.029999999329447746,0.029999999329447746,0.002404662547633052
HUMAN_CONTROL_desk__ycb_banana-ycb_pear_wrapper__localpatched_teleop_2026-01-12_14-36-52,/root/repo/cdpr_synth_10hz/videos/HUMAN_CONTROL_desk__ycb_banana-ycb_pear_wrapper__localpatched_teleop_2026-01-12_14-36-52/trajectory_data.npz,ok,394,0.0025380710659898475,0.07868020304568528,0.0030020293779671192,0.001255352166481316,0.009368161670863625,0.030667297542095184,ee_position,"(394, 6)","(394, 3)",0.007614213197969543,0.24619289340101522,-0.008447229862213135,0.002129221335053444,0.0029857922345399857,0.005076142131979695,0.22842639593908629,-0.005999220535159111,0.0060547590255737305,0.0022238020319491625,0.04060913705583756,0.07868020304568528,-0.02660077065229416,0.004269406199455261,0.0018871802603825927,1.0,1.0,0.0,0.0,0.0,0.9923857868020305,0.9923857868020305,-0.029999999329447746,0.029999999329447746,0.0026166762690991163
HUMAN_CONTROL_desk__ycb_banana-ycb_pear_wrapper__localpatched_teleop_2026-01-12_14-57-07,/root/repo/cdpr_synth_10hz/videos/HUMAN_CONTROL_desk__ycb_banana-ycb_pear_wrapper__localpatched_teleop_2026-01-12_14-57-07/trajectory_data.npz,ok,801,0.0012484394506866417,0.04369538077403246,0.008578188717365265,0.0013348013162612915,0.0872664675116539,0.08737359195947647,ee_position,"(801, 6)","(801, 3)",0.0024968789013732834,0.13108614232209737,-0.003911968320608139,0.0020437370985746384,0.0006048593786545098,0.0024968789013732834,0.13108614232209737,-0.0067412033677101135,0.008625656366348267,0.002897105645388365,0.019975031210986267,0.04868913857677903,-0.02660077065229416,0.004338353872299194,0.001536137773655355,0.9275905118601748,0.9275905118601748,-0.08726668357849121,0.08726668357849121,0.023481527343392372,0.9937578027465668,0.9937578027465668,-0.029999999329447746,0.029999999329447746,0.002369931200519204
HUMAN_CONTROL_desk__ycb_baseball-ycb_foam_brick-ycb_knife-ycb_mug_wrapper__localpatched_teleop_2026-01-13_13-05-20,/root/repo/cdpr_synth_10hz/videos/HUMAN_CONTROL_desk__ycb_baseball-ycb_foam_brick-ycb_knife-ycb_mug_wrapper__localpatched_teleop_2026-01-13_13-05-20/trajectory_data.npz,ok,608,0.001644736842105263,0.05921052631578947,0.0016237314557656646,0.0008728864486329257,0.004935568571090698,0.030306372791528702,ee_position,"(608, 6)","(608, 3)",0.003289473684210526,0.17763157894736842,-0.0037041306495666504,0.005877487361431122,0.0014249586965888739,0.003289473684210526,0.20559210526315788,-0.002955704927444458,0.003231324255466461,0.0008919351967051625,0.02631578947368421,0.05921052631578947,-0.02660077065229416,0.004558667540550232,0.0016794756520539522,1.0,1.0,0.0,0.0,0.0,0.9950657894736842,0.9950657894736842,-0.029999999329447746,0.029999999329447746,0.0021067403722554445
HUMAN_CONTROL_desk__ycb_baseball-ycb_foam_brick-ycb_knife-ycb_mug_wrapper__localpatched_teleop_2026-01-13_13-06-36,/root/repo/cdpr_synth_10hz/videos/HUMAN_CONTROL_desk__ycb_baseball-ycb_foam_brick-ycb_knife-ycb_mug_wrapper__localpatched_teleop_2026-01-13_13-06-36/trajectory_data.npz,ok,838,0.0011933174224343676,0.03699284009546539,0.0017537715611979365,0.0011834808392450213,0.005032975459471342,0.030194640159606934,ee_position,"(838, 6)","(838, 3)",0.002386634844868735,0.15035799522673032,-0.0037394165992736816,0.007677492219954729,0.0017090851906687021,0.002386634844868735,0.12171837708830549,-0.0036819782108068466,0.0024587661027908325,0.0009097566944546998,0.01909307875894988,0.03937947494033413,-0.02660077065229416,0.004484653472900391,0.0014759339392185211,1.0,1.0,0.0,0.0,0.0,0.9964200477326969,0.9964200477326969,-0.029999999329447746,0.029999999329447746,0.0017946239095181227
HUMAN_CONTROL_desk__ycb_baseball-ycb_foam_brick-ycb_knife-ycb_mug_wrapper__localpatched_teleop_2026-01-13_13-07-44,/root/repo/cdpr_synth_10hz/videos/HUMAN_CONTROL_desk__ycb_baseball-ycb_foam_brick-ycb_knife-ycb_mug_wrapper__localpatched_teleop_2026-01-13_13-07-44/trajectory_data.npz,ok,784,0.0012755102040816326,0.039540816326530615,0.0034905830398201942,0.0010733287781476974,0.005021503078751265,0.08726727217435837,ee_position,"(784, 6)","(784, 3)",0.002551020408163265,0.14795918367346939,-0.003157004714012146,0.004603240638971329,0.0009783301502466202,0.002551020408163265,0.11607142857142858,-0.0046512670814991,0.0026561617851257324,0.0008501193951815367,0.02040816326530612,0.039540816326530615,-0.02660077065229416,0.004928097128868103,0.0017099524848163128,0.9770408163265306,0.9770408163265306,0.0,0.08726668357849121,0.013070189394056797,0.9961734693877551,0.9961734693877551,-0.029999999329447746,0.029999999329447746,0.0018553739646449685
HUMAN_CONTROL_desk__ycb_baseball-ycb_foam_brick-ycb_knife-ycb_mug_wrapper__localpatched_teleop_2026-01-13_13-09-37,/root/repo/cdpr_synth_10hz/videos/HUMAN_CONTROL_desk__ycb_baseball-ycb_foam_brick-ycb_knife-ycb_mug_wrapper__localpatched_teleop_2026-01-13_13-09-37/trajectory_data.npz,ok,728,0.0013736263736263737,0.09340659340659341,0.004639043472707272,0.0008961564744822681,0.005654289736412462,0.08726823329925537,ee_position,"(728, 6)","(728, 3)",0.0027472527472527475,0.1978021978021978,-0.0021604150533676147,0.004005058668553829,0.0008698327001184225,0.0027472527472527475,0.20192307692307693,-0.0037430133670568466,0.003978025168180466,0.0011371624423190951,0.046703296703296704,0.09478021978021978,-0.02660077065229416,0.0049474239349365234,0.001749623566865921,0.9642857142857143,0.9642857142857143,-0.08726644515991211,0.08726644515991211,0.016463903710246086,0.9958791208791209,0.9958791208791209,-0.029999999329447746,0.029999999329447746,0.0019253812497481704
HUMAN_CONTROL_desk__ycb_baseball-ycb_foam_brick-ycb_knife-ycb_mug_wrapper__localpatched_teleop_2026-01-13_13-12-10,/root/repo/cdpr_synth_10hz/videos/HUMAN_CONTROL_desk__ycb_baseball-ycb_foam_brick-ycb_knife-ycb_mug_wrapper__localpatched_teleop_2026-01-13_13-12-10/trajectory_data.npz,ok,1155,0.0008658008658008658,0.02683982683982684,0.0036559856962412596,0.0011106113670393825,0.0047891601454466545,0.08726998418569565,ee_position,"(1155, 6)","(1155, 3)",0.0017316017316017316,0.07878787878787878,-0.005980916321277618,0.0029817745089530945,0.0010477303294464946,0.0017316017316017316,0.08311688311688312,-0.002771686762571335,0.0020270952954888344,0.0007726026233285666,0.013852813852813853,0.030303030303030304,-0.02660077065229416,0.004938244819641113,0.0015655976021662354,0.9757575757575757,0.9757575757575757,-0.08726668357849121,0.08726668357849121,0.013566345907747746,0.9956709956709957,0.9956709956709957,-0.029999999329447746,0.029999999329447746,0.0019736841786652803
HUMAN_CONTROL_desk__ycb_baseball-ycb_foam_brick-ycb_knife-ycb_mug_wrapper__localpatched_teleop_2026-01-13_13-15-06,/root/repo/cdpr_synth_10hz/videos/HUMAN_CONTROL_desk__ycb_baseball-ycb_foam_brick-ycb_knife-ycb_mug_wrapper__localpatched_teleop_2026-01-13_13-15-06/trajectory_data.npz,ok,688,0.0014534883720930232,0.04505813953488372,0.0014695677673444152,0.0010645014117471874,0.003645296138711273,0.030253369361162186,ee_position,"(688, 6)","(688, 3)",0.0029069767441860465,0.15261627906976744,-0.0031117312610149384,0.0036857426166534424,0.0008658141014166176,0.0029069767441860465,0.17296511627906977,-0.0015259999781847,0.0015423237346112728,0.00040062423795461655,0.023255813953488372,0.04505813953488372,-0.02660077065229416,0.003957584500312805,0.0017234209226444364,1.0,1.0,0.0,0.0,0.0,0.9956395348837209,0.9956395348837209,-0.029999999329447746,0.029999999329447746,0.0019805345218628645
HUMAN_CONTROL_desk__ycb_baseball-ycb_foam_brick-ycb_knife-ycb_mug_wrapper__localpatched_teleop_2026-01-13_13-16-22,/root/repo/cdpr_synth_10hz/videos/HUMAN_CONTROL_desk__ycb_baseball-ycb_foam_brick-ycb_knife-ycb_mug_wrapper__localpatched_teleop_2026-01-13_13-16-22/trajectory_data.npz,ok,756,0.0013227513227513227,0.041005291005291,0.0030970564112067223,0.0007109055004548281,0.0041564705315977335,0.08727239072322845,ee_position,"(756, 6)","(756, 3)",0.0026455026455026454,0.1164021164021164,-0.0032214634120464325,0.004060953855514526,0.0011024895356968045,0.0026455026455026454,0.14814814814814814,-0.0023806430399417877,0.0008666161447763443,0.0004796212597284466,0.021164021164021163,0.047619047619047616,-0.02660077065229416,0.00418485701084137,0.0014684933703392744,0.9788359788359788,0.9788359788359788,0.0,0.08726644515991211,0.012560338713228703,0.996031746031746,0.996031746031746,-0.029999999329447746,0.029999999329447746,0.0018894056556746364
HUMAN_CONTROL_desk__ycb_baseball-ycb_foam_brick-ycb_knife-ycb_mug_wrapper__localpatched_teleop_2026-01-13_13-19-21,/root/repo/cdpr_synth_10hz/videos/HUMAN_CONTROL_desk__ycb_baseball-ycb_foam_brick-ycb_knife-ycb_mug_wrapper__localpatched_teleop_2026-01-13_13-19-21/trajectory_data.npz,ok,733,0.001364256480218281,0.0504774897680764,0.0015962098259478807,0.0011645748745650053,0.004005632549524307,0.030156191438436508,ee_position,"(733, 6)","(733, 3)",0.002728512960436562,0.09959072305593451,-0.004580006003379822,0.0038938112556934357,0.0011713973945006728,0.002728512960436562,0.14733969986357434,-0.0015585646033287048,0.0021374374628067017,0.0005073981010355055,0.023192360163710776,0.05184174624829468,-0.02660077065229416,0.004210665822029114,0.0017415174515917897,1.0,1.0,0.0,0.0,0.0,0.9959072305593452,0.9959072305593452,-0.029999999329447746,0.029999999329447746,0.0019188064616173506
HUMAN_CONTROL_desk__ycb_baseball-ycb_foam_brick-ycb_knife-ycb_mug_wrapper__localpatched_teleop_2026-01-13_13-21-42,/root/repo/cdpr_synth_10hz/videos/HUMAN_CONTROL_desk__ycb_baseball-ycb_foam_brick-ycb_knife-ycb_mug_wrapper__localpatched_teleop_2026-01-13_13-21-42/trajectory_data.npz,ok,737,0.0013568521031207597,0.021709633649932156,0.001806252053938806,0.0006353674689307809,0.004121241904795169,0.0872710570693016,ee_position,"(737, 6)","(737, 3)",0.0013568521031207597,0.1044776119402985,-0.0008552819490432739,0.005490005016326904,0.0009745073039084673,0.0013568521031207597,0.11940298507462686,-0.0028869658708572388,0.0009065377525985241,0.0005808109417557716,0.0013568521031207597,0.054274084124830396,-0.025826245546340942,0.004157423973083496,0.0014584676828235388,0.9932157394843962,0.9932157394843962,0.0,0.08726644515991211,0.007163419388234615,0.9959294436906377,0.9959294436906377,-0.029999999329447746,0.029999999329447746,0.0019135941984131932
HUMAN_CONTROL_desk__ycb_baseball-ycb_foam_brick-ycb_knife-ycb_mug_wrapper__localpatched_teleop_2026-01-13_13-22-40,/root/repo/cdpr_synth_10hz/videos/HUMAN_CONTROL_desk__ycb_baseball-ycb_foam_brick-ycb_knife-ycb_mug_wrapper__localpatched_teleop_2026-01-13_13-22-40/trajectory_data.npz,ok,605,0.001652892561983471,0.001652892561983471,0.0018832231871783733,0.0011545760789886117,0.005946618504822249,0.03025430254638195,ee_position,"(605, 6)","(605, 3)",0.003305785123966942,0.06115702479338843,-0.004384052008390427,0.007023826241493225,0.002004315610975027,0.001652892561983471,0.08264462809917356,-0.0036680400371551514,0.0019312761723995209,0.0008066138252615929,0.001652892561983471,0.026446280991735537,-0.024491146206855774,0.003704071044921875,0.0015629734843969345,1.0,1.0,0.0,0.0,0.0,0.9950413223140496,0.9950413223140496,-0.029999999329447746,0.029999999329447746,0.0021119541488587856
HUMAN_CONTROL_desk__ycb_baseball-ycb_foam_brick-ycb_knife-ycb_mug_wrapper__localpatched_teleop_2026-01-13_13-23-26,/root/repo/cdpr_synth_10hz/videos/HUMAN_CONTROL_desk__ycb_baseball-ycb_foam_brick-ycb_knife-ycb_mug_wrapper__localpatched_teleop_2026-01-13_13-23-26/trajectory_data.npz,ok,711,0.0014064697609001407,0.04360056258790436,0.002457073889672756,0.0008263848721981049,0.0049550950061529875,0.08728092908859253,ee_position,"(711, 6)","(711, 3)",0.0028129395218002813,0.22925457102672292,-0.004410106688737869,0.0027036890387535095,0.0008689308888278902,0.0028129395218002813,0.13220815752461323,-0.004794280976057053,0.004088468849658966,0.0013882005587220192,0.02250351617440225,0.04922644163150492,-0.02660077065229416,0.0038940459489822388,0.001523836050182581,0.9887482419127989,0.9887482419127989,-0.08726644515991211,0.0,0.0092045022174716,0.9957805907172996,0.9957805907172996,-0.029999999329447746,0.029999999329447746,0.0019482526695355773
HUMAN_CONTROL_desk__ycb_baseball-ycb_foam_brick-ycb_knife-ycb_mug_wrapper__localpatched_teleop_2026-01-13_13-24-28,/root/repo/cdpr_synth_10hz/videos/HUMAN_CONTROL_desk__ycb_baseball-ycb_foam_brick-ycb_knife-ycb_mug_wrapper__localpatched_teleop_2026-01-13_13-24-28/trajectory_data.npz,ok,684,0.0014619883040935672,0.12280701754385964,0.002547650830820203,0.0007956191839184612,0.005568180233240128,0.08727055788040161,ee_position,"(684, 6)","(684, 3)",0.0043859649122807015,0.2880116959064328,-0.002003602683544159,0.0037789493799209595,0.0007877022726461291,0.0029239766081871343,0.20906432748538012,-0.006203554570674896,0.003928288817405701,0.0014984769513830543,0.07456140350877193,0.2807017543859649,-0.02660077065229416,0.005244612693786621,0.00171876500826329,0.9883040935672515,0.9883040935672515,0.0,0.08726644515991211,0.009382304735481739,0.9956140350877193,0.9956140350877193,-0.029999999329447746,0.029999999329447746,0.001986314309760928
HUMAN_CONTROL_desk__ycb_baseball-ycb_foam_brick-ycb_knife-ycb_mug_wrapper__localpatched_teleop_2026-01-13_13-25-18,/root/repo/cdpr_synth_10hz/videos/HUMAN_CONTROL_desk__ycb_baseball-ycb_foam_brick-ycb_knife-ycb_mug_wrapper__localpatched_teleop_2026-01-13_13-25-18/trajectory_data.npz,ok,784,0.0012755102040816326,0.04336734693877551,0.002959661418572068,0.0006327971059363335,0.003825835057068615,0.08727280050516129,ee_position,"(784, 6)","(784, 3)",0.002551020408163265,0.15816326530612246,-0.0024219276383519173,0.001096382737159729,0.00043672180618159473,0.002551020408163265,0.13903061224489796,-0.0023993998765945435,0.0029163621366024017,0.0007040348718874156,0.02040816326530612,0.04336734693877551,-0.02660077065229416,0.004134029150009155,0.0014521513367071748,0.9783163265306123,0.9783163265306123,-0.08726644515991211,0.08726644515991211,0.012849832884967327,0.9961734693877551,0.9961734693877551,-0.029999999329447746,0.029999999329447746,0.0018553740810602903
HUMAN_CONTROL_desk__ycb_baseball-ycb_foam_brick-ycb_knife-ycb_mug_wrapper__localpatched_teleop_2026-01-13_13-26-53,/root/repo/cdpr_synth_10hz/videos/HUMAN_CONTROL_desk__ycb_baseball-ycb_foam_brick-ycb_knife-ycb_mug_wrapper__localpatched_teleop_2026-01-13_13-26-53/trajectory_data.npz,ok,589,0.001697792869269949,0.05263157894736842,0.002110011177137494,0.0008422635728493333,0.00590104814618826,0.08726903051137924,ee_position,"(589, 6)","(589, 3)",0.003395585738539898,0.23429541595925296,-0.005347087979316711,0.003230554983019829,0.0013361250748857856,0.003395585738539898,0.15619694397283532,-0.0058213770389556885,0.003663003444671631,0.0013772592647001147,0.027164685908319185,0.14770797962648557,-0.02660077065229416,0.004344373941421509,0.0016492903232574463,0.9949066213921901,0.9949066213921901,-0.08726644515991211,0.0,0.006212142761796713,0.9949066213921901,0.9949066213921901,-0.029999999329447746,0.029999999329447746,0.0021404314320534468
HUMAN_CONTROL_desk__ycb_baseball-ycb_foam_brick-ycb_knife-ycb_mug_wrapper__localpatched_teleop_2026-01-13_13-27-45,/root/repo/cdpr_synth_10hz/videos/HUMAN_CONTROL_desk__ycb_baseball-ycb_foam_brick-ycb_knife-ycb_mug_wrapper__localpatched_teleop_2026-01-13_13-27-45/trajectory_data.npz,ok,608,0.001644736842105263,0.05098684210526316,0.0019364568870514631,0.0011441907263360918,0.00592312179505825,0.030311165377497673,ee_position,"(608, 6)","(608, 3)",0.003289473684210526,0.24013157894736842,-0.0023830709978938103,0.004996105562895536,0.0012223564554005861,0.003289473684210526,0.14473684210526316,-0.006362698972225189,0.005402311682701111,0.0018254824681207538,0.02631578947368421,0.06085526315789474,-0.02660077065229416,0.0036582499742507935,0.0015934198163449764,1.0,1.0,0.0,0.0,0.0,0.9950657894736842,0.9950657894736842,-0.029999999329447746,0.029999999329447746,0.0021067403722554445
HUMAN_CONTROL_desk__ycb_baseball-ycb_foam_brick-ycb_knife-ycb_mug_wrapper__localpatched_teleop_2026-01-13_13-28-30,/root/repo/cdpr_synth_10hz/videos/HUMAN_CONTROL_desk__ycb_baseball-ycb_foam_brick-ycb_knife-ycb_mug_wrapper__localpatched_teleop_2026-01-13_13-28-30/trajectory_data.npz,ok,622,0.001607717041800643,0.04983922829581994,0.002282358007505536,0.0007805518980603665,0.004718853766098614,0.08726780116558075,ee_position,"(622, 6)","(622, 3)",0.003215434083601286,0.23311897106109325,-0.0023549944162368774,0.0047714076936244965,0.0009358647512272,0.003215434083601286,0.18006430868167203,-0.004790760576725006,0.004346713423728943,0.001304436125792563,0.027331189710610933,0.09163987138263666,-0.02660077065229416,0.003906711935997009,0.001540311030112207,0.9903536977491961,0.9903536977491961,-0.08726644515991211,0.08726644515991211,0.00856633111834526,0.9951768488745981,0.9951768488745981,-0.029999999329447746,0.029999999329447746,0.0020829089917242527
HUMAN_CONTROL_desk__ycb_baseball-ycb_foam_brick-ycb_knife-ycb_mug_wrapper__localpatched_teleop_2026-01-13_13-30-10,/root/repo/cdpr_synth_10hz/videos/HUMAN_CONTROL_desk__ycb_baseball-ycb_foam_brick-ycb_knife-ycb_mug_wrapper__localpatched_teleop_2026-01-13_13-30-10/trajectory_data.npz,ok,580,0.0017241379310344827,0.05344827586206897,0.002444447483867407,0.0006452352681662887,0.004953917488455768,0.08727725595235825,ee_position,"(580, 6)","(580, 3)",0.0034482758620689655,0.15172413793103448,-0.003655761480331421,0.0007138922810554504,0.0005891063483431935,0.0034482758620689655,0.15172413793103448,-0.005640290677547455,0.00448986142873764,0.0015213127480819821,0.027586206896551724,0.06206896551724138,-0.02660077065229416,0.003912009298801422,0.0014874975895509124,0.9879310344827587,0.9879310344827587,-0.08726644515991211,0.08726644515991211,0.009576358832418919,0.9948275862068966,0.9948275862068966,-0.029999999329447746,0.029999999329447746,0.002156964736059308
HUMAN_CONTROL_desk__ycb_baseball-ycb_foam_brick-ycb_knife-ycb_mug_wrapper__localpatched_teleop_2026-01-13_13-30-50,/root/repo/cdpr_synth_10hz/videos/HUMAN_CONTROL_desk__ycb_baseball-ycb_foam_brick-ycb_knife-ycb_mug_wrapper__localpatched_teleop_2026-01-13_13-30-50/trajectory_data.npz,ok,753,0.0013280212483399733,0.041168658698539175,0.003130094613879919,0.0011357602197676897,0.00627238331362605,0.08727464824914932,ee_position,"(753, 6)","(753, 3)",0.0026560424966799467,0.11819389110225764,-0.0022877901792526245,0.005198579281568527,0.0012097320286557078,0.0026560424966799467,0.10358565737051793,-0.005821391940116882,0.00536872074007988,0.0017141883727163076,0.021248339973439574,0.055776892430278883,-0.02660077065229416,0.00449642539024353,0.0015890001086518168,0.9853917662682603,0.9853917662682603,-0.08726644515991211,0.0,0.010470095090568066,0.9960159362549801,0.9960159362549801,-0.029999999329447746,0.029999999329447746,0.0018931638915091753
HUMAN_CONTROL_desk__ycb_baseball_wrapper__localpatched_teleop_2025-12-26_12-16-15,/root/repo/cdpr_synth_10hz/videos/HUMAN_CONTROL_desk__ycb_baseball_wrapper__localpatched_teleop_2025-12-26_12-16-15/trajectory_data.npz,ok,548,0.0018248175182481751,0.05656934306569343,0.0016301089199259877,0.0009472676902078092,0.005960401450283825,0.03002793900668621,ee_position,"(548, 6)","(548, 3)",0.0036496350364963502,0.20985401459854014,-0.0027717221528291702,0.003150656819343567,0.0007613578927703202,0.0036496350364963502,0.16605839416058393,-0.004462976008653641,0.003050483763217926,0.0011185723124071956,0.029197080291970802,0.06204379562043796,-0.02660077065229416,0.006501495838165283,0.002084932755678892,1.0,1.0,0.0,0.0,0.0,0.9963503649635036,0.9963503649635036,-0.029999999329447746,0.029999999329447746,0.0018123663030564785
HUMAN_CONTROL_desk__ycb_bowl-ycb_g_cups-ycb_hammer-ycb_medium_clamp_wrapper__localpatched_teleop_2026-01-13_13-00-01,/root/repo/cdpr_synth_10hz/videos/HUMAN_CONTROL_desk__ycb_bowl-ycb_g_cups-ycb_hammer-ycb_medium_clamp_wrapper__localpatched_teleop_2026-01-13_13-00-01/trajectory_data.npz,ok,555,0.0018018018018018018,0.0018018018018018018,0.0015945523045957088,0.0011748080141842365,0.004223250225186347,0.030184736475348473,ee_position,"(555, 6)","(555, 3)",0.0018018018018018018,0.12792792792792793,-0.00200856477022171,0.0036493539810180664,0.0008595047402195632,0.0018018018018018018,0.005405405405405406,-0.004630081355571747,0.0029434189200401306,0.0011401745723560452,0.007207207207207207,0.04504504504504504,-0.02185124158859253,0.004558458924293518,0.0015668750274926424,1.0,1.0,0.0,0.0,0.0,0.9945945945945946,0.9945945945945946,-0.029999999329447746,0.029999999329447746,0.0022049813997000456
HUMAN_CONTROL_desk__ycb_bowl-ycb_g_cups-ycb_hammer-ycb_medium_clamp_wrapper__localpatched_teleop_2026-01-13_13-01-08,/root/repo/cdpr_synth_10hz/videos/HUMAN_CONTROL_desk__ycb_bowl-ycb_g_cups-ycb_hammer-ycb_medium_clamp_wrapper__localpatched_teleop_2026-01-13_13-01-08/trajectory_data.npz,ok,557,0.0017953321364452424,0.05565529622980251,0.004360892344266176,0.0007783303153701127,0.0060334804467856796,0.08731447905302048,ee_position,"(557, 6)","(557, 3)",0.003590664272890485,0.18850987432675045,-0.004608113318681717,0.0029185712337493896,0.0011407836573198438,0.003590664272890485,0.3608617594254937,-0.003708021715283394,0.00044524669647216797,0.0007011176785454154,0.02872531418312388,0.05745062836624776,-0.02660077065229416,0.004487782716751099,0.0016702315770089626,0.9658886894075404,0.9658886894075404,0.0,0.08726668357849121,0.015840178355574608,0.9946140035906643,0.9946140035906643,-0.029999999329447746,0.029999999329447746,0.0022010216489434242
HUMAN_CONTROL_desk__ycb_bowl-ycb_peach-ycb_pear_wrapper__localpatched_teleop_2025-12-26_11-32-40,/root/repo/cdpr_synth_10hz/videos/HUMAN_CONTROL_desk__ycb_bowl-ycb_peach-ycb_pear_wrapper__localpatched_teleop_2025-12-26_11-32-40/trajectory_data.npz,ok,688,0.0014534883720930232,0.056686046511627904,0.0022207866422832012,0.0009433653031010181,0.009743171650916333,0.030027538537979126,ee_position,"(688, 6)","(688, 3)",0.0029069767441860465,0.1816860465116279,-0.00364106148481369,0.008108764886856079,0.001995213096961379,0.0029069767441860465,0.18023255813953487,-0.004247061908245087,0.007037028670310974,0.0016516646137461066,0.023255813953488372,0.07994186046511628,-0.02660077065229416,0.007136523723602295,0.0022803659085184336,1.0,1.0,0.0,0.0,0.0,0.9956395348837209,0.9956395348837209,-0.029999999329447746,0.029999999329447746,0.0019805345218628645
HUMAN_CONTROL_desk__ycb_bowl-ycb_peach-ycb_pear_wrapper__localpatched_teleop_2025-12-26_11-34-19,/root/repo/cdpr_synth_10hz/videos/HUMAN_CONTROL_desk__ycb_bowl-ycb_peach-ycb_pear_wrapper__localpatched_teleop_2025-12-26_11-34-19/trajectory_data.npz,ok,917,0.0010905125408942203,0.03380588876772083,0.004674720577895641,0.0007360047311522067,0.006054935045540325,0.08727821707725525,ee_position,"(917, 6)","(917, 3)",0.0021810250817884407,0.15267175572519084,-0.0045927744358778,0.0015824344009160995,0.0008659427403472364,0.0021810250817884407,0.13631406761177753,-0.004667241126298904,0.002963736653327942,0.0008575449464842677,0.017448200654307525,0.04471101417666303,-0.02660077065229416,0.005784347653388977,0.001589832711033523,0.960741548527808,0.960741548527808,-0.08726644515991211,0.08726644515991211,0.017289701849222183,0.9967284623773174,0.9967284623773174,-0.029999999329447746,0.029999999329447746,0.0017156086396425962
HUMAN_CONTROL_desk__ycb_bowl-ycb_peach-ycb_pear_wrapper__localpatched_teleop_2025-12-26_11-40-46,/root/repo/cdpr_synth_10hz/videos/HUMAN_CONTROL_desk__ycb_bowl-ycb_peach-ycb_pear_wrapper__localpatched_teleop_2025-12-26_11-40-46/trajectory_data.npz,ok,1735,0.0005763688760806917,0.02824207492795389,0.003986440598964691,0.0006406413158401847,0.005451269214972852,0.08727040141820908,ee_position,"(1735, 6)","(1735, 3)",0.0011527377521613833,0.07377521613832853,-0.004822667688131332,0.002961251884698868,0.0008412105380557477,0.0005763688760806917,0.14697406340057637,-0.005167800933122635,0.004994489252567291,0.0010558591457083821,0.01440922190201729,0.10144092219020173,-0.02553366869688034,0.005439534783363342,0.0012949942611157894,0.9677233429394813,0.9677233429394813,-0.08726644515991211,0.08726644515991211,0.015669962391257286,0.9976945244956772,0.9976945244956772,-0.029999999329447746,0.029999999329447746,0.0014404610265046358
HUMAN_CONTROL_desk__ycb_bowl-ycb_peach-ycb_pear_wrapper__localpatched_teleop_2025-12-26_11-42-50,/root/repo/cdpr_synth_10hz/videos/HUMAN_CONTROL_desk__ycb_bowl-ycb_peach-ycb_pear_wrapper__localpatched_teleop_2025-12-26_11-42-50/trajectory_data.npz,ok,1651,0.0006056935190793458,0.01877649909145972,0.002642594277858734,0.0008951451745815575,0.008353466168045998,0.08726648986339569,ee_position,"(1651, 6)","(1651, 3)",0.0012113870381586917,0.10720775287704422,-0.00541507825255394,0.006588239222764969,0.0016636248910799623,0.0012113870381586917,0.12477286493034524,-0.00822199136018753,0.004310961812734604,0.0018414092482998967,0.009691096305269533,0.09630526953361598,-0.02660077065229416,0.007609963417053223,0.0017132879002019763,0.9915202907328892,0.9915202907328892,-0.08726644515991211,0.08726644515991211,0.008035264909267426,0.9969715324046032,0.9969715324046032,-0.029999999329447746,0.029999999329447746,0.0016508453991264105
HUMAN_CONTROL_desk__ycb_bowl-ycb_peach-ycb_pear_wrapper__localpatched_teleop_2025-12-26_11-47-52,/root/repo/cdpr_synth_10hz/videos/HUMAN_CONTROL_desk__ycb_bowl-ycb_peach-ycb_pear_wrapper__localpatched_teleop_2025-12-26_11-47-52/trajectory_data.npz,ok,656,0.001524390243902439,0.04725609756097561,0.0034832307137548923,0.0009695170738268644,0.007481762091629207,0.08728908002376556,ee_position,"(656, 6)","(656, 3)",0.003048780487804878,0.14939024390243902,-0.005633927881717682,0.003028634935617447,0.0011944068828597665,0.003048780487804878,0.15701219512195122,-0.005420703440904617,0.003457615152001381,0.0012213285081088543,0.024390243902439025,0.04725609756097561,-0.02660077065229416,0.005910545587539673,0.0020284673664718866,0.9801829268292683,0.9801829268292683,-0.08726644515991211,0.08726644515991211,0.01228404976427555,0.9954268292682927,0.9954268292682927,-0.029999999329447746,0.029999999329447746,0.0020282412879168987
HUMAN_CONTROL_desk__ycb_bowl-ycb_peach-ycb_pear_wrapper__localpatched_teleop_2026-01-09_16-02-40,/root/repo/cdpr_synth_10hz/videos/HUMAN_CONTROL_desk__ycb_bowl-ycb_peach-ycb_pear_wrapper__localpatched_teleop_2026-01-09_16-02-40/trajectory_data.npz,ok,533,0.001876172607879925,0.058161350844277676,0.0023326664231717587,0.0009801810374483466,0.009068115986883639,0.030162731185555458,ee_position,"(533, 6)","(533, 3)",0.00375234521575985,0.1669793621013133,-0.0058012306690216064,0.008146651089191437,0.002393112052232027,0.00375234521575985,0.19324577861163228,-0.006598174571990967,0.004603222012519836,0.0016120524378493428,0.0300187617260788,0.08067542213883677,-0.02660077065229416,0.00690343976020813,0.0021086186170578003,1.0,1.0,0.0,0.0,0.0,0.9943714821763602,0.9943714821763602,-0.029999999329447746,0.029999999329447746,0.002249999437481165
HUMAN_CONTROL_desk__ycb_bowl-ycb_peach-ycb_pear_wrapper__localpatched_teleop_2026-01-09_16-04-01,/root/repo/cdpr_synth_10hz/videos/HUMAN_CONTROL_desk__ycb_bowl-ycb_peach-ycb_pear_wrapper__localpatched_teleop_2026-01-09_16-04-01/trajectory_data.npz,ok,957,0.0010449320794148381,0.017763845350052248,0.0029692689422518015,0.0009752088226377964,0.006816733628511427,0.0872744545340538,ee_position,"(957, 6)","(957, 3)",0.0041797283176593526,0.1013584117032393,-0.006163150072097778,0.0027116090059280396,0.001140677952207625,0.0020898641588296763,0.04911180773249739,-0.006580322980880737,0.00688190758228302,0.001858141622506082,0.0041797283176593526,0.06269592476489028,-0.02660077065229416,0.006375648081302643,0.0015194942243397236,0.987460815047022,0.987460815047022,-0.08726644515991211,0.08726644515991211,0.009770262986421585,0.9926854754440961,0.9926854754440961,-0.029999999329447746,0.029999999329447746,0.0025655580684542656
HUMAN_CONTROL_desk__ycb_bowl-ycb_peach-ycb_pear_wrapper__localpatched_teleop_2026-01-09_16-05-30,/root/repo/cdpr_synth_10hz/videos/HUMAN_CONTROL_desk__ycb_bowl-ycb_peach-ycb_pear_wrapper__localpatched_teleop_2026-01-09_16-05-30/trajectory_data.npz,ok,955,0.0010471204188481676,0.032460732984293195,0.0032490515150129795,0.0007529383874498308,0.005033974396064875,0.0873204842209816,ee_position,"(955, 6)","(955, 3)",0.0020942408376963353,0.18324607329842932,-0.0028153806924819946,0.003082115203142166,0.00067283702082932,0.0020942408376963353,0.09947643979057591,-0.0005158483982086182,0.003495164215564728,0.0006270912126637995,0.016753926701570682,0.08376963350785341,-0.02660077065229416,0.005903497338294983,0.001702131237834692,0.9780104712041885,0.9780104712041885,-0.08726644515991211,0.08726644515991211,0.01294030249118805,0.9947643979057592,0.9947643979057592,-0.029999999329447746,0.029999999329447746,0.0021704963874071836
HUMAN_CONTROL_desk__ycb_bowl-ycb_peach-ycb_pear_wrapper__localpatched_teleop_2026-01-09_16-06-34,/root/repo/cdpr_synth_10hz/videos/HUMAN_CONTROL_desk__ycb_bowl-ycb_peach-ycb_pear_wrapper__localpatched_teleop_2026-01-09_16-06-34/trajectory_data.npz,ok,1501,0.0006662225183211193,0.010659560293137908,0.004222032148391008,0.0009736630599945784,0.007313467562198639,0.08726885914802551,ee_position,"(1501, 6)","(1501, 3)",0.0013324450366422385,0.08860759493670886,-0.005977630615234375,0.007131561636924744,0.0020468616858124733,0.0013324450366422385,0.03530979347101932,-0.005404770374298096,0.004496917128562927,0.0010597298387438059,0.002664890073284477,0.046635576282478344,-0.02660077065229416,0.006684884428977966,0.0014168597990646958,0.9726848767488341,0.9726848767488341,-0.08726668357849121,0.08726668357849121,0.014421723783016205,0.9966688874083944,0.9966688874083944,-0.029999999329447746,0.029999999329447746,0.0017313582357019186
HUMAN_CONTROL_desk__ycb_bowl-ycb_peach-ycb_pear_wrapper__localpatched_teleop_2026-01-09_16-08-32,/root/repo/cdpr_synth_10hz/videos/HUMAN_CONTROL_desk__ycb_bowl-ycb_peach-ycb_pear_wrapper__localpatched_teleop_2026-01-09_16-08-32/trajectory_data.npz,ok,1030,0.000970873786407767,0.030097087378640777,0.004842118360102177,0.0005335429450497031,0.005273437360301613,0.08736816793680191,ee_position,"(1030, 6)","(1030, 3)",0.001941747572815534,0.22233009708737864,-0.0009143352508544922,0.0045305341482162476,0.0006904460024088621,0.001941747572815534,0.19902912621359223,-0.0027101412415504456,0.0009105652570724487,0.00045178085565567017,0.015533980582524271,0.08155339805825243,-0.02660077065229416,0.005271628499031067,0.0014017894864082336,0.9553398058252427,0.9553398058252427,-0.08726644515991211,0.08726644515991211,0.018441202118992805,0.9970873786407767,0.9970873786407767,-0.029999999329447746,0.029999999329447746,0.0016187994042411447
HUMAN_CONTROL_desk__ycb_bowl-ycb_peach-ycb_pear_wrapper__localpatched_teleop_2026-01-09_16-12-34,/root/repo/cdpr_synth_10hz/videos/HUMAN_CONTROL_desk__ycb_bowl-ycb_peach-ycb_pear_wrapper__localpatched_teleop_2026-01-09_16-12-34/trajectory_data.npz,ok,761,0.001314060446780552,0.040735873850197106,0.0028170179575681686,0.0008504713186994195,0.007629000581800938,0.08726755529642105,ee_position,"(761, 6)","(761, 3)",0.002628120893561104,0.1392904073587385,-0.0077093616127967834,0.0029843878000974655,0.0016399952583014965,0.002628120893561104,0.11695137976346912,-0.0021608900278806686,0.005579836666584015,0.0010614326456561685,0.02102496714848883,0.04204993429697766,-0.02660077065229416,0.004568740725517273,0.0015275799669325352,0.985545335085414,0.985545335085414,-0.08726644515991211,0.08726644515991211,0.0104912044480443,0.9960578186596584,0.9960578186596584,-0.029999999329447746,0.029999999329447746,0.0018831914057955146
HUMAN_CONTROL_desk__ycb_bowl-ycb_peach-ycb_pear_wrapper__localpatched_teleop_2026-01-09_16-13-27,/root/repo/cdpr_synth_10hz/videos/HUMAN_CONTROL_desk__ycb_bowl-ycb_peach-ycb_pear_wrapper__localpatched_teleop_2026-01-09_16-13-27/trajectory_data.npz,ok,724,0.0013812154696132596,0.04281767955801105,0.002631488721817732,0.0012526263599283993,0.007511833566240967,0.08726657181978226,ee_position,"(724, 6)","(724, 3)",0.0027624309392265192,0.10497237569060773,-0.005315065383911133,0.00664246641099453,0.0015385177684947848,0.0027624309392265192,0.10359116022099447,-0.007391199469566345,0.007691964507102966,0.002444744808599353,0.022099447513812154,0.0718232044198895,-0.02660077065229416,0.004174783825874329,0.0015397245297208428,0.9958563535911602,0.9958563535911602,0.0,0.08726644515991211,0.005605792161077261,0.9958563535911602,0.9958563535911602,-0.029999999329447746,0.029999999329447746,0.0019306899048388004
HUMAN_CONTROL_desk__ycb_bowl-ycb_peach-ycb_pear_wrapper__localpatched_teleop_2026-01-09_16-14-26,/root/repo/cdpr_synth_10hz/videos/HUMAN_CONTROL_desk__ycb_bowl-ycb_peach-ycb_pear_wrapper__localpatched_teleop_2026-01-09_16-14-26/trajectory_data.npz,ok,744,0.0013440860215053765,0.03494623655913978,0.0037515428848564625,0.000653168506687507,0.007657481567002834,0.08727464824914932,ee_position,"(744, 6)","(744, 3)",0.002688172043010753,0.08333333333333333,-0.007077891379594803,0.006429389119148254,0.0019450272666290402,0.002688172043010753,0.09811827956989247,-0.006192639470100403,0.0018304884433746338,0.0011713252170011401,0.01478494623655914,0.0846774193548387,-0.02660077065229416,0.0047336965799331665,0.0014289377722889185,0.9758064516129032,0.9758064516129032,-0.08726644515991211,0.08726644515991211,0.013571634888648987,0.9959677419354839,0.9959677419354839,-0.029999999329447746,0.029999999329447746,0.001904575154185295
HUMAN_CONTROL_desk__ycb_bowl-ycb_peach-ycb_pear_wrapper__localpatched_teleop_2026-01-09_16-15-23,/root/repo/cdpr_synth_10hz/videos/HUMAN_CONTROL_desk__ycb_bowl-ycb_peach-ycb_pear_wrapper__localpatched_teleop_2026-01-09_16-15-23/trajectory_data.npz,ok,779,0.0012836970474967907,0.02053915275994865,0.005526646040380001,0.001212234958074987,0.008733167219907042,0.0872717946767807,ee_position,"(779, 6)","(779, 3)",0.0025673940949935813,0.06161745827984596,-0.007710590958595276,0.0072782039642333984,0.0023424336686730385,0.0025673940949935813,0.06033376123234917,-0.0011585801839828491,0.005154967308044434,0.001186716603115201,0.0025673940949935813,0.024390243902439025,-0.02660077065229416,0.0059761106967926025,0.0016320997383445501,0.9602053915275995,0.9602053915275995,-0.08726668357849121,0.0,0.01705852709710598,0.9974326059050064,0.9974326059050064,-0.029999999329447746,0.029999999329447746,0.0015200837515294552
HUMAN_CONTROL_desk__ycb_bowl-ycb_peach-ycb_pear_wrapper__localpatched_teleop_2026-01-09_16-16-27,/root/repo/cdpr_synth_10hz/videos/HUMAN_CONTROL_desk__ycb_bowl-ycb_peach-ycb_pear_wrapper__localpatched_teleop_2026-01-09_16-16-27/trajectory_data.npz,ok,1096,0.0009124087591240876,0.023722627737226276,0.009113908745348454,0.0009734198683872819,0.08726648986339569,0.08726987987756729,ee_position,"(1096, 6)","(1096, 3)",0.0018248175182481751,0.0666058394160584,-0.005121131893247366,0.005585566163063049,0.0012915513943880796,0.0018248175182481751,0.048357664233576646,-0.0063331350684165955,0.007304973900318146,0.0019167610444128513,0.010036496350364963,0.04288321167883212,-0.02660077065229416,0.006435200572013855,0.0016524959355592728,0.916058394160584,0.916058394160584,-0.08726668357849121,0.08726668357849121,0.02528342977166176,0.9963503649635036,0.9963503649635036,-0.029999999329447746,0.029999999329447746,0.0018123663030564785
HUMAN_CONTROL_desk__ycb_bowl-ycb_peach-ycb_pear_wrapper__localpatched_teleop_2026-01-09_16-17-51,/root/repo/cdpr_synth_10hz/videos/HUMAN_CONTROL_desk__ycb_bowl-ycb_peach-ycb_pear_wrapper__localpatched_teleop_2026-01-09_16-17-51/trajectory_data.npz,ok,539,0.0018552875695732839,0.0575139146567718,0.005252996925264597,0.0004953279276378453,0.02694084066897619,0.08730283379554749,ee_position,"(539, 6)","(539, 3)",0.0037105751391465678,0.15213358070500926,-0.0046502649784088135,0.0014491602778434753,0.0011124752927571535,0.0055658627087198514,0.2597402597402597,-0.00029671192169189453,0.004234820604324341,0.0008521735435351729,0.029684601113172542,0.059369202226345084,-0.02660077065229416,0.004211530089378357,0.0017336664022877812,0.9554730983302412,0.9554730983302412,-0.08726644515991211,0.08726644515991211,0.01840304769575596,0.9944341372912802,0.9944341372912802,-0.029999999329447746,0.029999999329447746,0.0022374491672962904
HUMAN_CONTROL_desk__ycb_c_cups_wrapper__localpatched_teleop_2025-12-26_12-20-41,/root/repo/cdpr_synth_10hz/videos/HUMAN_CONTROL_desk__ycb_c_cups_wrapper__localpatched_teleop_2025-12-26_12-20-41/trajectory_data.npz,ok,893,0.0011198208286674132,0.03583426651735722,0.0067074536345899105,0.00110453215893358,0.08727037459611893,0.08733738213777542,ee_position,"(893, 6)","(893, 3)",0.0022396416573348264,0.14669652855543114,-0.006506040692329407,0.006249666213989258,0.0014099635882303119,0.0022396416573348264,0.11534154535274356,-0.000927358865737915,0.004961967468261719,0.0010270943166688085,0.01791713325867861,0.03807390817469205,-0.02660077065229416,0.005717426538467407,0.001879776711575687,0.9417693169092946,0.9417693169092946,-0.08726668357849121,0.08726644515991211,0.02072829380631447,0.9955207166853304,0.9955207166853304,-0.029999999329447746,0.029999999329447746,0.0020078234374523163
HUMAN_CONTROL_desk__ycb_d_cups_wrapper__localpatched_teleop_2025-12-26_12-22-59,/root/repo/cdpr_synth_10hz/videos/HUMAN_CONTROL_desk__ycb_d_cups_wrapper__localpatched_teleop_2025-12-26_12-22-59/trajectory_data.npz,ok,514,0.0019455252918287938,0.06031128404669261,0.009518824517726898,0.0010654701618477702,0.08727611973881721,0.08734625577926636,ee_position,"(514, 6)","(514, 3)",0.0038910505836575876,0.20817120622568094,-0.0004388168454170227,0.0030497536063194275,0.0005671060644090176,0.0038910505836575876,0.17898832684824903,-0.0038318876177072525,0.000581003725528717,0.0007213670178316534,0.03501945525291829,0.11867704280155641,-0.02660077065229416,0.005118653178215027,0.002101432764902711,0.9066147859922179,0.9066147859922179,-0.08726668357849121,0.0,0.02539205178618431,0.9961089494163424,0.9961089494163424,-0.029999999329447746,0.029999999329447746,0.0018713485915213823
HUMAN_CONTROL_desk__ycb_e_cups_wrapper__localpatched_teleop_2025-12-26_12-25-16,/root/repo/cdpr_synth_10hz/videos/HUMAN_CONTROL_desk__ycb_e_cups_wrapper__localpatched_teleop_2025-12-26_12-25-16/trajectory_data.npz,ok,815,0.001226993865030675,0.03803680981595092,0.01398460753262043,0.0013435236178338528,0.08726699352264404,0.08728905022144318,ee_position,"(815, 6)","(815, 3)",0.00245398773006135,0.14846625766871166,-0.0005763620138168335,0.002100100740790367,0.00033423068816773593,0.00245398773006135,0.13374233128834356,-0.00554531067609787,0.0012201517820358276,0.0009229269344359636,0.0196319018404908,0.03803680981595092,-0.02660077065229416,0.005561813712120056,0.0019035135628655553,0.8564417177914111,0.8564417177914111,-0.08726668357849121,0.08726668357849121,0.03285139799118042,0.9950920245398773,0.9950920245398773,-0.029999999329447746,0.029999999329447746,0.002101708436384797
HUMAN_CONTROL_desk__ycb_extra_large_clamp_wrapper__localpatched_teleop_2025-12-26_12-31-41,/root/repo/cdpr_synth_10hz/videos/HUMAN_CONTROL_desk__ycb_extra_large_clamp_wrapper__localpatched_teleop_2025-12-26_12-31-41/trajectory_data.npz,ok,519,0.0019267822736030828,0.0789980732177264,0.0017650285735726357,0.0011082444107159972,0.004797366866841907,0.030003273859620094,ee_position,"(519, 6)","(519, 3)",0.0038535645472061657,0.36608863198458574,-0.0040517449378967285,0.0014234185218811035,0.0007474065641872585,0.0038535645472061657,0.2138728323699422,-0.00039458274841308594,0.0042199864983558655,0.0009511950775049627,0.030828516377649325,0.0789980732177264,-0.02660077065229416,0.004830658435821533,0.002151815453544259,1.0,1.0,0.0,0.0,0.0,0.9961464354527938,0.9961464354527938,-0.029999999329447746,0.029999999329447746,0.0018623125506564975
HUMAN_CONTROL_desk__ycb_foam_brick_wrapper__localpatched_teleop_2025-12-26_12-37-09,/root/repo/cdpr_synth_10hz/videos/HUMAN_CONTROL_desk__ycb_foam_brick_wrapper__localpatched_teleop_2025-12-26_12-37-09/trajectory_data.npz,ok,549,0.0018214936247723133,0.056466302367941715,0.002154861344024539,0.001281106029637158,0.006572604272514582,0.030040515586733818,ee_position,"(549, 6)","(549, 3)",0.0036429872495446266,0.16393442622950818,-0.004173602908849716,0.0020303651690483093,0.0008875002386048436,0.0036429872495446266,0.16393442622950818,-0.005224931985139847,0.0012209266424179077,0.0012004360323771834,0.029143897996357013,0.08014571948998178,-0.02660077065229416,0.006424635648727417,0.0026509177405387163,1.0,1.0,0.0,0.0,0.0,0.9963570127504554,0.9963570127504554,-0.029999999329447746,0.029999999329447746,0.0018107148353010416
HUMAN_CONTROL_desk__ycb_hammer-ycb_power_drill-ycb_wood_block_wrapper__localpatched_teleop_2025-12-26_11-09-52,/root/repo/cdpr_synth_10hz/videos/HUMAN_CONTROL_desk__ycb_hammer-ycb_power_drill-ycb_wood_block_wrapper__localpatched_teleop_2025-12-26_11-09-52/trajectory_data.npz,ok,893,0.0011198208286674132,0.0011198208286674132,0.003707979107275605,0.00127011991571635,0.00583334919065237,0.08726934343576431,ee_position,"(893, 6)","(893, 3)",0.0022396416573348264,0.055991041433370664,-0.0059572309255599976,0.0021280795335769653,0.0009982289047911763,0.0022396416573348264,0.02463605823068309,-0.005381010472774506,0.0041888803243637085,0.001140671200118959,0.0011198208286674132,0.020156774916013438,-0.02660077065229416,0.006250321865081787,0.0020213588140904903,0.9787234042553191,0.9787234042553191,0.0,0.08726668357849121,0.012592978775501251,0.9966405375139977,0.9966405375139977,-0.029999999329447746,0.029999999329447746,0.0017385013634338975
HUMAN_CONTROL_desk__ycb_hammer-ycb_power_drill-ycb_wood_block_wrapper__localpatched_teleop_2025-12-26_11-13-08,/root/repo/cdpr_synth_10hz/videos/HUMAN_CONTROL_desk__ycb_hammer-ycb_power_drill-ycb_wood_block_wrapper__localpatched_teleop_2025-12-26_11-13-08/trajectory_data.npz,ok,759,0.0013175230566534915,0.03293807641633729,0.004634293727576733,0.0007357391878031194,0.006878751283511523,0.08727642148733139,ee_position,"(759, 6)","(759, 3)",0.002635046113306983,0.052700922266139656,-0.003671601414680481,0.00028805414331145585,0.0008485500002279878,0.002635046113306983,0.08300395256916997,-0.005091112107038498,0.00374390184879303,0.001115616993047297,0.017127799736495388,0.039525691699604744,-0.02660077065229416,0.00559668242931366,0.0019581643864512444,0.9644268774703557,0.9644268774703557,-0.08726644515991211,0.08726644515991211,0.016439493745565414,0.997364953886693,0.997364953886693,-0.029999999329447746,0.029999999329447746,0.0015399809926748276
HUMAN_CONTROL_desk__ycb_hammer-ycb_wood_block_wrapper__localpatched_teleop_2025-12-26_11-06-56,/root/repo/cdpr_synth_10hz/videos/HUMAN_CONTROL_desk__ycb_hammer-ycb_wood_block_wrapper__localpatched_teleop_2025-12-26_11-06-56/trajectory_data.npz,ok,871,0.001148105625717566,0.03559127439724455,0.0021198049653321505,0.0012357945088297129,0.005910980748012662,0.03000650927424431,ee_position,"(871, 6)","(871, 3)",0.002296211251435132,0.12973593570608496,-0.004911158233880997,0.006710533052682877,0.001634571817703545,0.003444316877152698,0.30539609644087257,-0.005825117230415344,0.0006089578382670879,0.000929728732444346,0.018369690011481057,0.03559127439724455,-0.02660077065229416,0.006567075848579407,0.002183464588597417,1.0,1.0,0.0,0.0,0.0,0.9965556831228473,0.9965556831228473,-0.029999999329447746,0.029999999329447746,0.0017603118903934956
HUMAN_CONTROL_desk__ycb_large_marker_wrapper__localpatched_teleop_2025-12-26_12-40-55,/root/repo/cdpr_synth_10hz/videos/HUMAN_CONTROL_desk__ycb_large_marker_wrapper__localpatched_teleop_2025-12-26_12-40-55/trajectory_data.npz,ok,634,0.0015772870662460567,0.083596214511041,0.0034964806400239468,0.0008532704669050872,0.003002459253184498,0.0872725248336792,ee_position,"(634, 6)","(634, 3)",0.0031545741324921135,0.41009463722397477,-0.004256457090377808,8.890041499398649e-06,0.0009003422455862164,0.0031545741324921135,0.3391167192429022,-8.284300565719604e-05,0.0017939312383532524,0.00033076832187362015,0.033123028391167195,0.09305993690851735,-0.02660077065229416,0.0029461532831192017,0.001271572196856141,0.9716088328075709,0.9716088328075709,0.0,0.08726668357849121,0.014493881724774837,1.0,1.0,0.0,0.0,0.0
HUMAN_CONTROL_desk__ycb_peach-ycb_pear_wrapper__localpatched_teleop_2026-01-13_10-54-35,/root/repo/cdpr_synth_10hz/videos/HUMAN_CONTROL_desk__ycb_peach-ycb_pear_wrapper__localpatched_teleop_2026-01-13_10-54-35/trajectory_data.npz,ok,1094,0.0009140767824497258,0.0283363802559415,0.006120257079601288,0.0012016271357424557,0.03000373113900423,0.08727449923753738,ee_position,"(1094, 6)","(1094, 3)",0.0018281535648994515,0.0712979890310786,-0.007575929164886475,0.006221219897270203,0.002088602166622877,0.0018281535648994515,0.08957952468007313,-0.0015881359577178955,0.006183207035064697,0.0011570280184969306,0.014625228519195612,0.029250457038391225,-0.02660077065229416,0.004926785826683044,0.0015863149892538786,0.953382084095064,0.953382084095064,-0.08726668357849121,0.08726668357849121,0.018841691315174103,0.993601462522852,0.993601462522852,-0.029999999329447746,0.029999999329447746,0.00239956914447248
HUMAN_CONTROL_desk__ycb_peach_wrapper__localpatched_teleop_2026-01-13_10-41-36,/root/repo/cdpr_synth_10hz/videos/HUMAN_CONTROL_desk__ycb_peach_wrapper__localpatched_teleop_2026-01-13_10-41-36/trajectory_data.npz,ok,663,0.0015082956259426848,0.04675716440422323,0.002910702722147107,0.0017847975250333548,0.00816317331045866,0.031186766922473907,ee_position,"(663, 6)","(663, 3)",0.0030165912518853697,0.11161387631975868,-0.008517533540725708,0.006215810775756836,0.0030542996246367693,0.0030165912518853697,0.11161387631975868,-0.0062415748834609985,0.005502726882696152,0.0015521070454269648,0.024132730015082957,0.048265460030165915,-0.02660077065229416,0.004296258091926575,0.0016103389207273722,1.0,1.0,0.0,0.0,0.0,0.9924585218702866,0.9924585218702866,-0.029999999329447746,0.029999999329447746,0.0026048573199659586
HUMAN_CONTROL_desk__ycb_peach_wrapper__localpatched_teleop_2026-01-13_10-43-49,/root/repo/cdpr_synth_10hz/videos/HUMAN_CONTROL_desk__ycb_peach_wrapper__localpatched_teleop_2026-01-13_10-43-49/trajectory_data.npz,ok,786,0.001272264631043257,0.04580152671755725,0.002836020430549979,0.00025169079890474677,0.006343606044538319,0.08727362006902695,ee_position,"(786, 6)","(786, 3)",0.003816793893129771,0.15903307888040713,-0.007284253835678101,0.0009489059448242188,0.0014556264504790306,0.002544529262086514,0.1921119592875318,-0.0018015019595623016,0.0005987174808979034,0.00036688728141598403,0.020356234096692113,0.14885496183206107,-0.02660077065229416,0.004253074526786804,0.00130177300889045,0.9809160305343512,0.9809160305343512,-0.08726644515991211,0.0,0.011939813382923603,0.9936386768447837,0.9936386768447837,-0.029999999329447746,0.029999999329447746,0.0023924324195832014
HUMAN_CONTROL_desk__ycb_peach_wrapper__localpatched_teleop_2026-01-13_10-45-42,/root/repo/cdpr_synth_10hz/videos/HUMAN_CONTROL_desk__ycb_peach_wrapper__localpatched_teleop_2026-01-13_10-45-42/trajectory_data.npz,ok,449,0.0022271714922048997,0.07126948775055679,0.0020974131766706705,0.0010458454489707947,0.006842810939997432,0.030841637402772903,ee_position,"(449, 6)","(449, 3)",0.004454342984409799,0.23162583518930957,-0.0076763927936553955,0.0011639595031738281,0.002092731650918722,0.004454342984409799,0.22717149220489977,-0.002948366105556488,0.0009641051292419434,0.0006833701045252383,0.035634743875278395,0.07126948775055679,-0.02660077065229416,0.0039072185754776,0.0016971129225566983,1.0,1.0,0.0,0.0,0.0,0.9933184855233853,0.9933184855233853,-0.029999999329447746,0.029999999329447746,0.0024513057433068752
HUMAN_CONTROL_desk__ycb_peach_wrapper__localpatched_teleop_2026-01-13_10-46-27,/root/repo/cdpr_synth_10hz/videos/HUMAN_CONTROL_desk__ycb_peach_wrapper__localpatched_teleop_2026-01-13_10-46-27/trajectory_data.npz,ok,1044,0.0009578544061302681,0.029693486590038315,0.004835545085370541,0.0010919177439063787,0.006272910581901651,0.08726729452610016,ee_position,"(1044, 6)","(1044, 3)",0.0019157088122605363,0.07854406130268199,-0.004860907793045044,0.0029811374843120575,0.0012636350002139807,0.0019157088122605363,0.07662835249042145,-0.004050694406032562,0.004160888493061066,0.0010113249300047755,0.01532567049808429,0.03639846743295019,-0.02660077065229416,0.004088222980499268,0.0012371892808005214,0.9626436781609196,0.9626436781609196,-0.08726668357849121,0.08726668357849121,0.016864808276295662,0.9932950191570882,0.9932950191570882,-0.029999999329447746,0.029999999329447746,0.00245635025203228
HUMAN_CONTROL_desk__ycb_peach_wrapper__localpatched_teleop_2026-01-13_10-55-50,/root/repo/cdpr_synth_10hz/videos/HUMAN_CONTROL_desk__ycb_peach_wrapper__localpatched_teleop_2026-01-13_10-55-50/trajectory_data.npz,ok,1035,0.000966183574879227,0.02995169082125604,0.004265407100319862,0.0015458206180483103,0.009248006157577031,0.08728501200675964,ee_position,"(1035, 6)","(1035, 3)",0.001932367149758454,0.08019323671497584,-0.007591325789690018,0.004846751689910889,0.002068980596959591,0.001932367149758454,0.07729468599033816,-0.005074508488178253,0.007535126525908709,0.0016643578419461846,0.015458937198067632,0.033816425120772944,-0.02660077065229416,0.004346370697021484,0.0014659783337265253,0.9777777777777777,0.9777777777777777,-0.08726644515991211,0.08726644515991211,0.01300864014774561,0.9893719806763285,0.9893719806763285,-0.029999999329447746,0.029999999329447746,0.003092632396146655
HUMAN_CONTROL_desk__ycb_peach_wrapper__localpatched_teleop_2026-01-13_10-57-07,/root/repo/cdpr_synth_10hz/videos/HUMAN_CONTROL_desk__ycb_peach_wrapper__localpatched_teleop_2026-01-13_10-57-07/trajectory_data.npz,ok,591,0.001692047377326565,0.05245346869712352,0.0019971835426986217,0.0008309800177812576,0.010214443318545818,0.030188340693712234,ee_position,"(591, 6)","(591, 3)",0.00338409475465313,0.1455160744500846,-0.008444488048553467,0.0026084184646606445,0.002340619917958975,0.00338409475465313,0.1455160744500846,-0.00048673897981643677,0.00793081521987915,0.00197684857994318,0.02707275803722504,0.06260575296108291,-0.02660077065229416,0.003130502998828888,0.0013527721166610718,1.0,1.0,0.0,0.0,0.0,0.9949238578680203,0.9949238578680203,-0.029999999329447746,0.029999999329447746,0.0021368085872381926
HUMAN_CONTROL_desk__ycb_peach_wrapper__localpatched_teleop_2026-01-13_10-58-07,/root/repo/cdpr_synth_10hz/videos/HUMAN_CONTROL_desk__ycb_peach_wrapper__localpatched_teleop_2026-01-13_10-58-07/trajectory_data.npz,ok,939,0.0010649627263045794,0.03301384451544196,0.002660986501723528,0.00155241833999753,0.007822875957936048,0.030290136113762856,ee_position,"(939, 6)","(939, 3)",0.002129925452609159,0.09052183173588925,-0.008329078555107117,0.003969162702560425,0.002572877798229456,0.002129925452609159,0.10543130990415335,-0.00354023277759552,0.00649946928024292,0.001775977318175137,0.01703940362087327,0.0362087326943557,-0.02660077065229416,0.0044973790645599365,0.001365646137855947,1.0,1.0,0.0,0.0,0.0,0.9925452609158679,0.9925452609158679,-0.029999999329447746,0.029999999329447746,0.002590028103441
HUMAN_CONTROL_desk__ycb_peach_wrapper__localpatched_teleop_2026-01-13_10-59-23,/root/repo/cdpr_synth_10hz/videos/HUMAN_CONTROL_desk__ycb_peach_wrapper__localpatched_teleop_2026-01-13_10-59-23/trajectory_data.npz,ok,424,0.0023584905660377358,0.07547169811320754,0.0021480845753103495,0.00111189647577703,0.007138755242340267,0.030307041481137276,ee_position,"(424, 6)","(424, 3)",0.0047169811320754715,0.25,-0.002408473752439022,0.004392461851239204,0.0009758673259057105,0.007075471698113208,0.29009433962264153,-0.0006697177886962891,0.007452845573425293,0.0019256336381658912,0.03773584905660377,0.07547169811320754,-0.02660077065229416,0.00435107946395874,0.001854484318755567,1.0,1.0,0.0,0.0,0.0,0.9929245283018868,0.9929245283018868,-0.029999999329447746,0.029999999329447746,0.0025224825367331505
HUMAN_CONTROL_desk__ycb_peach_wrapper__localpatched_teleop_2026-01-13_11-00-34,/root/repo/cdpr_synth_10hz/videos/HUMAN_CONTROL_desk__ycb_peach_wrapper__localpatched_teleop_2026-01-13_11-00-34/trajectory_data.npz,ok,1080,0.000925925925925926,0.02962962962962963,0.0055661494843661785,0.0009525928762741387,0.02677087942138299,0.08727028965950012,ee_position,"(1080, 6)","(1080, 3)",0.001851851851851852,0.09722222222222222,-0.005204640328884125,0.004181668162345886,0.001151529373601079,0.001851851851851852,0.10185185185185185,-0.002061188220977783,0.007314860820770264,0.0016116846818476915,0.01574074074074074,0.08333333333333333,-0.02660077065229416,0.003907203674316406,0.001288445433601737,0.9546296296296296,0.9546296296296296,-0.08726668357849121,0.08726668357849121,0.018587859347462654,0.9953703703703703,0.9953703703703703,-0.029999999329447746,0.029999999329447746,0.0020410523284226656
HUMAN_CONTROL_desk__ycb_peach_wrapper__localpatched_teleop_2026-01-13_11-01-49,/root/repo/cdpr_synth_10hz/videos/HUMAN_CONTROL_desk__ycb_peach_wrapper__localpatched_teleop_2026-01-13_11-01-49/trajectory_data.npz,ok,1482,0.0006747638326585695,0.020917678812415654,0.004188664257526398,0.0007360437593888491,0.008371882047504189,0.08727239072322845,ee_position,"(1482, 6)","(1482, 3)",0.001349527665317139,0.06680161943319839,-0.0029222397133708,0.004819557070732117,0.0008954231161624193,0.002699055330634278,0.14102564102564102,-0.0034983158111572266,0.008418738842010498,0.0016611344181001186,0.012145748987854251,0.048582995951417005,-0.02660077065229416,0.004352644085884094,0.001157868537120521,0.9682860998650472,0.9682860998650472,-0.08726668357849121,0.08726668357849121,0.015540645457804203,0.9939271255060729,0.9939271255060729,-0.029999999329447746,0.029999999329447746,0.002337771700695157
HUMAN_CONTROL_desk__ycb_peach_wrapper__localpatched_teleop_2026-01-13_11-03-25,/root/repo/cdpr_synth_10hz/videos/HUMAN_CONTROL_desk__ycb_peach_wrapper__localpatched_teleop_2026-01-13_11-03-25/trajectory_data.npz,ok,475,0.002105263157894737,0.06526315789473684,0.0017973328940570354,0.0008784160017967224,0.006763006234541533,0.030129583552479744,ee_position,"(475, 6)","(475, 3)",0.00631578947368421,0.30105263157894735,-0.0015404564328491688,0.0015484970062971115,0.0004515656328294426,0.004210526315789474,0.2,-0.00021225214004516602,0.007675796747207642,0.0019655381329357624,0.03368421052631579,0.06526315789473684,-0.02660077065229416,0.003154255449771881,0.0015873087104409933,1.0,1.0,0.0,0.0,0.0,0.9936842105263158,0.9936842105263158,-0.029999999329447746,0.029999999329447746,0.002383321523666382
HUMAN_CONTROL_desk__ycb_peach_wrapper__localpatched_teleop_2026-01-13_11-11-46,/root/repo/cdpr_synth_10hz/videos/HUMAN_CONTROL_desk__ycb_peach_wrapper__localpatched_teleop_2026-01-13_11-11-46/trajectory_data.npz,ok,864,0.0011574074074074073,0.03587962962962963,0.0028640027157962322,0.0020693240221589804,0.0069874724140390745,0.03027230128645897,ee_position,"(864, 6)","(864, 3)",0.0023148148148148147,0.09143518518518519,-0.004170060157775879,0.0051841139793396,0.0017337632598355412,0.0023148148148148147,0.08564814814814815,-0.005567140877246857,0.007355555891990662,0.002605425426736474,0.018518518518518517,0.037037037037037035,-0.02660077065229416,0.0036677569150924683,0.0014485045103356242,1.0,1.0,0.0,0.0,0.0,0.9918981481481481,0.9918981481481481,-0.029999999329447746,0.029999999329447746,0.0027000855188816786
HUMAN_CONTROL_desk__ycb_peach_wrapper__localpatched_teleop_2026-01-13_11-13-20,/root/repo/cdpr_synth_10hz/videos/HUMAN_CONTROL_desk__ycb_peach_wrapper__localpatched_teleop_2026-01-13_11-13-20/trajectory_data.npz,ok,1114,0.0008976660682226212,0.03949730700179533,0.0069821118377149105,0.0010257356334477663,0.08726732321083545,0.0873463898897171,ee_position,"(1114, 6)","(1114, 3)",0.0017953321364452424,0.10143626570915619,-0.006668716669082642,0.008125245571136475,0.0023720525205135345,0.0017953321364452424,0.10951526032315978,-0.0018525123596191406,0.004949640482664108,0.0009246266563422978,0.01436265709156194,0.05655296229802514,-0.02660077065229416,0.0040706247091293335,0.0012798304669559002,0.9416517055655296,0.9416517055655296,-0.08726668357849121,0.08726668357849121,0.021046780049800873,0.9955116696588869,0.9955116696588869,-0.029999999329447746,0.029999999329447746,0.002009669551625848
HUMAN_CONTROL_desk__ycb_peach_wrapper__localpatched_teleop_2026-01-13_11-14-52,/root/repo/cdpr_synth_10hz/videos/HUMAN_CONTROL_desk__ycb_peach_wrapper__localpatched_teleop_2026-01-13_11-14-52/trajectory_data.npz,ok,797,0.0012547051442910915,0.03889585947302384,0.003488262416794896,0.0019815010018646717,0.011048096418380733,0.030712876468896866,ee_position,"(797, 6)","(797, 3)",0.002509410288582183,0.10414052697616061,-0.0061732083559036255,0.00857187807559967,0.0031078956089913845,0.002509410288582183,0.11417816813048934,-0.005593210458755493,0.008550316095352173,0.003049015300348401,0.02132998745294856,0.04140526976160602,-0.02660077065229416,0.003752082586288452,0.0014708720846101642,1.0,1.0,0.0,0.0,0.0,0.9912170639899623,0.9912170639899623,-0.029999999329447746,0.029999999329447746,0.0028112672735005617
HUMAN_CONTROL_desk__ycb_peach_wrapper__localpatched_teleop_2026-01-13_11-18-09,/root/repo/cdpr_synth_10hz/videos/HUMAN_CONTROL_desk__ycb_peach_wrapper__localpatched_teleop_2026-01-13_11-18-09/trajectory_data.npz,ok,668,0.0014970059880239522,0.04940119760479042,0.0019202872645109892,0.0008315331360790879,0.006430643773637712,0.030232839286327362,ee_position,"(668, 6)","(668, 3)",0.0029940119760479044,0.1661676646706587,-0.004494011402130127,0.007548093795776367,0.00204314268194139,0.0029940119760479044,0.1721556886227545,-0.0015540197491645813,0.0031603723764419556,0.0005760556668974459,0.023952095808383235,0.04940119760479042,-0.02660077065229416,0.003177627921104431,0.0014033820480108261,1.0,1.0,0.0,0.0,0.0,0.9895209580838323,0.9895209580838323,-0.029999999329447746,0.029999999329447746,0.003070687409490347
HUMAN_CONTROL_desk__ycb_peach_wrapper__localpatched_teleop_2026-01-13_11-19-01,/root/repo/cdpr_synth_10hz/videos/HUMAN_CONTROL_desk__ycb_peach_wrapper__localpatched_teleop_2026-01-13_11-19-01/trajectory_data.npz,ok,585,0.0017094017094017094,0.05299145299145299,0.00482617923989892,0.0013741006841883063,0.00904608536511659,0.08726866543292999,ee_position,"(585, 6)","(585, 3)",0.003418803418803419,0.15384615384615385,-0.002346813678741455,0.008159875869750977,0.0022997416090220213,0.003418803418803419,0.14871794871794872,-0.005173671990633011,0.00529823824763298,0.0013915604213252664,0.02735042735042735,0.0547008547008547,-0.02660077065229416,0.003874048590660095,0.0015006583416834474,0.9692307692307692,0.9692307692307692,0.0,0.08726668357849121,0.01507020927965641,0.9948717948717949,0.9948717948717949,-0.029999999329447746,0.029999999329447746,0.002147732302546501
HUMAN_CONTROL_desk__ycb_peach_wrapper__localpatched_teleop_2026-01-13_11-19-56,/root/repo/cdpr_synth_10hz/videos/HUMAN_CONTROL_desk__ycb_peach_wrapper__localpatched_teleop_2026-01-13_11-19-56/trajectory_data.npz,ok,1005,0.0009950248756218905,0.030845771144278607,0.0023186730686575174,0.0012583958450704813,0.006789857149124145,0.030330097302794456,ee_position,"(1005, 6)","(1005, 3)",0.001990049751243781,0.08855721393034825,-0.00494074821472168,0.007623547688126564,0.0022004747297614813,0.001990049751243781,0.08756218905472637,-0.004936732351779938,0.004821658134460449,0.0015196030726656318,0.015920398009950248,0.03482587064676617,-0.02660077065229416,0.003858231008052826,0.0012961500324308872,1.0,1.0,0.0,0.0,0.0,0.991044776119403,0.991044776119403,-0.029999999329447746,0.029999999329447746,0.0028388043865561485
HUMAN_CONTROL_desk__ycb_peach_wrapper__localpatched_teleop_2026-01-13_11-21-32,/root/repo/cdpr_synth_10hz/videos/HUMAN_CONTROL_desk__ycb_peach_wrapper__localpatched_teleop_2026-01-13_11-21-32/trajectory_data.npz,ok,1165,0.0008583690987124463,0.03261802575107296,0.005586074665188789,0.0008810920407995582,0.030009563639760015,0.0872727781534195,ee_position,"(1165, 6)","(1165, 3)",0.0017167381974248926,0.09098712446351931,-0.002914758399128914,0.008051902055740356,0.0017573720542714,0.0017167381974248926,0.09957081545064378,-0.0033277124166488647,0.002879663370549679,0.000717529677785933,0.013733905579399141,0.04291845493562232,-0.02660077065229416,0.0038655847311019897,0.0012192337308079004,0.9536480686695279,0.9536480686695279,-0.08726668357849121,0.08726668357849121,0.018785640597343445,0.992274678111588,0.992274678111588,-0.029999999329447746,0.029999999329447746,0.00263668829575181
HUMAN_CONTROL_desk__ycb_peach_wrapper__localpatched_teleop_2026-01-13_11-33-35,/root/repo/cdpr_synth_10hz/videos/HUMAN_CONTROL_desk__ycb_peach_wrapper__localpatched_teleop_2026-01-13_11-33-35/trajectory_data.npz,ok,920,0.0010869565217391304,0.03369565217391304,0.0026437423657625914,0.0010215124930255115,0.01022782200016081,0.030790066346526146,ee_position,"(920, 6)","(920, 3)",0.002173913043478261,0.08260869565217391,-0.00667542964220047,0.008186675608158112,0.0024382336996495724,0.002173913043478261,0.08152173913043478,-0.008601963520050049,0.006460607051849365,0.0027405661530792713,0.017391304347826087,0.041304347826086954,-0.02660077065229416,0.004281371831893921,0.0015093747060745955,1.0,1.0,0.0,0.0,0.0,0.9923913043478261,0.9923913043478261,-0.029999999329447746,0.029999999329447746,0.0026166317984461784
HUMAN_CONTROL_desk__ycb_peach_wrapper__localpatched_teleop_2026-01-13_11-34-31,/root/repo/cdpr_synth_10hz/videos/HUMAN_CONTROL_desk__ycb_peach_wrapper__localpatched_teleop_2026-01-13_11-34-31/trajectory_data.npz,ok,616,0.0016233766233766235,0.05032467532467533,0.004585489630699158,0.0008078667742665857,0.010751794092357159,0.08726788312196732,ee_position,"(616, 6)","(616, 3)",0.003246753246753247,0.16396103896103897,-0.0011363700032234192,0.008137434720993042,0.001992987934499979,0.003246753246753247,0.16233766233766234,-0.007398337125778198,0.0011971592903137207,0.0016685702139511704,0.025974025974025976,0.05032467532467533,-0.02660077065229416,0.0037098228931427,0.0014367233961820602,0.9691558441558441,0.9691558441558441,-0.08726668357849121,0.0,0.015087961219251156,0.9918831168831169,0.9918831168831169,-0.029999999329447746,0.029999999329447746,0.002702373545616865
HUMAN_CONTROL_desk__ycb_peach_wrapper__localpatched_teleop_2026-01-13_11-35-27,/root/repo/cdpr_synth_10hz/videos/HUMAN_CONTROL_desk__ycb_peach_wrapper__localpatched_teleop_2026-01-13_11-35-27/trajectory_data.npz,ok,467,0.0021413276231263384,0.06638115631691649,0.0018231297144666314,0.0006885528564453125,0.0061085118446499095,0.030169470235705376,ee_position,"(467, 6)","(467, 3)",0.004282655246252677,0.15845824411134904,-0.002155950292944908,0.0036801337264478207,0.0007563852122984827,0.004282655246252677,0.15631691648822268,-0.0066558122634887695,0.00013434886932373047,0.0018297223141416907,0.03854389721627409,0.19271948608137046,-0.02660077065229416,0.0035775378346443176,0.0015777876833453774,1.0,1.0,0.0,0.0,0.0,0.9935760171306209,0.9935760171306209,-0.029999999329447746,0.029999999329447746,0.0024036343675106764
HUMAN_CONTROL_desk__ycb_peach_wrapper__localpatched_teleop_2026-01-13_11-36-11,/root/repo/cdpr_synth_10hz/videos/HUMAN_CONTROL_desk__ycb_peach_wrapper__localpatched_teleop_2026-01-13_11-36-11/trajectory_data.npz,ok,1700,0.000588235294117647,0.018235294117647058,0.004277828149497509,0.0011105183511972427,0.007156468252651393,0.08728447556495667,ee_position,"(1700, 6)","(1700, 3)",0.001176470588235294,0.05352941176470588,-0.005772776901721954,0.00623307703062892,0.001327142701484263,0.0017647058823529412,0.05823529411764706,-0.007670700550079346,0.003519117832183838,0.0018107383511960506,0.009411764705882352,0.028823529411764706,-0.02660077065229416,0.004360094666481018,0.00113861879799515,0.9723529411764706,0.9723529411764706,-0.08726668357849121,0.08726668357849121,0.014502789825201035,0.9935294117647059,0.9935294117647059,-0.029999999329447746,0.029999999329447746,0.0024131343234330416
HUMAN_CONTROL_desk__ycb_peach_wrapper__localpatched_teleop_2026-01-13_11-37-34,/root/repo/cdpr_synth_10hz/videos/HUMAN_CONTROL_desk__ycb_peach_wrapper__localpatched_teleop_2026-01-13_11-37-34/trajectory_data.npz,ok,480,0.0020833333333333333,0.06458333333333334,0.0028801315929740667,0.00121115060755983,0.008589008124545217,0.030155986547470093,ee_position,"(480, 6)","(480, 3)",0.004166666666666667,0.17708333333333334,-0.004951763898134232,0.004950292408466339,0.0014888177393004298,0.004166666666666667,0.20625,-0.008609533309936523,0.004373595118522644,0.0033761414233595133,0.03333333333333333,0.06458333333333334,-0.02660077065229416,0.0036725029349327087,0.0016606446588411927,1.0,1.0,0.0,0.0,0.0,0.99375,0.99375,-0.029999999329447746,0.029999999329447746,0.002370884409174323
HUMAN_CONTROL_desk__ycb_peach_wrapper__localpatched_teleop_2026-01-13_11-38-49,/root/repo/cdpr_synth_10hz/videos/HUMAN_CONTROL_desk__ycb_peach_wrapper__localpatched_teleop_2026-01-13_11-38-49/trajectory_data.npz,ok,1222,0.0008183306055646482,0.02536824877250409,0.005030068568885326,0.0008273427665699273,0.00855107670649886,0.09227929264307022,ee_position,"(1222, 6)","(1222, 3)",0.0016366612111292963,0.07937806873977087,-0.003729715943336487,0.0026255398988723755,0.0007807020447216928,0.0024549918166939444,0.11129296235679215,-0.008547753095626831,0.0028604641556739807,0.001874006586149335,0.01309328968903437,0.02536824877250409,-0.02660077065229416,0.004128247499465942,0.0011808498529717326,0.9590834697217676,0.9590834697217676,-0.08726668357849121,0.08726668357849121,0.0176521148532629,0.9959083469721768,0.9959083469721768,-0.029999999329447746,0.029999999329447746,0.0019188238075003028
HUMAN_CONTROL_desk__ycb_peach_wrapper__localpatched_teleop_2026-01-13_11-48-03,/root/repo/cdpr_synth_10hz/videos/HUMAN_CONTROL_desk__ycb_peach_wrapper__localpatched_teleop_2026-01-13_11-48-03/trajectory_data.npz,ok,704,0.0014204545454545455,0.04403409090909091,0.0017170290229842067,0.0009288485161960125,0.0057396988617256315,0.030215568840503693,ee_position,"(704, 6)","(704, 3)",0.002840909090909091,0.12926136363636365,-0.006570607423782349,0.0015859603881835938,0.0013927147956565022,0.002840909090909091,0.11647727272727272,-0.005414105951786041,0.0013099461793899536,0.00130774627905339,0.022727272727272728,0.14914772727272727,-0.02660077065229416,0.0031596124172210693,0.0013467627577483654,1.0,1.0,0.0,0.0,0.0,0.9928977272727273,0.9928977272727273,-0.029999999329447746,0.029999999329447746,0.0025278902612626553
HUMAN_CONTROL_desk__ycb_peach_wrapper__localpatched_teleop_2026-01-13_11-48-54,/root/repo/cdpr_synth_10hz/videos/HUMAN_CONTROL_desk__ycb_peach_wrapper__localpatched_teleop_2026-01-13_11-48-54/trajectory_data.npz,ok,1478,0.0006765899864682003,0.02097428958051421,0.004357502330094576,0.0010995109332725406,0.009594489680603144,0.08727472275495529,ee_position,"(1478, 6)","(1478, 3)",0.0013531799729364006,0.06292286874154263,-0.008678287267684937,0.005702368915081024,0.002123525831848383,0.0013531799729364006,0.07104194857916103,-0.0077793896198272705,0.006359528750181198,0.0019506020471453667,0.010825439783491205,0.02503382949932341,-0.02660077065229416,0.004571005702018738,0.001233280054293573,0.9742895805142084,0.9742895805142084,-0.08726668357849121,0.08726668357849121,0.01399221457540989,0.9939106901217862,0.9939106901217862,-0.029999999329447746,0.029999999329447746,0.0023409328423440456
HUMAN_CONTROL_desk__ycb_peach_wrapper__localpatched_teleop_2026-01-13_11-50-53,/root/repo/cdpr_synth_10hz/videos/HUMAN_CONTROL_desk__ycb_peach_wrapper__localpatched_teleop_2026-01-13_11-50-53/trajectory_data.npz,ok,546,0.0018315018315018315,0.056776556776556776,0.0025765830650925636,0.0008678182202856988,0.009536438854411244,0.03019339218735695,ee_position,"(546, 6)","(546, 3)",0.003663003663003663,0.17216117216117216,-0.008530601859092712,0.005128864198923111,0.0028664220590144396,0.003663003663003663,0.1794871794871795,-0.007355779409408569,0.0034381765872240067,0.0021358137018978596,0.029304029304029304,0.1336996336996337,-0.02660077065229416,0.0034233927726745605,0.001503242296166718,1.0,1.0,0.0,0.0,0.0,0.9945054945054945,0.9945054945054945,-0.029999999329447746,0.029999999329447746,0.00222306908108294
HUMAN_CONTROL_desk__ycb_peach_wrapper__localpatched_teleop_2026-01-13_11-55-44,/root/repo/cdpr_synth_10hz/videos/HUMAN_CONTROL_desk__ycb_peach_wrapper__localpatched_teleop_2026-01-13_11-55-44/trajectory_data.npz,ok,1211,0.0008257638315441783,0.02559867877786953,0.003622892079874873,0.0012119152816012502,0.008479469455778599,0.08727247267961502,ee_position,"(1211, 6)","(1211, 3)",0.0016515276630883566,0.09496284062758051,-0.006377369165420532,0.005734935402870178,0.001516094314865768,0.0016515276630883566,0.11230388109000826,-0.008498311042785645,0.005212616175413132,0.0024438558612018824,0.013212221304706853,0.02559867877786953,-0.02660077065229416,0.004351168870925903,0.001229105400852859,0.9843104872006606,0.9843104872006606,-0.08726668357849121,0.0,0.010844714008271694,0.9925681255161024,0.9925681255161024,-0.029999999329447746,0.029999999329447746,0.0025861309841275215
HUMAN_CONTROL_desk__ycb_pear_wrapper__localpatched_teleop_2026-01-12_14-30-18,/root/repo/cdpr_synth_10hz/videos/HUMAN_CONTROL_desk__ycb_pear_wrapper__localpatched_teleop_2026-01-12_14-30-18/trajectory_data.npz,ok,699,0.001430615164520744,0.06437768240343347,0.003451579250395298,0.0006663337117061019,0.007566504459828138,0.0872674360871315,ee_position,"(699, 6)","(699, 3)",0.002861230329041488,0.1859799713876967,-0.007923111319541931,0.0018189186230301857,0.002148574450984597,0.002861230329041488,0.2989985693848355,-0.0012162909843027592,0.000699533149600029,0.0002607046044431627,0.020028612303290415,0.12732474964234622,-0.02660077065229416,0.0033942610025405884,0.0013979336945340037,0.9785407725321889,0.9785407725321889,-0.08726644515991211,0.08726644515991211,0.01276838406920433,0.9957081545064378,0.9957081545064378,-0.029999999329447746,0.029999999329447746,0.001964896684512496
HUMAN_CONTROL_desk__ycb_pear_wrapper__localpatched_teleop_2026-01-12_14-31-24,/root/repo/cdpr_synth_10hz/videos/HUMAN_CONTROL_desk__ycb_pear_wrapper__localpatched_teleop_2026-01-12_14-31-24/trajectory_data.npz,ok,499,0.002004008016032064,0.06613226452905811,0.0019687223248183727,0.0008251989493146539,0.007322073774412272,0.030019724741578102,ee_position,"(499, 6)","(499, 3)",0.004008016032064128,0.22645290581162325,-0.008033424615859985,0.0003981590270996094,0.002048584632575512,0.004008016032064128,0.24849699398797595,-0.004371844232082367,0.0007829964160919189,0.0008586405892856419,0.03206412825651302,0.06613226452905811,-0.02660077065229416,0.005556166172027588,0.001878538285382092,1.0,1.0,0.0,0.0,0.0,0.9939879759519038,0.9939879759519038,-0.029999999329447746,0.029999999329447746,0.002325340174138546
HUMAN_CONTROL_desk__ycb_pear_wrapper__localpatched_teleop_2026-01-12_14-32-41,/root/repo/cdpr_synth_10hz/videos/HUMAN_CONTROL_desk__ycb_pear_wrapper__localpatched_teleop_2026-01-12_14-32-41/trajectory_data.npz,ok,670,0.0014925373134328358,0.04626865671641791,0.006404259707778692,0.0006317916268017143,0.06152865178882816,0.08727108687162399,ee_position,"(670, 6)","(670, 3)",0.0029850746268656717,0.11343283582089553,-0.008566170930862427,0.0032592955976724625,0.0026075905188918114,0.0029850746268656717,0.1582089552238806,-0.0038583579007536173,0.0022405749186873436,0.0008220148156397045,0.023880597014925373,0.07611940298507462,-0.02660077065229416,0.004707232117652893,0.0016092498553916812,0.9492537313432836,0.9492537313432836,-0.08726668357849121,0.0,0.019153166562318802,0.9955223880597015,0.9955223880597015,-0.029999999329447746,0.029999999329447746,0.0020069493912160397
HUMAN_CONTROL_desk__ycb_pear_wrapper__localpatched_teleop_2026-01-12_14-33-32,/root/repo/cdpr_synth_10hz/videos/HUMAN_CONTROL_desk__ycb_pear_wrapper__localpatched_teleop_2026-01-12_14-33-32/trajectory_data.npz,ok,540,0.001851851851851852,0.05740740740740741,0.0024470826610922813,0.0008689521928317845,0.007896955497562884,0.030849726870656013,ee_position,"(540, 6)","(540, 3)",0.003703703703703704,0.1537037037037037,-0.008417665958404541,0.004832606762647629,0.0026134829968214035,0.003703703703703704,0.14629629629629629,-0.007207110524177551,0.00353790819644928,0.0016730672214180231,0.02962962962962963,0.07592592592592592,-0.02660077065229416,0.004633665084838867,0.0018572466215118766,1.0,1.0,0.0,0.0,0.0,0.9944444444444445,0.9944444444444445,-0.029999999329447746,0.029999999329447746,0.002235377673059702
HUMAN_CONTROL_desk__ycb_pear_wrapper__localpatched_teleop_2026-01-12_14-40-14,/root/repo/cdpr_synth_10hz/videos/HUMAN_CONTROL_desk__ycb_pear_wrapper__localpatched_teleop_2026-01-12_14-40-14/trajectory_data.npz,ok,501,0.001996007984031936,0.06187624750499002,0.0021320139057934284,0.0010841090697795153,0.007895097136497498,0.030028603971004486,ee_position,"(501, 6)","(501, 3)",0.003992015968063872,0.18762475049900199,-0.00799378752708435,0.0005989745259284973,0.002144556725397706,0.003992015968063872,0.19760479041916168,-0.0009132958948612213,0.00529073178768158,0.0013995695626363158,0.031936127744510975,0.10778443113772455,-0.02660077065229416,0.004719004034996033,0.0016995752230286598,1.0,1.0,0.0,0.0,0.0,0.9940119760479041,0.9940119760479041,-0.029999999329447746,0.029999999329447746,0.002320697531104088
HUMAN_CONTROL_desk__ycb_pear_wrapper__localpatched_teleop_2026-01-12_14-40-59,/root/repo/cdpr_synth_10hz/videos/HUMAN_CONTROL_desk__ycb_pear_wrapper__localpatched_teleop_2026-01-12_14-40-59/trajectory_data.npz,ok,507,0.0019723865877712033,0.0611439842209073,0.004496386274695396,0.0005551031790673733,0.008934804331511259,0.08727037906646729,ee_position,"(507, 6)","(507, 3)",0.0039447731755424065,0.17357001972386588,-0.008410602807998657,0.0012433063238859177,0.002384043298661709,0.0039447731755424065,0.1834319526627219,-7.005780935287476e-05,0.005922377109527588,0.0013612841721624136,0.03155818540433925,0.08284023668639054,-0.02660077065229416,0.004312574863433838,0.0015849749324843287,0.9704142011834319,0.9704142011834319,-0.08726644515991211,0.08726644515991211,0.015009299851953983,0.9960552268244576,0.9960552268244576,-0.029999999329447746,0.029999999329447746,0.0018842228455469012
HUMAN_CONTROL_desk__ycb_pear_wrapper__localpatched_teleop_2026-01-12_14-41-45,/root/repo/cdpr_synth_10hz/videos/HUMAN_CONTROL_desk__ycb_pear_wrapper__localpatched_teleop_2026-01-12_14-41-45/trajectory_data.npz,ok,492,0.0020325203252032522,0.06300813008130081,0.0030449817422777414,0.0012574856518767774,0.011456162296235561,0.030282875522971153,ee_position,"(492, 6)","(492, 3)",0.0040650406504065045,0.1951219512195122,-0.008583396673202515,0.0059113577008247375,0.002976579824462533,0.0040650406504065045,0.1910569105691057,-0.006193399429321289,0.008465230464935303,0.0029304875060915947,0.032520325203252036,0.06300813008130081,-0.02660077065229416,0.0052165985107421875,0.0018120564054697752,1.0,1.0,0.0,0.0,0.0,0.9939024390243902,0.9939024390243902,-0.029999999329447746,0.029999999329447746,0.0023418127093464136
HUMAN_CONTROL_desk__ycb_pear_wrapper__localpatched_teleop_2026-01-12_14-42-32,/root/repo/cdpr_synth_10hz/videos/HUMAN_CONTROL_desk__ycb_pear_wrapper__localpatched_teleop_2026-01-12_14-42-32/trajectory_data.npz,ok,820,0.0012195121951219512,0.0012195121951219512,0.005571259651333094,0.0010480807977728546,0.01144669367931783,0.08726870268583298,ee_position,"(820, 6)","(820, 3)",0.0012195121951219512,0.003658536585365854,-0.008220553398132324,0.0015325695276260376,0.0018937988206744194,0.0012195121951219512,0.1048780487804878,-0.0023349132388830185,0.00831681489944458,0.0020852326415479183,0.0012195121951219512,0.03170731707317073,-0.025647789239883423,0.004311397671699524,0.0014602849259972572,0.9585365853658536,0.9585365853658536,-0.08726668357849121,0.0,0.01739739440381527,0.9963414634146341,0.9963414634146341,-0.029999999329447746,0.029999999329447746,0.0018142062472179532
HUMAN_CONTROL_desk__ycb_pear_wrapper__localpatched_teleop_2026-01-12_14-45-36,/root/repo/cdpr_synth_10hz/videos/HUMAN_CONTROL_desk__ycb_pear_wrapper__localpatched_teleop_2026-01-12_14-45-36/trajectory_data.npz,ok,461,0.0021691973969631237,0.06724511930585683,0.003492082701995969,0.002004167065024376,0.01125353667885065,0.030408339574933052,ee_position,"(461, 6)","(461, 3)",0.004338394793926247,0.19522776572668113,-0.0027129948139190674,0.008401647210121155,0.002725605620071292,0.004338394793926247,0.18655097613882862,-0.006337672472000122,0.008758962154388428,0.0035009111743420362,0.03470715835140998,0.06724511930585683,-0.02660077065229416,0.004538238048553467,0.0018276950577273965,1.0,1.0,0.0,0.0,0.0,0.9934924078091106,0.9934924078091106,-0.029999999329447746,0.029999999329447746,0.0024192144628614187
HUMAN_CONTROL_desk__ycb_pear_wrapper__localpatched_teleop_2026-01-12_14-46-28,/root/repo/cdpr_synth_10hz/videos/HUMAN_CONTROL_desk__ycb_pear_wrapper__localpatched_teleop_2026-01-12_14-46-28/trajectory_data.npz,ok,1054,0.0009487666034155598,0.029411764705882353,0.004153339192271233,0.0013846865040250123,0.009848400857299556,0.08727192878723145,ee_position,"(1054, 6)","(1054, 3)",0.0018975332068311196,0.11290322580645161,-0.005785658955574036,0.008253544569015503,0.0022472648415714502,0.0018975332068311196,0.1015180265654649,-0.004364281892776489,0.007118433713912964,0.001618135953322053,0.015180265654648957,0.029411764705882353,-0.02660077065229416,0.006203442811965942,0.00165847921743989,0.9791271347248577,0.9791271347248577,-0.08726644515991211,0.08726644515991211,0.012606684118509293,0.9933586337760911,0.9933586337760911,-0.029999999329447746,0.029999999329447746,0.0024446716997772455
HUMAN_CONTROL_desk__ycb_pear_wrapper__localpatched_teleop_2026-01-12_14-47-29,/root/repo/cdpr_synth_10hz/videos/HUMAN_CONTROL_desk__ycb_pear_wrapper__localpatched_teleop_2026-01-12_14-47-29/trajectory_data.npz,ok,422,0.002369668246445498,0.07345971563981042,0.002455123234540224,0.0011720648035407066,0.00828934614546597,0.030358202755451202,ee_position,"(422, 6)","(422, 3)",0.004739336492890996,0.24407582938388625,-0.00024440884590148926,0.006614029407501221,0.0017351259011775255,0.004739336492890996,0.24170616113744076,-0.00033408403396606445,0.007466048002243042,0.0019514461746439338,0.037914691943127965,0.07345971563981042,-0.02660077065229416,0.004511415958404541,0.001955639570951462,1.0,1.0,0.0,0.0,0.0,0.9928909952606635,0.9928909952606635,-0.029999999329447746,0.029999999329447746,0.0025284483563154936
HUMAN_CONTROL_desk__ycb_pear_wrapper__localpatched_teleop_2026-01-12_14-48-05,/root/repo/cdpr_synth_10hz/videos/HUMAN_CONTROL_desk__ycb_pear_wrapper__localpatched_teleop_2026-01-12_14-48-05/trajectory_data.npz,ok,1100,0.0009090909090909091,0.028181818181818183,0.0070992992259562016,0.0013381882454268634,0.08726681247353554,0.08729252219200134,ee_position,"(1100, 6)","(1100, 3)",0.0018181818181818182,0.0809090909090909,-0.005753129720687866,0.007658466696739197,0.001902471180073917,0.0027272727272727275,0.11545454545454545,-0.004200398921966553,0.004605717957019806,0.0013938297051936388,0.014545454545454545,0.02909090909090909,-0.02660077065229416,0.004136249423027039,0.0012700912775471807,0.9409090909090909,0.9409090909090909,-0.08726644515991211,0.08726644515991211,0.021211935207247734,0.9954545454545455,0.9954545454545455,-0.029999999329447746,0.029999999329447746,0.002022415865212679
HUMAN_CONTROL_desk__ycb_pear_wrapper__localpatched_teleop_2026-01-12_14-49-34,/root/repo/cdpr_synth_10hz/videos/HUMAN_CONTROL_desk__ycb_pear_wrapper__localpatched_teleop_2026-01-12_14-49-34/trajectory_data.npz,ok,502,0.00199203187250996,0.061752988047808766,0.0027938263956457376,0.00114348903298378,0.008603049907833338,0.03004365600645542,ee_position,"(502, 6)","(502, 3)",0.00398406374501992,0.250996015936255,-0.005593590438365936,0.0053733885288238525,0.0017172899097204208,0.00398406374501992,0.24701195219123506,-0.006315119564533234,0.008619546890258789,0.003202380146831274,0.03187250996015936,0.061752988047808766,-0.02660077065229416,0.00468561053276062,0.0016691089840605855,1.0,1.0,0.0,0.0,0.0,0.9940239043824701,0.9940239043824701,-0.029999999329447746,0.029999999329447746,0.002318385988473892
HUMAN_CONTROL_desk__ycb_pear_wrapper__localpatched_teleop_2026-01-12_14-51-31,/root/repo/cdpr_synth_10hz/videos/HUMAN_CONTROL_desk__ycb_pear_wrapper__localpatched_teleop_2026-01-12_14-51-31/trajectory_data.npz,ok,540,0.001851851851851852,0.05740740740740741,0.0037509649991989136,0.001043307303916663,0.008918214123696089,0.08726680278778076,ee_position,"(540, 6)","(540, 3)",0.003703703703703704,0.17222222222222222,-0.006414100527763367,0.005707353353500366,0.0020245786290615797,0.003703703703703704,0.17777777777777778,-0.006410188972949982,0.008575439453125,0.003048185957595706,0.02962962962962963,0.05925925925925926,-0.02660077065229416,0.0034041404724121094,0.001545896171592176,0.987037037037037,0.987037037037037,0.0,0.08726644515991211,0.009871114045381546,0.9944444444444445,0.9944444444444445,-0.029999999329447746,0.029999999329447746,0.002235377673059702
HUMAN_CONTROL_desk__ycb_pear_wrapper__localpatched_teleop_2026-01-12_14-52-22,/root/repo/cdpr_synth_10hz/videos/HUMAN_CONTROL_desk__ycb_pear_wrapper__localpatched_teleop_2026-01-12_14-52-22/trajectory_data.npz,ok,525,0.0019047619047619048,0.05904761904761905,0.0024785413406789303,0.0013153066392987967,0.008322338946163655,0.03022785298526287,ee_position,"(525, 6)","(525, 3)",0.0038095238095238095,0.21714285714285714,-0.006345614790916443,0.0031748712062835693,0.0015941944438964128,0.0038095238095238095,0.21523809523809523,-0.004291612654924393,0.008311569690704346,0.0025020733010023832,0.030476190476190476,0.06095238095238095,-0.02660077065229416,0.004583314061164856,0.0018870121566578746,1.0,1.0,0.0,0.0,0.0,0.9942857142857143,0.9942857142857143,-0.029999999329447746,0.029999999329447746,0.0022670666221529245
HUMAN_CONTROL_desk__ycb_pear_wrapper__localpatched_teleop_2026-01-12_14-53-03,/root/repo/cdpr_synth_10hz/videos/HUMAN_CONTROL_desk__ycb_pear_wrapper__localpatched_teleop_2026-01-12_14-53-03/trajectory_data.npz,ok,610,0.001639344262295082,0.05081967213114754,0.004967985209077597,0.0010153045295737684,0.00855542798526585,0.08766377717256546,ee_position,"(610, 6)","(610, 3)",0.003278688524590164,0.14262295081967213,-0.0059761833399534225,0.0024242503568530083,0.0012546837097033858,0.003278688524590164,0.14262295081967213,-0.004857011139392853,0.008433237671852112,0.0024629784747958183,0.02622950819672131,0.06557377049180328,-0.02660077065229416,0.004488199949264526,0.001669929246418178,0.9655737704918033,0.9655737704918033,-0.08726644515991211,0.08726644515991211,0.01619105227291584,0.9967213114754099,0.9967213114754099,-0.029999999329447746,0.029999999329447746,0.001717795035801828
HUMAN_CONTROL_desk__ycb_pear_wrapper__localpatched_teleop_2026-01-12_14-59-18,/root/repo/cdpr_synth_10hz/videos/HUMAN_CONTROL_desk__ycb_pear_wrapper__localpatched_teleop_2026-01-12_14-59-18/trajectory_data.npz,ok,435,0.0022988505747126436,0.07126436781609195,0.002726054983213544,0.0014301396440714598,0.008271650038659572,0.030379250645637512,ee_position,"(435, 6)","(435, 3)",0.004597701149425287,0.19770114942528735,-0.004180788993835449,0.00849926471710205,0.002984332852065563,0.004597701149425287,0.2,-0.0024659261107444763,0.0033316239714622498,0.0011239342857152224,0.0367816091954023,0.09425287356321839,-0.02660077065229416,0.004335179924964905,0.001779794110916555,1.0,1.0,0.0,0.0,0.0,0.993103448275862,0.993103448275862,-0.029999999329447746,0.029999999329447746,0.0024904096499085426
HUMAN_CONTROL_desk__ycb_pear_wrapper__localpatched_teleop_2026-01-12_15-00-14,/root/repo/cdpr_synth_10hz/videos/HUMAN_CONTROL_desk__ycb_pear_wrapper__localpatched_teleop_2026-01-12_15-00-14/trajectory_data.npz,ok,923,0.0010834236186348862,0.03358613217768147,0.005681449081748724,0.0011532724602147937,0.01000228887423873,0.08726914972066879,ee_position,"(923, 6)","(923, 3)",0.0021668472372697724,0.12351029252437704,-0.005375459790229797,0.008236795663833618,0.00222968403249979,0.0021668472372697724,0.14626218851570963,-0.005714379251003265,0.0034188516438007355,0.0011521863052621484,0.01733477789815818,0.03358613217768147,-0.02660077065229416,0.004161626100540161,0.0014227411011233926,0.9566630552546046,0.9566630552546046,-0.08726644515991211,0.08726644515991211,0.01816573180258274,0.9945828819068255,0.9945828819068255,-0.029999999329447746,0.029999999329447746,0.002207792829722166
HUMAN_CONTROL_desk__ycb_pear_wrapper__localpatched_teleop_2026-01-12_15-01-14,/root/repo/cdpr_synth_10hz/videos/HUMAN_CONTROL_desk__ycb_pear_wrapper__localpatched_teleop_2026-01-12_15-01-14/trajectory_data.npz,ok,392,0.002551020408163265,0.08418367346938775,0.0023354750592261553,0.0013118305359967053,0.006919951480813324,0.030449770390987396,ee_position,"(392, 6)","(392, 3)",0.00510204081632653,0.2576530612244898,-0.0004928112030029297,0.007313817739486694,0.002256210893392563,0.00510204081632653,0.25510204081632654,-0.001848910003900528,0.002771615982055664,0.0007836721488274634,0.04081632653061224,0.08418367346938775,-0.02660077065229416,0.0036675557494163513,0.0018007878679782152,1.0,1.0,0.0,0.0,0.0,0.9923469387755102,0.9923469387755102,-0.029999999329447746,0.029999999329447746,0.00262333732098341
HUMAN_CONTROL_desk__ycb_pear_wrapper__localpatched_teleop_2026-01-12_15-01-50,/root/repo/cdpr_synth_10hz/videos/HUMAN_CONTROL_desk__ycb_pear_wrapper__localpatched_teleop_2026-01-12_15-01-50/trajectory_data.npz,ok,598,0.0016722408026755853,0.051839464882943144,0.005397141445428133,0.0009431401849724352,0.009640573197975753,0.0873781144618988,ee_position,"(598, 6)","(598, 3)",0.0033444816053511705,0.18227424749163879,-0.006562739610671997,0.008541405200958252,0.0027827895246446133,0.0033444816053511705,0.1588628762541806,-0.006380200386047363,0.005028925836086273,0.001821113983169198,0.026755852842809364,0.051839464882943144,-0.02660077065229416,0.0036722198128700256,0.001463069231249392,0.9648829431438127,0.9648829431438127,-0.08726644515991211,0.08726644515991211,0.016352685168385506,0.9949832775919732,0.9949832775919732,-0.029999999329447746,0.029999999329447746,0.0021242722868919373
HUMAN_CONTROL_desk__ycb_pear_wrapper__localpatched_teleop_2026-01-12_15-11-29,/root/repo/cdpr_synth_10hz/videos/HUMAN_CONTROL_desk__ycb_pear_wrapper__localpatched_teleop_2026-01-12_15-11-29/trajectory_data.npz,ok,472,0.00211864406779661,0.07627118644067797,0.0052012307569384575,0.0009645626123528928,0.011546302819624543,0.08726976811885834,ee_position,"(472, 6)","(472, 3)",0.006355932203389831,0.24364406779661016,-0.004824291914701462,0.008668571710586548,0.002926858840510249,0.00423728813559322,0.2605932203389831,-0.008251667022705078,0.003393251448869705,0.0025193619076162577,0.03389830508474576,0.07627118644067797,-0.02660077065229416,0.004538357257843018,0.0017848456045612693,0.972457627118644,0.972457627118644,-0.08726644515991211,0.08726644515991211,0.014453114941716194,0.9936440677966102,0.9936440677966102,-0.029999999329447746,0.029999999329447746,0.002390878042206168
HUMAN_CONTROL_desk__ycb_pear_wrapper__localpatched_teleop_2026-01-12_15-12-48,/root/repo/cdpr_synth_10hz/videos/HUMAN_CONTROL_desk__ycb_pear_wrapper__localpatched_teleop_2026-01-12_15-12-48/trajectory_data.npz,ok,526,0.0019011406844106464,0.058935361216730035,0.002951296977698803,0.0012787915766239166,0.009921816177666187,0.030650058761239052,ee_position,"(526, 6)","(526, 3)",0.0038022813688212928,0.17110266159695817,-0.00665457546710968,0.008450329303741455,0.0029051995370537043,0.0038022813688212928,0.2585551330798479,-0.007896125316619873,0.0025548189878463745,0.0024981219321489334,0.030418250950570342,0.08745247148288973,-0.02660077065229416,0.0040668100118637085,0.0015818186802789569,1.0,1.0,0.0,0.0,0.0,0.9942965779467681,0.9942965779467681,-0.029999999329447746,0.029999999329447746,0.0022649120073765516
HUMAN_CONTROL_desk__ycb_pear_wrapper__localpatched_teleop_2026-01-12_15-13-33,/root/repo/cdpr_synth_10hz/videos/HUMAN_CONTROL_desk__ycb_pear_wrapper__localpatched_teleop_2026-01-12_15-13-33/trajectory_data.npz,ok,842,0.0011876484560570072,0.03681710213776722,0.004590914119035006,0.0011476129293441772,0.009691909234970802,0.08726894110441208,ee_position,"(842, 6)","(842, 3)",0.0023752969121140144,0.1330166270783848,-0.0020753126591444016,0.008579164743423462,0.0020752069540321827,0.0023752969121140144,0.1163895486935867,-0.006699413061141968,0.0027352720499038696,0.0014278958551585674,0.019002375296912115,0.04156769596199525,-0.02660077065229416,0.0048558712005615234,0.0015288277063518763,0.9703087885985748,0.9703087885985748,-0.08726644515991211,0.08726644515991211,0.015036644414067268,0.994061757719715,0.994061757719715,-0.029999999329447746,0.029999999329447746,0.0023115251678973436
HUMAN_CONTROL_desk__ycb_pear_wrapper__localpatched_teleop_2026-01-12_15-14-30,/root/repo/cdpr_synth_10hz/videos/HUMAN_CONTROL_desk__ycb_pear_wrapper__localpatched_teleop_2026-01-12_15-14-30/trajectory_data.npz,ok,420,0.002380952380952381,0.08095238095238096,0.0025702856946736574,0.0012552132830023766,0.009203919768333435,0.030103763565421104,ee_position,"(420, 6)","(420, 3)",0.004761904761904762,0.24047619047619048,-0.00043333321809768677,0.0075736939907073975,0.001987862167879939,0.004761904761904762,0.2523809523809524,-0.008171916007995605,0.001783730462193489,0.002441338263452053,0.0380952380952381,0.08571428571428572,-0.02660077065229416,0.0036740824580192566,0.0017561472486704588,1.0,1.0,0.0,0.0,0.0,0.9928571428571429,0.9928571428571429,-0.029999999329447746,0.029999999329447746,0.0025344565510749817
HUMAN_CONTROL_desk__ycb_pear_wrapper__localpatched_teleop_2026-01-12_15-15-48,/root/repo/cdpr_synth_10hz/videos/HUMAN_CONTROL_desk__ycb_pear_wrapper__localpatched_teleop_2026-01-12_15-15-48/trajectory_data.npz,ok,426,0.002347417840375587,0.07276995305164319,0.0027850139886140823,0.000982134137302637,0.008569046389311552,0.030256325379014015,ee_position,"(426, 6)","(426, 3)",0.004694835680751174,0.25586854460093894,-0.005633369088172913,0.0032551810145378113,0.0015471854712814093,0.004694835680751174,0.19718309859154928,-0.008538782596588135,0.003139875829219818,0.0030656366143375635,0.03755868544600939,0.13380281690140844,-0.02660077065229416,0.003695756196975708,0.001761852065101266,1.0,1.0,0.0,0.0,0.0,0.9929577464788732,0.9929577464788732,-0.029999999329447746,0.029999999329447746,0.002516558626666665
HUMAN_CONTROL_desk__ycb_pear_wrapper__localpatched_teleop_2026-01-12_15-16-58,/root/repo/cdpr_synth_10hz/videos/HUMAN_CONTROL_desk__ycb_pear_wrapper__localpatched_teleop_2026-01-12_15-16-58/trajectory_data.npz,ok,481,0.002079002079002079,0.06444906444906445,0.007639558985829353,0.0015350952744483948,0.08726700395345688,0.08744026720523834,ee_position,"(481, 6)","(481, 3)",0.004158004158004158,0.2079002079002079,-0.004595711827278137,0.004434607923030853,0.0012177320895716548,0.004158004158004158,0.2079002079002079,-0.008176982402801514,0.0012077093124389648,0.0024012697394937277,0.033264033264033266,0.06860706860706861,-0.02660077065229416,0.004918694496154785,0.0018585664220154285,0.9397089397089398,0.9397089397089398,-0.08726644515991211,0.08726644515991211,0.021426841616630554,0.9937629937629938,0.9937629937629938,-0.029999999329447746,0.029999999329447746,0.002368420595303178
HUMAN_CONTROL_desk__ycb_pear_wrapper__localpatched_teleop_2026-01-12_15-17-53,/root/repo/cdpr_synth_10hz/videos/HUMAN_CONTROL_desk__ycb_pear_wrapper__localpatched_teleop_2026-01-12_15-17-53/trajectory_data.npz,ok,489,0.002044989775051125,0.06339468302658487,0.002558242529630661,0.0008793845190666616,0.008956880308687685,0.03046416863799095,ee_position,"(489, 6)","(489, 3)",0.00408997955010225,0.20449897750511248,-0.006474755704402924,0.006948873400688171,0.002165948273614049,0.00408997955010225,0.19631901840490798,-0.008339077234268188,0.002998076379299164,0.0026193512603640556,0.032719836400818,0.06339468302658487,-0.02660077065229416,0.004350066184997559,0.0017025874694809318,1.0,1.0,0.0,0.0,0.0,0.9938650306748467,0.9938650306748467,-0.029999999329447746,0.029999999329447746,0.002348980400711298
HUMAN_CONTROL_desk__ycb_pear_wrapper__localpatched_teleop_2026-01-12_15-19-02,/root/repo/cdpr_synth_10hz/videos/HUMAN_CONTROL_desk__ycb_pear_wrapper__localpatched_teleop_2026-01-12_15-19-02/trajectory_data.npz,ok,495,0.00202020202020202,0.06262626262626263,0.004388676956295967,0.0009124316857196391,0.008199496567249297,0.08764337003231049,ee_position,"(495, 6)","(495, 3)",0.00404040404040404,0.2080808080808081,-0.0017838436178863049,0.00150282122194767,0.0004895678721368313,0.00404040404040404,0.19393939393939394,-0.008286356925964355,0.0016118288040161133,0.002491859020665288,0.03232323232323232,0.06262626262626263,-0.02660077065229416,0.004134282469749451,0.0017674238188192248,0.9737373737373738,0.9737373737373738,-0.08726644515991211,0.08726644515991211,0.014141080901026726,0.9939393939393939,0.9939393939393939,-0.029999999329447746,0.029999999329447746,0.0023347102105617523
HUMAN_CONTROL_desk__ycb_pear_wrapper__localpatched_teleop_2026-01-12_15-26-04,/root/repo/cdpr_synth_10hz/videos/HUMAN_CONTROL_desk__ycb_pear_wrapper__localpatched_teleop_2026-01-12_15-26-04/trajectory_data.npz,ok,472,0.00211864406779661,0.1038135593220339,0.002846529008820653,0.000800116133177653,0.010231884662061928,0.030291108414530754,ee_position,"(472, 6)","(472, 3)",0.00423728813559322,0.23940677966101695,-0.007319614291191101,0.004774771630764008,0.002149178646504879,0.00423728813559322,0.2521186440677966,-0.008603304624557495,0.004515320062637329,0.0029965403955429792,0.03389830508474576,0.10805084745762712,-0.02660077065229416,0.004068896174430847,0.00175742048304528,1.0,1.0,0.0,0.0,0.0,0.9936440677966102,0.9936440677966102,-0.029999999329447746,0.029999999329447746,0.0023908778093755245
HUMAN_CONTROL_desk__ycb_pear_wrapper__localpatched_teleop_2026-01-12_15-26-59,/root/repo/cdpr_synth_10hz/videos/HUMAN_CONTROL_desk__ycb_pear_wrapper__localpatched_teleop_2026-01-12_15-26-59/trajectory_data.npz,ok,429,0.002331002331002331,0.07226107226107226,0.004144991282373667,0.0018779098754748702,0.010585786774754524,0.08726854622364044,ee_position,"(429, 6)","(429, 3)",0.004662004662004662,0.20745920745920746,-0.007015496492385864,0.0024154754355549812,0.002302777487784624,0.004662004662004662,0.19813519813519814,-0.008672475814819336,0.004759378731250763,0.003381919814273715,0.037296037296037296,0.07226107226107226,-0.02660077065229416,0.0029461532831192017,0.0017377771437168121,0.9906759906759907,0.9906759906759907,0.0,0.08726644515991211,0.008387151174247265,0.993006993006993,0.993006993006993,-0.029999999329447746,0.029999999329447746,0.0025077511090785265
HUMAN_CONTROL_desk__ycb_pear_wrapper__localpatched_teleop_2026-01-12_15-27-57,/root/repo/cdpr_synth_10hz/videos/HUMAN_CONTROL_desk__ycb_pear_wrapper__localpatched_teleop_2026-01-12_15-27-57/trajectory_data.npz,ok,388,0.002577319587628866,0.07989690721649484,0.002973151160404086,0.001536525145638734,0.009395093051716685,0.030297767370939255,ee_position,"(388, 6)","(388, 3)",0.005154639175257732,0.23195876288659795,-0.006832718849182129,0.0007106363773345947,0.001810056739486754,0.005154639175257732,0.2345360824742268,-0.008456110954284668,0.002818259410560131,0.002847683383151889,0.041237113402061855,0.09020618556701031,-0.02660077065229416,0.003909483551979065,0.001787071698345244,1.0,1.0,0.0,0.0,0.0,0.9922680412371134,0.9922680412371134,-0.029999999329447746,0.029999999329447746,0.002636813325807452
HUMAN_CONTROL_desk__ycb_pear_wrapper__localpatched_teleop_2026-01-12_15-28-31,/root/repo/cdpr_synth_10hz/videos/HUMAN_CONTROL_desk__ycb_pear_wrapper__localpatched_teleop_2026-01-12_15-28-31/trajectory_data.npz,ok,537,0.00186219739292365,0.05772811918063315,0.005265063140541315,0.0015496127307415009,0.011240481957793235,0.08727892488241196,ee_position,"(537, 6)","(537, 3)",0.0037243947858473,0.16759776536312848,-0.008590757846832275,0.003891594707965851,0.0028896983712911606,0.0037243947858473,0.17318435754189945,-0.00804300606250763,0.002147708088159561,0.0021984309423714876,0.0297951582867784,0.05772811918063315,-0.02660077065229416,0.003626912832260132,0.0015520928427577019,0.9702048417132216,0.9702048417132216,-0.08726644515991211,0.08726644515991211,0.015063300728797913,0.994413407821229,0.994413407821229,-0.029999999329447746,0.029999999329447746,0.0022416093852370977
HUMAN_CONTROL_desk__ycb_rubiks_cube_wrapper__localpatched_teleop_2025-12-26_10-18-44,/root/repo/cdpr_synth_10hz/videos/HUMAN_CONTROL_desk__ycb_rubiks_cube_wrapper__localpatched_teleop_2025-12-26_10-18-44/trajectory_data.npz,ok,614,0.0016286644951140066,0.07654723127035831,0.0037190488073974848,0.0006208454433362931,0.006906028301455084,0.08734549582004547,ee_position,"(614, 6)","(614, 3)",0.003257328990228013,0.21335504885993486,-0.00542081892490387,0.00010044872760772705,0.0009660886134952307,0.003257328990228013,0.2182410423452769,-0.005593068897724152,0.0009940266609191895,0.0010146046988666058,0.026058631921824105,0.07654723127035831,-0.02660077065229416,0.006498292088508606,0.0021947717759758234,0.9755700325732899,0.9755700325732899,-0.08726644515991211,0.08726644515991211,0.013639083132147789,0.996742671009772,0.996742671009772,-0.029999999329447746,0.029999999329447746,0.0017121904529631138
